iso3c,country,year,value
AFE,Africa Eastern and Southern,2024,
AFE,Africa Eastern and Southern,2023,
AFE,Africa Eastern and Southern,2022,16.2898850190604
AFE,Africa Eastern and Southern,2021,14.5800898622615
AFE,Africa Eastern and Southern,2020,15.4409797009507
AFE,Africa Eastern and Southern,2019,15.4905337942321
AFE,Africa Eastern and Southern,2018,15.1559232839483
AFE,Africa Eastern and Southern,2017,17.0557769740881
AFE,Africa Eastern and Southern,2016,19.313244724334
AFE,Africa Eastern and Southern,2015,19.6020290936578
AFE,Africa Eastern and Southern,2014,18.0792423311522
AFE,Africa Eastern and Southern,2013,18.9797117372964
AFE,Africa Eastern and Southern,2012,16.8373392739657
AFE,Africa Eastern and Southern,2011,17.0499921351255
AFE,Africa Eastern and Southern,2010,17.5147331018248
AFE,Africa Eastern and Southern,2009,18.1894739219961
AFE,Africa Eastern and Southern,2008,20.9453951552661
AFE,Africa Eastern and Southern,2007,20.7850365997764
AFE,Africa Eastern and Southern,2006,20.1715268187013
AFE,Africa Eastern and Southern,2005,19.8054924165415
AFE,Africa Eastern and Southern,2004,19.9219376846568
AFE,Africa Eastern and Southern,2003,20.9185241583355
AFE,Africa Eastern and Southern,2002,23.683169155667
AFE,Africa Eastern and Southern,2001,23.1515068824761
AFE,Africa Eastern and Southern,2000,22.5693274472858
AFW,Africa Western and Central,2024,
AFW,Africa Western and Central,2023,
AFW,Africa Western and Central,2022,60.8721302093416
AFW,Africa Western and Central,2021,60.0604419414937
AFW,Africa Western and Central,2020,58.0491007249932
AFW,Africa Western and Central,2019,59.2697673862619
AFW,Africa Western and Central,2018,62.4282591095325
AFW,Africa Western and Central,2017,63.6266402531422
AFW,Africa Western and Central,2016,63.0250679190985
AFW,Africa Western and Central,2015,61.7632918335577
AFW,Africa Western and Central,2014,62.4109710364386
AFW,Africa Western and Central,2013,61.9134874484727
AFW,Africa Western and Central,2012,62.9973983815971
AFW,Africa Western and Central,2011,63.4933509537817
AFW,Africa Western and Central,2010,65.2313203732905
AFW,Africa Western and Central,2009,64.5817872558361
AFW,Africa Western and Central,2008,65.390399963317
AFW,Africa Western and Central,2007,64.5536933921873
AFW,Africa Western and Central,2006,64.3601641387655
AFW,Africa Western and Central,2005,61.2065304029202
AFW,Africa Western and Central,2004,62.2022660860623
AFW,Africa Western and Central,2003,67.2679431152429
AFW,Africa Western and Central,2002,62.7981072354596
AFW,Africa Western and Central,2001,61.3748658630772
AFW,Africa Western and Central,2000,62.0721910229234
ARB,Arab World,2024,
ARB,Arab World,2023,
ARB,Arab World,2022,25.8831165635637
ARB,Arab World,2021,24.8045322911495
ARB,Arab World,2020,25.1433205883501
ARB,Arab World,2019,26.833303001128
ARB,Arab World,2018,28.3017721277805
ARB,Arab World,2017,27.8238002679315
ARB,Arab World,2016,28.749757323459
ARB,Arab World,2015,31.0175377910139
ARB,Arab World,2014,29.0578284346973
ARB,Arab World,2013,30.6548863102255
ARB,Arab World,2012,31.4481993098067
ARB,Arab World,2011,30.8525812720448
ARB,Arab World,2010,32.9417624523024
ARB,Arab World,2009,31.9675012158551
ARB,Arab World,2008,34.5945269353031
ARB,Arab World,2007,34.8260621976985
ARB,Arab World,2006,34.418361821813
ARB,Arab World,2005,35.1588917118991
ARB,Arab World,2004,35.6411908958855
ARB,Arab World,2003,35.9202963772549
ARB,Arab World,2002,36.5111913752995
ARB,Arab World,2001,35.9799650894523
ARB,Arab World,2000,37.8126434366992
CSS,Caribbean small states,2024,
CSS,Caribbean small states,2023,
CSS,Caribbean small states,2022,38.039608450064
CSS,Caribbean small states,2021,37.0142834284195
CSS,Caribbean small states,2020,35.3594917541979
CSS,Caribbean small states,2019,37.6873386737973
CSS,Caribbean small states,2018,37.5515117192582
CSS,Caribbean small states,2017,35.5200464594258
CSS,Caribbean small states,2016,37.5413668493279
CSS,Caribbean small states,2015,37.0123601787928
CSS,Caribbean small states,2014,37.97180541237
CSS,Caribbean small states,2013,38.0338968579372
CSS,Caribbean small states,2012,38.5852578053946
CSS,Caribbean small states,2011,38.8234183587407
CSS,Caribbean small states,2010,38.5430182181978
CSS,Caribbean small states,2009,38.4656238438036
CSS,Caribbean small states,2008,38.7925590760274
CSS,Caribbean small states,2007,39.7524742565505
CSS,Caribbean small states,2006,39.0558368483579
CSS,Caribbean small states,2005,38.2977420899855
CSS,Caribbean small states,2004,39.9505902139427
CSS,Caribbean small states,2003,38.6960904431604
CSS,Caribbean small states,2002,39.8311629842874
CSS,Caribbean small states,2001,39.7743918218654
CSS,Caribbean small states,2000,40.5865781881901
CEB,Central Europe and the Baltics,2024,
CEB,Central Europe and the Baltics,2023,
CEB,Central Europe and the Baltics,2022,19.8387671390492
CEB,Central Europe and the Baltics,2021,19.6365275401426
CEB,Central Europe and the Baltics,2020,19.2418593581026
CEB,Central Europe and the Baltics,2019,20.4826804476695
CEB,Central Europe and the Baltics,2018,20.7044008046315
CEB,Central Europe and the Baltics,2017,21.9421647827234
CEB,Central Europe and the Baltics,2016,22.0222941068978
CEB,Central Europe and the Baltics,2015,22.123609483698
CEB,Central Europe and the Baltics,2014,21.8394478419726
CEB,Central Europe and the Baltics,2013,22.3875267784191
CEB,Central Europe and the Baltics,2012,23.1244532454626
CEB,Central Europe and the Baltics,2011,22.6790433350502
CEB,Central Europe and the Baltics,2010,21.9576047227179
CEB,Central Europe and the Baltics,2009,22.3358856254759
CEB,Central Europe and the Baltics,2008,22.3411454018958
CEB,Central Europe and the Baltics,2007,22.9237666048469
CEB,Central Europe and the Baltics,2006,22.9156033360711
CEB,Central Europe and the Baltics,2005,22.8177367217718
CEB,Central Europe and the Baltics,2004,23.8585191771942
CEB,Central Europe and the Baltics,2003,21.9052150811088
CEB,Central Europe and the Baltics,2002,22.3025494915917
CEB,Central Europe and the Baltics,2001,23.735407558257
CEB,Central Europe and the Baltics,2000,23.8135112741199
EAR,Early-demographic dividend,2024,
EAR,Early-demographic dividend,2023,
EAR,Early-demographic dividend,2022,33.9523824035095
EAR,Early-demographic dividend,2021,32.5745514528162
EAR,Early-demographic dividend,2020,33.1506544273646
EAR,Early-demographic dividend,2019,34.8434704534949
EAR,Early-demographic dividend,2018,35.045088281659
EAR,Early-demographic dividend,2017,34.4966934921422
EAR,Early-demographic dividend,2016,37.4045312191122
EAR,Early-demographic dividend,2015,37.5400151630211
EAR,Early-demographic dividend,2014,37.306954348733
EAR,Early-demographic dividend,2013,38.582002817581
EAR,Early-demographic dividend,2012,38.2204823436572
EAR,Early-demographic dividend,2011,38.8574450507197
EAR,Early-demographic dividend,2010,40.2180144263307
EAR,Early-demographic dividend,2009,39.9128479513929
EAR,Early-demographic dividend,2008,41.6701712610448
EAR,Early-demographic dividend,2007,43.2324706182081
EAR,Early-demographic dividend,2006,43.8180849166496
EAR,Early-demographic dividend,2005,44.7742640722542
EAR,Early-demographic dividend,2004,43.5858232705247
EAR,Early-demographic dividend,2003,44.5340701386193
EAR,Early-demographic dividend,2002,45.7366110452512
EAR,Early-demographic dividend,2001,44.0762519599213
EAR,Early-demographic dividend,2000,42.571573053748
EAS,East Asia & Pacific,2024,
EAS,East Asia & Pacific,2023,
EAS,East Asia & Pacific,2022,25.4576233938874
EAS,East Asia & Pacific,2021,25.2462319445333
EAS,East Asia & Pacific,2020,25.2195688681694
EAS,East Asia & Pacific,2019,25.8427721273817
EAS,East Asia & Pacific,2018,26.1569399879929
EAS,East Asia & Pacific,2017,25.7745477819903
EAS,East Asia & Pacific,2016,25.372748845931
EAS,East Asia & Pacific,2015,25.679483952546
EAS,East Asia & Pacific,2014,25.3770630540208
EAS,East Asia & Pacific,2013,25.499569990027
EAS,East Asia & Pacific,2012,24.3339180166149
EAS,East Asia & Pacific,2011,23.9588175993588
EAS,East Asia & Pacific,2010,24.9924437282942
EAS,East Asia & Pacific,2009,25.3532692765265
EAS,East Asia & Pacific,2008,26.2174544729577
EAS,East Asia & Pacific,2007,26.5232089132611
EAS,East Asia & Pacific,2006,27.2881097834675
EAS,East Asia & Pacific,2005,26.1450877655408
EAS,East Asia & Pacific,2004,25.7398343377077
EAS,East Asia & Pacific,2003,26.0835292992275
EAS,East Asia & Pacific,2002,25.329673874068
EAS,East Asia & Pacific,2001,24.5540947041162
EAS,East Asia & Pacific,2000,23.4787248541877
EAP,East Asia & Pacific (excluding high income),2024,
EAP,East Asia & Pacific (excluding high income),2023,
EAP,East Asia & Pacific (excluding high income),2022,33.4554313714399
EAP,East Asia & Pacific (excluding high income),2021,33.7742873382038
EAP,East Asia & Pacific (excluding high income),2020,34.5695166453309
EAP,East Asia & Pacific (excluding high income),2019,35.193871152098
EAP,East Asia & Pacific (excluding high income),2018,35.7264719949008
EAP,East Asia & Pacific (excluding high income),2017,36.0212352263828
EAP,East Asia & Pacific (excluding high income),2016,35.9573306104175
EAP,East Asia & Pacific (excluding high income),2015,35.4249142496481
EAP,East Asia & Pacific (excluding high income),2014,36.7767282421296
EAP,East Asia & Pacific (excluding high income),2013,38.6022588043819
EAP,East Asia & Pacific (excluding high income),2012,39.7454016082463
EAP,East Asia & Pacific (excluding high income),2011,40.7061486887686
EAP,East Asia & Pacific (excluding high income),2010,41.2966201783906
EAP,East Asia & Pacific (excluding high income),2009,42.6259826456756
EAP,East Asia & Pacific (excluding high income),2008,45.6270505287095
EAP,East Asia & Pacific (excluding high income),2007,48.3854847065534
EAP,East Asia & Pacific (excluding high income),2006,52.3233285576816
EAP,East Asia & Pacific (excluding high income),2005,54.4749655142422
EAP,East Asia & Pacific (excluding high income),2004,54.4921013382525
EAP,East Asia & Pacific (excluding high income),2003,55.9784598926022
EAP,East Asia & Pacific (excluding high income),2002,57.8393412853835
EAP,East Asia & Pacific (excluding high income),2001,58.6017322420757
EAP,East Asia & Pacific (excluding high income),2000,55.7731643862664
TEA,East Asia & Pacific (IDA & IBRD countries),2024,
TEA,East Asia & Pacific (IDA & IBRD countries),2023,
TEA,East Asia & Pacific (IDA & IBRD countries),2022,33.4540721666921
TEA,East Asia & Pacific (IDA & IBRD countries),2021,33.7730952297424
TEA,East Asia & Pacific (IDA & IBRD countries),2020,34.5683155134701
TEA,East Asia & Pacific (IDA & IBRD countries),2019,35.1925201657652
TEA,East Asia & Pacific (IDA & IBRD countries),2018,35.7251223168721
TEA,East Asia & Pacific (IDA & IBRD countries),2017,36.0197618884028
TEA,East Asia & Pacific (IDA & IBRD countries),2016,35.9558571792034
TEA,East Asia & Pacific (IDA & IBRD countries),2015,35.4235327605623
TEA,East Asia & Pacific (IDA & IBRD countries),2014,36.7752873415905
TEA,East Asia & Pacific (IDA & IBRD countries),2013,38.600593826755
TEA,East Asia & Pacific (IDA & IBRD countries),2012,39.7435622691684
TEA,East Asia & Pacific (IDA & IBRD countries),2011,40.7044014695323
TEA,East Asia & Pacific (IDA & IBRD countries),2010,41.2943383799886
TEA,East Asia & Pacific (IDA & IBRD countries),2009,42.6236253989458
TEA,East Asia & Pacific (IDA & IBRD countries),2008,45.6235355507391
TEA,East Asia & Pacific (IDA & IBRD countries),2007,48.3808217614932
TEA,East Asia & Pacific (IDA & IBRD countries),2006,52.3179922496635
TEA,East Asia & Pacific (IDA & IBRD countries),2005,54.4686380949574
TEA,East Asia & Pacific (IDA & IBRD countries),2004,54.4855474294503
TEA,East Asia & Pacific (IDA & IBRD countries),2003,55.9718386819073
TEA,East Asia & Pacific (IDA & IBRD countries),2002,57.831558552381
TEA,East Asia & Pacific (IDA & IBRD countries),2001,58.5918107975553
TEA,East Asia & Pacific (IDA & IBRD countries),2000,55.7621232599946
EMU,Euro area,2024,
EMU,Euro area,2023,
EMU,Euro area,2022,13.978894230965
EMU,Euro area,2021,14.213444617554
EMU,Euro area,2020,14.1338520420391
EMU,Euro area,2019,15.5414568629508
EMU,Euro area,2018,15.5617966157521
EMU,Euro area,2017,15.5749607655906
EMU,Euro area,2016,15.563871338001
EMU,Euro area,2015,15.7427394928169
EMU,Euro area,2014,15.7154021649113
EMU,Euro area,2013,15.7737577088375
EMU,Euro area,2012,15.8212760375114
EMU,Euro area,2011,15.696477657319
EMU,Euro area,2010,15.44083824083
EMU,Euro area,2009,15.3288878563475
EMU,Euro area,2008,15.8105107542072
EMU,Euro area,2007,15.7236494052466
EMU,Euro area,2006,15.7841120307459
EMU,Euro area,2005,15.4044315702044
EMU,Euro area,2004,15.5429917932006
EMU,Euro area,2003,15.2300062470782
EMU,Euro area,2002,15.1514953246761
EMU,Euro area,2001,15.1518429072223
EMU,Euro area,2000,15.4122174794949
ECS,Europe & Central Asia,2024,
ECS,Europe & Central Asia,2023,
ECS,Europe & Central Asia,2022,15.9211321082826
ECS,Europe & Central Asia,2021,15.7493630204304
ECS,Europe & Central Asia,2020,15.335145783882
ECS,Europe & Central Asia,2019,17.4889345096837
ECS,Europe & Central Asia,2018,17.4527842288017
ECS,Europe & Central Asia,2017,17.5309756227692
ECS,Europe & Central Asia,2016,17.306303742849
ECS,Europe & Central Asia,2015,17.4880507391171
ECS,Europe & Central Asia,2014,17.5813290159696
ECS,Europe & Central Asia,2013,17.8348910419064
ECS,Europe & Central Asia,2012,17.5552109544029
ECS,Europe & Central Asia,2011,17.2313384442442
ECS,Europe & Central Asia,2010,16.9570186135962
ECS,Europe & Central Asia,2009,16.6192338773044
ECS,Europe & Central Asia,2008,17.1780727194591
ECS,Europe & Central Asia,2007,17.1515772757934
ECS,Europe & Central Asia,2006,16.8113135345243
ECS,Europe & Central Asia,2005,16.6560944013152
ECS,Europe & Central Asia,2004,16.8693835480695
ECS,Europe & Central Asia,2003,16.7156570569544
ECS,Europe & Central Asia,2002,16.9072875968006
ECS,Europe & Central Asia,2001,17.1072165816506
ECS,Europe & Central Asia,2000,17.2885197691692
ECA,Europe & Central Asia (excluding high income),2024,
ECA,Europe & Central Asia (excluding high income),2023,
ECA,Europe & Central Asia (excluding high income),2022,35.1215665133645
ECA,Europe & Central Asia (excluding high income),2021,33.0462652322672
ECA,Europe & Central Asia (excluding high income),2020,32.6790660107795
ECA,Europe & Central Asia (excluding high income),2019,34.3599776790053
ECA,Europe & Central Asia (excluding high income),2018,34.1555043247847
ECA,Europe & Central Asia (excluding high income),2017,32.5826263803933
ECA,Europe & Central Asia (excluding high income),2016,31.4917513618475
ECA,Europe & Central Asia (excluding high income),2015,32.0028336303755
ECA,Europe & Central Asia (excluding high income),2014,31.5787735597807
ECA,Europe & Central Asia (excluding high income),2013,31.8477028461235
ECA,Europe & Central Asia (excluding high income),2012,30.4049914735362
ECA,Europe & Central Asia (excluding high income),2011,30.0580317809624
ECA,Europe & Central Asia (excluding high income),2010,28.7663272189914
ECA,Europe & Central Asia (excluding high income),2009,26.080593293375
ECA,Europe & Central Asia (excluding high income),2008,28.9648759562323
ECA,Europe & Central Asia (excluding high income),2007,31.020819193513
ECA,Europe & Central Asia (excluding high income),2006,31.3033009952165
ECA,Europe & Central Asia (excluding high income),2005,31.6998826867369
ECA,Europe & Central Asia (excluding high income),2004,30.1212999409548
ECA,Europe & Central Asia (excluding high income),2003,28.7871062538271
ECA,Europe & Central Asia (excluding high income),2002,30.3896983288883
ECA,Europe & Central Asia (excluding high income),2001,33.0980136866607
ECA,Europe & Central Asia (excluding high income),2000,34.8792200763222
TEC,Europe & Central Asia (IDA & IBRD countries),2024,
TEC,Europe & Central Asia (IDA & IBRD countries),2023,
TEC,Europe & Central Asia (IDA & IBRD countries),2022,27.805120316388
TEC,Europe & Central Asia (IDA & IBRD countries),2021,28.0715585950165
TEC,Europe & Central Asia (IDA & IBRD countries),2020,26.080350107548
TEC,Europe & Central Asia (IDA & IBRD countries),2019,31.5932067184353
TEC,Europe & Central Asia (IDA & IBRD countries),2018,32.2816895968427
TEC,Europe & Central Asia (IDA & IBRD countries),2017,33.3334194106559
TEC,Europe & Central Asia (IDA & IBRD countries),2016,32.6220203461427
TEC,Europe & Central Asia (IDA & IBRD countries),2015,32.4261380170953
TEC,Europe & Central Asia (IDA & IBRD countries),2014,31.5513197651475
TEC,Europe & Central Asia (IDA & IBRD countries),2013,31.4950611297353
TEC,Europe & Central Asia (IDA & IBRD countries),2012,30.653333697472
TEC,Europe & Central Asia (IDA & IBRD countries),2011,30.6195095389841
TEC,Europe & Central Asia (IDA & IBRD countries),2010,30.1083509412115
TEC,Europe & Central Asia (IDA & IBRD countries),2009,28.9394364059796
TEC,Europe & Central Asia (IDA & IBRD countries),2008,28.6071936601408
TEC,Europe & Central Asia (IDA & IBRD countries),2007,29.4815390007843
TEC,Europe & Central Asia (IDA & IBRD countries),2006,29.7925654738583
TEC,Europe & Central Asia (IDA & IBRD countries),2005,30.1062303700071
TEC,Europe & Central Asia (IDA & IBRD countries),2004,30.8087217657933
TEC,Europe & Central Asia (IDA & IBRD countries),2003,29.3002220717798
TEC,Europe & Central Asia (IDA & IBRD countries),2002,29.2624817422022
TEC,Europe & Central Asia (IDA & IBRD countries),2001,30.4862855032268
TEC,Europe & Central Asia (IDA & IBRD countries),2000,31.5212436208885
EUU,European Union,2024,
EUU,European Union,2023,
EUU,European Union,2022,14.2744520312091
EUU,European Union,2021,14.4475839512274
EUU,European Union,2020,14.3574273062413
EUU,European Union,2019,15.712679256815
EUU,European Union,2018,15.7398536861675
EUU,European Union,2017,15.820392294163
EUU,European Union,2016,15.8154718385482
EUU,European Union,2015,15.9936473596273
EUU,European Union,2014,15.9486938514292
EUU,European Union,2013,16.0170352041095
EUU,European Union,2012,16.1037190942039
EUU,European Union,2011,15.9793853742151
EUU,European Union,2010,15.7648361162855
EUU,European Union,2009,15.6656740807016
EUU,European Union,2008,16.1432007349478
EUU,European Union,2007,16.0494548978983
EUU,European Union,2006,16.0880609888342
EUU,European Union,2005,15.7409341692279
EUU,European Union,2004,15.8751472747046
EUU,European Union,2003,15.5045215334338
EUU,European Union,2002,15.4721026767579
EUU,European Union,2001,15.5456361976518
EUU,European Union,2000,15.6883439627435
FCS,Fragile and conflict affected situations,2024,
FCS,Fragile and conflict affected situations,2023,
FCS,Fragile and conflict affected situations,2022,52.5644478520044
FCS,Fragile and conflict affected situations,2021,51.2543558534489
FCS,Fragile and conflict affected situations,2020,51.4319881055586
FCS,Fragile and conflict affected situations,2019,51.3514462801987
FCS,Fragile and conflict affected situations,2018,52.1705376179871
FCS,Fragile and conflict affected situations,2017,56.0982136085409
FCS,Fragile and conflict affected situations,2016,54.4423450800247
FCS,Fragile and conflict affected situations,2015,58.4813168983823
FCS,Fragile and conflict affected situations,2014,55.7762695012265
FCS,Fragile and conflict affected situations,2013,54.9270556652713
FCS,Fragile and conflict affected situations,2012,54.2853075557871
FCS,Fragile and conflict affected situations,2011,53.3446437914422
FCS,Fragile and conflict affected situations,2010,52.8196204293884
FCS,Fragile and conflict affected situations,2009,51.2654183131645
FCS,Fragile and conflict affected situations,2008,51.7677686673311
FCS,Fragile and conflict affected situations,2007,51.8407688139684
FCS,Fragile and conflict affected situations,2006,52.6769375242786
FCS,Fragile and conflict affected situations,2005,51.156392564626
FCS,Fragile and conflict affected situations,2004,51.7118013882991
FCS,Fragile and conflict affected situations,2003,56.1953186636901
FCS,Fragile and conflict affected situations,2002,53.2314600988584
FCS,Fragile and conflict affected situations,2001,53.2647718370665
FCS,Fragile and conflict affected situations,2000,54.9027149123437
HPC,Heavily indebted poor countries (HIPC),2024,
HPC,Heavily indebted poor countries (HIPC),2023,
HPC,Heavily indebted poor countries (HIPC),2022,38.9404774218266
HPC,Heavily indebted poor countries (HIPC),2021,38.3267198618454
HPC,Heavily indebted poor countries (HIPC),2020,38.4649868553091
HPC,Heavily indebted poor countries (HIPC),2019,40.1196714228756
HPC,Heavily indebted poor countries (HIPC),2018,40.5206442532373
HPC,Heavily indebted poor countries (HIPC),2017,41.6616403534107
HPC,Heavily indebted poor countries (HIPC),2016,43.2035307860025
HPC,Heavily indebted poor countries (HIPC),2015,44.2229525449917
HPC,Heavily indebted poor countries (HIPC),2014,43.3533859340372
HPC,Heavily indebted poor countries (HIPC),2013,44.7030661377806
HPC,Heavily indebted poor countries (HIPC),2012,43.0475395335517
HPC,Heavily indebted poor countries (HIPC),2011,43.9141029185853
HPC,Heavily indebted poor countries (HIPC),2010,44.9488045203612
HPC,Heavily indebted poor countries (HIPC),2009,45.0278226754825
HPC,Heavily indebted poor countries (HIPC),2008,48.526780597298
HPC,Heavily indebted poor countries (HIPC),2007,48.826106590471
HPC,Heavily indebted poor countries (HIPC),2006,47.7137604182952
HPC,Heavily indebted poor countries (HIPC),2005,47.6084228480081
HPC,Heavily indebted poor countries (HIPC),2004,50.8416122218427
HPC,Heavily indebted poor countries (HIPC),2003,51.6842714313751
HPC,Heavily indebted poor countries (HIPC),2002,52.8540343030992
HPC,Heavily indebted poor countries (HIPC),2001,51.8785256398653
HPC,Heavily indebted poor countries (HIPC),2000,52.2803051526594
IBD,IBRD only,2024,
IBD,IBRD only,2023,
IBD,IBRD only,2022,32.2772521099811
IBD,IBRD only,2021,32.2162779009655
IBD,IBRD only,2020,32.4482536218981
IBD,IBRD only,2019,33.6410108569524
IBD,IBRD only,2018,33.8528459830283
IBD,IBRD only,2017,33.8367224419815
IBD,IBRD only,2016,34.8031222218848
IBD,IBRD only,2015,34.6534432935588
IBD,IBRD only,2014,35.0666577275659
IBD,IBRD only,2013,35.9025167344419
IBD,IBRD only,2012,36.099400390647
IBD,IBRD only,2011,36.0937500857356
IBD,IBRD only,2010,36.5928681660149
IBD,IBRD only,2009,37.3576389822795
IBD,IBRD only,2008,38.1276258568458
IBD,IBRD only,2007,40.0632268237732
IBD,IBRD only,2006,41.8909112707363
IBD,IBRD only,2005,43.3976230450426
IBD,IBRD only,2004,43.6288074712985
IBD,IBRD only,2003,44.5678395526918
IBD,IBRD only,2002,45.6522008015681
IBD,IBRD only,2001,45.1203073499273
IBD,IBRD only,2000,43.4806548308405
IBT,IDA & IBRD total,2024,
IBT,IDA & IBRD total,2023,
IBT,IDA & IBRD total,2022,33.285579016615
IBT,IDA & IBRD total,2021,33.1529839604752
IBT,IDA & IBRD total,2020,33.4103727819643
IBT,IDA & IBRD total,2019,34.5367627192954
IBT,IDA & IBRD total,2018,34.8012148648605
IBT,IDA & IBRD total,2017,34.8772280061343
IBT,IDA & IBRD total,2016,35.9301127639722
IBT,IDA & IBRD total,2015,35.8303917271789
IBT,IDA & IBRD total,2014,36.1368702167405
IBT,IDA & IBRD total,2013,36.9199671241858
IBT,IDA & IBRD total,2012,37.0603420920765
IBT,IDA & IBRD total,2011,37.1097208826963
IBT,IDA & IBRD total,2010,37.6828601066829
IBT,IDA & IBRD total,2009,38.4229043328104
IBT,IDA & IBRD total,2008,39.2799665076673
IBT,IDA & IBRD total,2007,41.1319695343449
IBT,IDA & IBRD total,2006,42.8575535107757
IBT,IDA & IBRD total,2005,44.1331684284514
IBT,IDA & IBRD total,2004,44.3655544148638
IBT,IDA & IBRD total,2003,45.3999022410955
IBT,IDA & IBRD total,2002,46.1501892080968
IBT,IDA & IBRD total,2001,45.6184957281174
IBT,IDA & IBRD total,2000,44.1024285958873
IDB,IDA blend,2024,
IDB,IDA blend,2023,
IDB,IDA blend,2022,56.3790174771134
IDB,IDA blend,2021,55.4356627274295
IDB,IDA blend,2020,54.7903915929446
IDB,IDA blend,2019,54.5967419777938
IDB,IDA blend,2018,55.6312078114101
IDB,IDA blend,2017,58.4044558068432
IDB,IDA blend,2016,58.7741154373168
IDB,IDA blend,2015,58.8007278374836
IDB,IDA blend,2014,58.8382927464515
IDB,IDA blend,2013,59.5208532247768
IDB,IDA blend,2012,59.8341544561247
IDB,IDA blend,2011,62.3044536803366
IDB,IDA blend,2010,62.9874422018706
IDB,IDA blend,2009,63.3616062102221
IDB,IDA blend,2008,64.52789563486
IDB,IDA blend,2007,64.6394278745384
IDB,IDA blend,2006,65.4818439125277
IDB,IDA blend,2005,62.3479847594342
IDB,IDA blend,2004,60.6728786222451
IDB,IDA blend,2003,64.5573677460196
IDB,IDA blend,2002,57.2335645828986
IDB,IDA blend,2001,58.1444577749136
IDB,IDA blend,2000,58.2694072224106
IDX,IDA only,2024,
IDX,IDA only,2023,
IDX,IDA only,2022,48.0735632858907
IDX,IDA only,2021,46.7189217726719
IDX,IDA only,2020,48.3901873154085
IDX,IDA only,2019,49.1008516080526
IDX,IDA only,2018,50.2477923805728
IDX,IDA only,2017,50.0764960455315
IDX,IDA only,2016,51.0335968672945
IDX,IDA only,2015,51.4287229646976
IDX,IDA only,2014,49.5036020391988
IDX,IDA only,2013,49.85306599731
IDX,IDA only,2012,48.9004097000156
IDX,IDA only,2011,48.7301081188392
IDX,IDA only,2010,49.4095192156672
IDX,IDA only,2009,48.9980390080733
IDX,IDA only,2008,50.8662417197773
IDX,IDA only,2007,50.0688894902101
IDX,IDA only,2006,48.0223991286521
IDX,IDA only,2005,48.1177243915536
IDX,IDA only,2004,50.1582782891438
IDX,IDA only,2003,50.8412015835664
IDX,IDA only,2002,51.7505463512137
IDX,IDA only,2001,51.3115961986162
IDX,IDA only,2000,51.6986044787184
IDA,IDA total,2024,
IDA,IDA total,2023,
IDA,IDA total,2022,51.6583710867313
IDA,IDA total,2021,50.4509131923272
IDA,IDA total,2020,50.9919240344191
IDA,IDA total,2019,51.3311938647091
IDA,IDA total,2018,52.4407034203974
IDA,IDA total,2017,53.5883057174821
IDA,IDA total,2016,54.3824347847275
IDA,IDA total,2015,54.7355236149766
IDA,IDA total,2014,53.8047552838903
IDA,IDA total,2013,54.2475663515712
IDA,IDA total,2012,53.8756971923603
IDA,IDA total,2011,54.6468538736898
IDA,IDA total,2010,55.3366363037117
IDA,IDA total,2009,54.9902287958504
IDA,IDA total,2008,56.9264693151663
IDA,IDA total,2007,56.6656122519335
IDA,IDA total,2006,56.2104912916013
IDA,IDA total,2005,54.680658143248
IDA,IDA total,2004,54.918180719054
IDA,IDA total,2003,57.1509960857898
IDA,IDA total,2002,53.9724376986987
IDA,IDA total,2001,54.2156787195989
IDA,IDA total,2000,54.5295324919624
LTE,Late-demographic dividend,2024,
LTE,Late-demographic dividend,2023,
LTE,Late-demographic dividend,2022,30.1602796731745
LTE,Late-demographic dividend,2021,30.3422188916888
LTE,Late-demographic dividend,2020,30.3218018522125
LTE,Late-demographic dividend,2019,31.4007617399102
LTE,Late-demographic dividend,2018,31.8157299554328
LTE,Late-demographic dividend,2017,31.8901794206677
LTE,Late-demographic dividend,2016,31.8771536085764
LTE,Late-demographic dividend,2015,31.4598513418891
LTE,Late-demographic dividend,2014,32.1904641299726
LTE,Late-demographic dividend,2013,32.8157233856727
LTE,Late-demographic dividend,2012,33.2794276592564
LTE,Late-demographic dividend,2011,33.1250633766434
LTE,Late-demographic dividend,2010,33.170485143425
LTE,Late-demographic dividend,2009,34.3302981739768
LTE,Late-demographic dividend,2008,34.5085208380428
LTE,Late-demographic dividend,2007,36.0112818236592
LTE,Late-demographic dividend,2006,38.12690534252
LTE,Late-demographic dividend,2005,39.5447619191154
LTE,Late-demographic dividend,2004,40.4204610934188
LTE,Late-demographic dividend,2003,40.9403281538757
LTE,Late-demographic dividend,2002,41.6739169663647
LTE,Late-demographic dividend,2001,42.3100117843287
LTE,Late-demographic dividend,2000,41.3572125087933
LCN,Latin America & Caribbean,2024,
LCN,Latin America & Caribbean,2023,
LCN,Latin America & Caribbean,2022,29.9341915095296
LCN,Latin America & Caribbean,2021,28.9473006372111
LCN,Latin America & Caribbean,2020,27.4912507814681
LCN,Latin America & Caribbean,2019,28.220153022052
LCN,Latin America & Caribbean,2018,28.2703647542974
LCN,Latin America & Caribbean,2017,27.0576545657763
LCN,Latin America & Caribbean,2016,28.1742986188474
LCN,Latin America & Caribbean,2015,28.2841260500111
LCN,Latin America & Caribbean,2014,29.8266706352741
LCN,Latin America & Caribbean,2013,29.9799744628774
LCN,Latin America & Caribbean,2012,30.9631327478651
LCN,Latin America & Caribbean,2011,30.7617978115594
LCN,Latin America & Caribbean,2010,31.4933568318251
LCN,Latin America & Caribbean,2009,33.3030179565174
LCN,Latin America & Caribbean,2008,34.8882168080002
LCN,Latin America & Caribbean,2007,37.4345526426396
LCN,Latin America & Caribbean,2006,39.326389049664
LCN,Latin America & Caribbean,2005,40.740016828991
LCN,Latin America & Caribbean,2004,40.5666915351668
LCN,Latin America & Caribbean,2003,41.5020999530906
LCN,Latin America & Caribbean,2002,41.4475347764087
LCN,Latin America & Caribbean,2001,39.7670960631223
LCN,Latin America & Caribbean,2000,38.2109098594114
LAC,Latin America & Caribbean (excluding high income),2024,
LAC,Latin America & Caribbean (excluding high income),2023,
LAC,Latin America & Caribbean (excluding high income),2022,29.6938469929266
LAC,Latin America & Caribbean (excluding high income),2021,28.7293242591668
LAC,Latin America & Caribbean (excluding high income),2020,27.3182601370933
LAC,Latin America & Caribbean (excluding high income),2019,27.9083105215838
LAC,Latin America & Caribbean (excluding high income),2018,27.9075327617967
LAC,Latin America & Caribbean (excluding high income),2017,26.7508829756259
LAC,Latin America & Caribbean (excluding high income),2016,27.8707253765144
LAC,Latin America & Caribbean (excluding high income),2015,28.0248988682521
LAC,Latin America & Caribbean (excluding high income),2014,29.7381049424664
LAC,Latin America & Caribbean (excluding high income),2013,29.9377286787806
LAC,Latin America & Caribbean (excluding high income),2012,30.9710319171704
LAC,Latin America & Caribbean (excluding high income),2011,30.6860463510959
LAC,Latin America & Caribbean (excluding high income),2010,31.4767771552207
LAC,Latin America & Caribbean (excluding high income),2009,33.408077971086
LAC,Latin America & Caribbean (excluding high income),2008,34.9562088257243
LAC,Latin America & Caribbean (excluding high income),2007,37.5460941345662
LAC,Latin America & Caribbean (excluding high income),2006,39.4859850033806
LAC,Latin America & Caribbean (excluding high income),2005,40.8986797467951
LAC,Latin America & Caribbean (excluding high income),2004,40.7945798327314
LAC,Latin America & Caribbean (excluding high income),2003,41.8688980530329
LAC,Latin America & Caribbean (excluding high income),2002,41.8573577136417
LAC,Latin America & Caribbean (excluding high income),2001,40.0544091028026
LAC,Latin America & Caribbean (excluding high income),2000,38.3249097900928
TLA,Latin America & the Caribbean (IDA & IBRD countries),2024,
TLA,Latin America & the Caribbean (IDA & IBRD countries),2023,
TLA,Latin America & the Caribbean (IDA & IBRD countries),2022,29.9457010114251
TLA,Latin America & the Caribbean (IDA & IBRD countries),2021,28.9538946813035
TLA,Latin America & the Caribbean (IDA & IBRD countries),2020,28.1851984388087
TLA,Latin America & the Caribbean (IDA & IBRD countries),2019,28.7094794768683
TLA,Latin America & the Caribbean (IDA & IBRD countries),2018,28.7233831630981
TLA,Latin America & the Caribbean (IDA & IBRD countries),2017,27.48698542516
TLA,Latin America & the Caribbean (IDA & IBRD countries),2016,28.7087970184129
TLA,Latin America & the Caribbean (IDA & IBRD countries),2015,28.82039599184
TLA,Latin America & the Caribbean (IDA & IBRD countries),2014,30.2874400212854
TLA,Latin America & the Caribbean (IDA & IBRD countries),2013,30.3178073658588
TLA,Latin America & the Caribbean (IDA & IBRD countries),2012,31.2668491875343
TLA,Latin America & the Caribbean (IDA & IBRD countries),2011,31.1591698796024
TLA,Latin America & the Caribbean (IDA & IBRD countries),2010,31.9422156886863
TLA,Latin America & the Caribbean (IDA & IBRD countries),2009,33.9854035409364
TLA,Latin America & the Caribbean (IDA & IBRD countries),2008,35.5264840111984
TLA,Latin America & the Caribbean (IDA & IBRD countries),2007,38.1737552887108
TLA,Latin America & the Caribbean (IDA & IBRD countries),2006,39.8816941476081
TLA,Latin America & the Caribbean (IDA & IBRD countries),2005,41.32048440068
TLA,Latin America & the Caribbean (IDA & IBRD countries),2004,40.9791679592535
TLA,Latin America & the Caribbean (IDA & IBRD countries),2003,41.9762768546356
TLA,Latin America & the Caribbean (IDA & IBRD countries),2002,41.9365330581367
TLA,Latin America & the Caribbean (IDA & IBRD countries),2001,40.1424234032941
TLA,Latin America & the Caribbean (IDA & IBRD countries),2000,38.5600616502927
LDC,Least developed countries: UN classification,2024,
LDC,Least developed countries: UN classification,2023,
LDC,Least developed countries: UN classification,2022,49.0535927996594
LDC,Least developed countries: UN classification,2021,47.7813891211869
LDC,Least developed countries: UN classification,2020,50.1992762540351
LDC,Least developed countries: UN classification,2019,50.359713690995
LDC,Least developed countries: UN classification,2018,51.1209317829464
LDC,Least developed countries: UN classification,2017,50.7611345189295
LDC,Least developed countries: UN classification,2016,51.519929293691
LDC,Least developed countries: UN classification,2015,51.9541575120961
LDC,Least developed countries: UN classification,2014,48.2251561428276
LDC,Least developed countries: UN classification,2013,48.4804847858717
LDC,Least developed countries: UN classification,2012,46.8495068848838
LDC,Least developed countries: UN classification,2011,47.2208821598278
LDC,Least developed countries: UN classification,2010,48.1370420408644
LDC,Least developed countries: UN classification,2009,46.5259624275148
LDC,Least developed countries: UN classification,2008,48.4764889760887
LDC,Least developed countries: UN classification,2007,49.4807289713066
LDC,Least developed countries: UN classification,2006,48.132713749166
LDC,Least developed countries: UN classification,2005,50.1531301807549
LDC,Least developed countries: UN classification,2004,51.6886044284902
LDC,Least developed countries: UN classification,2003,53.0147146979447
LDC,Least developed countries: UN classification,2002,53.6009348500333
LDC,Least developed countries: UN classification,2001,52.2639386776605
LDC,Least developed countries: UN classification,2000,52.0851395976276
LMY,Low & middle income,2024,
LMY,Low & middle income,2023,
LMY,Low & middle income,2022,34.279849948962
LMY,Low & middle income,2021,34.0317149445976
LMY,Low & middle income,2020,34.4973400989088
LMY,Low & middle income,2019,34.8999297882776
LMY,Low & middle income,2018,35.0879583431477
LMY,Low & middle income,2017,34.9511212304753
LMY,Low & middle income,2016,36.0872959940265
LMY,Low & middle income,2015,36.0306049492303
LMY,Low & middle income,2014,36.6334015227087
LMY,Low & middle income,2013,37.6723414247349
LMY,Low & middle income,2012,37.920669612733
LMY,Low & middle income,2011,37.900700456288
LMY,Low & middle income,2010,38.5788502815841
LMY,Low & middle income,2009,39.5037687962316
LMY,Low & middle income,2008,41.187558820938
LMY,Low & middle income,2007,43.1144764412557
LMY,Low & middle income,2006,45.0132685602785
LMY,Low & middle income,2005,46.3289591036387
LMY,Low & middle income,2004,46.2661927324948
LMY,Low & middle income,2003,47.5957389179086
LMY,Low & middle income,2002,48.5580912047513
LMY,Low & middle income,2001,47.6310877925304
LMY,Low & middle income,2000,45.5993201683616
MEA,"Middle East, North Africa, Afghanistan & Pakistan",2024,
MEA,"Middle East, North Africa, Afghanistan & Pakistan",2023,
MEA,"Middle East, North Africa, Afghanistan & Pakistan",2022,27.6009885216386
MEA,"Middle East, North Africa, Afghanistan & Pakistan",2021,26.8067667041678
MEA,"Middle East, North Africa, Afghanistan & Pakistan",2020,27.2744060349964
MEA,"Middle East, North Africa, Afghanistan & Pakistan",2019,28.7772850741831
MEA,"Middle East, North Africa, Afghanistan & Pakistan",2018,29.9173377189723
MEA,"Middle East, North Africa, Afghanistan & Pakistan",2017,30.8164158963804
MEA,"Middle East, North Africa, Afghanistan & Pakistan",2016,31.5060577078059
MEA,"Middle East, North Africa, Afghanistan & Pakistan",2015,33.1239986152865
MEA,"Middle East, North Africa, Afghanistan & Pakistan",2014,31.5147616103524
MEA,"Middle East, North Africa, Afghanistan & Pakistan",2013,33.945166989199
MEA,"Middle East, North Africa, Afghanistan & Pakistan",2012,36.7277489353237
MEA,"Middle East, North Africa, Afghanistan & Pakistan",2011,37.3218567776239
MEA,"Middle East, North Africa, Afghanistan & Pakistan",2010,39.1085326810282
MEA,"Middle East, North Africa, Afghanistan & Pakistan",2009,37.5370948131392
MEA,"Middle East, North Africa, Afghanistan & Pakistan",2008,38.3475729984836
MEA,"Middle East, North Africa, Afghanistan & Pakistan",2007,38.6573735110785
MEA,"Middle East, North Africa, Afghanistan & Pakistan",2006,38.2249212835948
MEA,"Middle East, North Africa, Afghanistan & Pakistan",2005,39.6294274298478
MEA,"Middle East, North Africa, Afghanistan & Pakistan",2004,39.0314674871321
MEA,"Middle East, North Africa, Afghanistan & Pakistan",2003,38.3873538078861
MEA,"Middle East, North Africa, Afghanistan & Pakistan",2002,38.2990954277841
MEA,"Middle East, North Africa, Afghanistan & Pakistan",2001,38.4276293752536
MEA,"Middle East, North Africa, Afghanistan & Pakistan",2000,39.3614794315937
MNA,"Middle East, North Africa, Afghanistan & Pakistan (excluding high income)",2024,
MNA,"Middle East, North Africa, Afghanistan & Pakistan (excluding high income)",2023,
MNA,"Middle East, North Africa, Afghanistan & Pakistan (excluding high income)",2022,46.4652288452888
MNA,"Middle East, North Africa, Afghanistan & Pakistan (excluding high income)",2021,45.1978166847819
MNA,"Middle East, North Africa, Afghanistan & Pakistan (excluding high income)",2020,46.6195200759661
MNA,"Middle East, North Africa, Afghanistan & Pakistan (excluding high income)",2019,46.7638824120476
MNA,"Middle East, North Africa, Afghanistan & Pakistan (excluding high income)",2018,45.5195310641281
MNA,"Middle East, North Africa, Afghanistan & Pakistan (excluding high income)",2017,45.5087178815708
MNA,"Middle East, North Africa, Afghanistan & Pakistan (excluding high income)",2016,45.6225906970419
MNA,"Middle East, North Africa, Afghanistan & Pakistan (excluding high income)",2015,48.7077230913497
MNA,"Middle East, North Africa, Afghanistan & Pakistan (excluding high income)",2014,45.8158099265984
MNA,"Middle East, North Africa, Afghanistan & Pakistan (excluding high income)",2013,48.4679136075236
MNA,"Middle East, North Africa, Afghanistan & Pakistan (excluding high income)",2012,50.4136685817129
MNA,"Middle East, North Africa, Afghanistan & Pakistan (excluding high income)",2011,50.6896736722229
MNA,"Middle East, North Africa, Afghanistan & Pakistan (excluding high income)",2010,52.2165922052288
MNA,"Middle East, North Africa, Afghanistan & Pakistan (excluding high income)",2009,50.0179430707944
MNA,"Middle East, North Africa, Afghanistan & Pakistan (excluding high income)",2008,49.9648658551318
MNA,"Middle East, North Africa, Afghanistan & Pakistan (excluding high income)",2007,50.9866078074133
MNA,"Middle East, North Africa, Afghanistan & Pakistan (excluding high income)",2006,51.7513082445608
MNA,"Middle East, North Africa, Afghanistan & Pakistan (excluding high income)",2005,52.6329926332162
MNA,"Middle East, North Africa, Afghanistan & Pakistan (excluding high income)",2004,51.3826585425205
MNA,"Middle East, North Africa, Afghanistan & Pakistan (excluding high income)",2003,51.6629177063604
MNA,"Middle East, North Africa, Afghanistan & Pakistan (excluding high income)",2002,51.179261412919
MNA,"Middle East, North Africa, Afghanistan & Pakistan (excluding high income)",2001,52.8313990398389
MNA,"Middle East, North Africa, Afghanistan & Pakistan (excluding high income)",2000,53.9605300702183
TMN,"Middle East, North Africa, Afghanistan & Pakistan (IDA & IBRD)",2024,
TMN,"Middle East, North Africa, Afghanistan & Pakistan (IDA & IBRD)",2023,
TMN,"Middle East, North Africa, Afghanistan & Pakistan (IDA & IBRD)",2022,46.7228886804352
TMN,"Middle East, North Africa, Afghanistan & Pakistan (IDA & IBRD)",2021,45.4345515868071
TMN,"Middle East, North Africa, Afghanistan & Pakistan (IDA & IBRD)",2020,46.7713303184017
TMN,"Middle East, North Africa, Afghanistan & Pakistan (IDA & IBRD)",2019,46.905603574937
TMN,"Middle East, North Africa, Afghanistan & Pakistan (IDA & IBRD)",2018,45.6208683883291
TMN,"Middle East, North Africa, Afghanistan & Pakistan (IDA & IBRD)",2017,45.5629369362501
TMN,"Middle East, North Africa, Afghanistan & Pakistan (IDA & IBRD)",2016,45.6627697511569
TMN,"Middle East, North Africa, Afghanistan & Pakistan (IDA & IBRD)",2015,48.7606654930783
TMN,"Middle East, North Africa, Afghanistan & Pakistan (IDA & IBRD)",2014,45.8360794942263
TMN,"Middle East, North Africa, Afghanistan & Pakistan (IDA & IBRD)",2013,48.5541588829639
TMN,"Middle East, North Africa, Afghanistan & Pakistan (IDA & IBRD)",2012,50.4971906528697
TMN,"Middle East, North Africa, Afghanistan & Pakistan (IDA & IBRD)",2011,50.7733786320618
TMN,"Middle East, North Africa, Afghanistan & Pakistan (IDA & IBRD)",2010,52.3947474721666
TMN,"Middle East, North Africa, Afghanistan & Pakistan (IDA & IBRD)",2009,50.1502771158191
TMN,"Middle East, North Africa, Afghanistan & Pakistan (IDA & IBRD)",2008,50.1371967162913
TMN,"Middle East, North Africa, Afghanistan & Pakistan (IDA & IBRD)",2007,51.1339234777855
TMN,"Middle East, North Africa, Afghanistan & Pakistan (IDA & IBRD)",2006,51.8899091967475
TMN,"Middle East, North Africa, Afghanistan & Pakistan (IDA & IBRD)",2005,52.8733694849513
TMN,"Middle East, North Africa, Afghanistan & Pakistan (IDA & IBRD)",2004,51.6339954458575
TMN,"Middle East, North Africa, Afghanistan & Pakistan (IDA & IBRD)",2003,51.8219581827948
TMN,"Middle East, North Africa, Afghanistan & Pakistan (IDA & IBRD)",2002,51.4146447321279
TMN,"Middle East, North Africa, Afghanistan & Pakistan (IDA & IBRD)",2001,53.052165774595
TMN,"Middle East, North Africa, Afghanistan & Pakistan (IDA & IBRD)",2000,54.2393506910262
MIC,Middle income,2024,
MIC,Middle income,2023,
MIC,Middle income,2022,34.1603317017211
MIC,Middle income,2021,33.9143083755466
MIC,Middle income,2020,34.3678579116078
MIC,Middle income,2019,34.7501017334504
MIC,Middle income,2018,34.9056551938667
MIC,Middle income,2017,34.7508256784117
MIC,Middle income,2016,35.8796218292643
MIC,Middle income,2015,35.7879927378501
MIC,Middle income,2014,36.4485457131476
MIC,Middle income,2013,37.4644531529199
MIC,Middle income,2012,37.7515417875683
MIC,Middle income,2011,37.7090999582841
MIC,Middle income,2010,38.3608562881844
MIC,Middle income,2009,39.2927630905461
MIC,Middle income,2008,40.9335672071716
MIC,Middle income,2007,42.8917373630651
MIC,Middle income,2006,44.8567848216552
MIC,Middle income,2005,46.2301040138071
MIC,Middle income,2004,46.1593946677264
MIC,Middle income,2003,47.4984994089012
MIC,Middle income,2002,48.467749039757
MIC,Middle income,2001,47.5568907743384
MIC,Middle income,2000,45.4775134983376
NAC,North America,2024,
NAC,North America,2023,
NAC,North America,2022,11.3022046713657
NAC,North America,2021,11.0119316323693
NAC,North America,2020,10.2409290494242
NAC,North America,2019,11.5084679263184
NAC,North America,2018,11.5283567829397
NAC,North America,2017,11.5748819936995
NAC,North America,2016,11.8186051409537
NAC,North America,2015,11.910080009718
NAC,North America,2014,12.1440144767801
NAC,North America,2013,12.4350469954644
NAC,North America,2012,12.5170656191395
NAC,North America,2011,12.5160811451223
NAC,North America,2010,12.5828944897294
NAC,North America,2009,12.7971243552779
NAC,North America,2008,13.4932971719824
NAC,North America,2007,13.7187209658087
NAC,North America,2006,13.8046958013406
NAC,North America,2005,13.9895723038311
NAC,North America,2004,14.0389071421668
NAC,North America,2003,14.2010695390739
NAC,North America,2002,14.3938367445047
NAC,North America,2001,14.4819971478819
NAC,North America,2000,15.185478498114
OED,OECD members,2024,
OED,OECD members,2023,
OED,OECD members,2022,13.0740277627432
OED,OECD members,2021,12.9834561887467
OED,OECD members,2020,12.3435740144981
OED,OECD members,2019,13.8478373676391
OED,OECD members,2018,13.9661577881365
OED,OECD members,2017,13.9339729314561
OED,OECD members,2016,14.0467864957022
OED,OECD members,2015,14.2584514900957
OED,OECD members,2014,14.5372230822802
OED,OECD members,2013,14.743036872707
OED,OECD members,2012,14.6891206197555
OED,OECD members,2011,14.6559374215267
OED,OECD members,2010,14.7812472198111
OED,OECD members,2009,14.8514687697863
OED,OECD members,2008,15.5830014378566
OED,OECD members,2007,15.8272561005136
OED,OECD members,2006,15.8524979584765
OED,OECD members,2005,15.8650399707937
OED,OECD members,2004,15.9866550742127
OED,OECD members,2003,16.072398507633
OED,OECD members,2002,16.0543759400382
OED,OECD members,2001,16.1805511124072
OED,OECD members,2000,16.6392050618683
OSS,Other small states,2024,
OSS,Other small states,2023,
OSS,Other small states,2022,21.3400403477816
OSS,Other small states,2021,20.7410552333176
OSS,Other small states,2020,22.6848160071144
OSS,Other small states,2019,26.3880090464724
OSS,Other small states,2018,28.3082877645078
OSS,Other small states,2017,28.6225210203975
OSS,Other small states,2016,28.4497394944603
OSS,Other small states,2015,28.9887923505963
OSS,Other small states,2014,30.1191989964111
OSS,Other small states,2013,29.359856443925
OSS,Other small states,2012,28.9119617412281
OSS,Other small states,2011,29.4165579568656
OSS,Other small states,2010,29.7922988797384
OSS,Other small states,2009,31.1688920787743
OSS,Other small states,2008,30.951437678826
OSS,Other small states,2007,28.8384539530371
OSS,Other small states,2006,29.1350842004623
OSS,Other small states,2005,29.258709354101
OSS,Other small states,2004,29.5332910141737
OSS,Other small states,2003,29.0041227047072
OSS,Other small states,2002,30.2936318676551
OSS,Other small states,2001,31.3682578944303
OSS,Other small states,2000,30.5684537254783
PSS,Pacific island small states,2024,
PSS,Pacific island small states,2023,
PSS,Pacific island small states,2022,6.39473137388343
PSS,Pacific island small states,2021,13.8583130442319
PSS,Pacific island small states,2020,12.4784352841826
PSS,Pacific island small states,2019,10.9791740073109
PSS,Pacific island small states,2018,10.850771145914
PSS,Pacific island small states,2017,9.458975574714
PSS,Pacific island small states,2016,11.1640923533452
PSS,Pacific island small states,2015,11.3465740521794
PSS,Pacific island small states,2014,11.0709424058972
PSS,Pacific island small states,2013,11.7343393900789
PSS,Pacific island small states,2012,12.3646490798347
PSS,Pacific island small states,2011,12.8631602134361
PSS,Pacific island small states,2010,11.1242934630109
PSS,Pacific island small states,2009,11.7305018832719
PSS,Pacific island small states,2008,9.62976740206432
PSS,Pacific island small states,2007,9.52583620889434
PSS,Pacific island small states,2006,8.60909576593751
PSS,Pacific island small states,2005,7.90937558241557
PSS,Pacific island small states,2004,8.87953675416883
PSS,Pacific island small states,2003,9.09504791540073
PSS,Pacific island small states,2002,8.2999142314752
PSS,Pacific island small states,2001,8.92091340265053
PSS,Pacific island small states,2000,8.43432078798241
PST,Post-demographic dividend,2024,
PST,Post-demographic dividend,2023,
PST,Post-demographic dividend,2022,12.6497386671365
PST,Post-demographic dividend,2021,12.6403108880223
PST,Post-demographic dividend,2020,12.0381598424495
PST,Post-demographic dividend,2019,13.4960133190175
PST,Post-demographic dividend,2018,13.6043312205194
PST,Post-demographic dividend,2017,13.555813605135
PST,Post-demographic dividend,2016,13.6823658537731
PST,Post-demographic dividend,2015,13.8627965234278
PST,Post-demographic dividend,2014,14.131266199543
PST,Post-demographic dividend,2013,14.3580959933007
PST,Post-demographic dividend,2012,14.3225355459963
PST,Post-demographic dividend,2011,14.300515572386
PST,Post-demographic dividend,2010,14.368143230022
PST,Post-demographic dividend,2009,14.4218426091632
PST,Post-demographic dividend,2008,15.0604859618115
PST,Post-demographic dividend,2007,15.1938144413397
PST,Post-demographic dividend,2006,15.2190527305034
PST,Post-demographic dividend,2005,15.2195463304907
PST,Post-demographic dividend,2004,15.4294207134102
PST,Post-demographic dividend,2003,15.5114611468135
PST,Post-demographic dividend,2002,15.487249308305
PST,Post-demographic dividend,2001,15.576235000002
PST,Post-demographic dividend,2000,16.0580296922906
PRE,Pre-demographic dividend,2024,
PRE,Pre-demographic dividend,2023,
PRE,Pre-demographic dividend,2022,50.6729867298866
PRE,Pre-demographic dividend,2021,50.3450280707876
PRE,Pre-demographic dividend,2020,51.0629259923713
PRE,Pre-demographic dividend,2019,50.0105274945797
PRE,Pre-demographic dividend,2018,51.1883733292985
PRE,Pre-demographic dividend,2017,53.9731668158172
PRE,Pre-demographic dividend,2016,52.518718479396
PRE,Pre-demographic dividend,2015,57.0720390302958
PRE,Pre-demographic dividend,2014,54.2114056509983
PRE,Pre-demographic dividend,2013,53.7864913227635
PRE,Pre-demographic dividend,2012,53.849295785142
PRE,Pre-demographic dividend,2011,50.3799047144225
PRE,Pre-demographic dividend,2010,51.8833024850172
PRE,Pre-demographic dividend,2009,49.4048145611275
PRE,Pre-demographic dividend,2008,52.012327727586
PRE,Pre-demographic dividend,2007,53.9574585035751
PRE,Pre-demographic dividend,2006,55.0831076605522
PRE,Pre-demographic dividend,2005,54.5855313814444
PRE,Pre-demographic dividend,2004,55.1369255394452
PRE,Pre-demographic dividend,2003,61.2365040869148
PRE,Pre-demographic dividend,2002,57.8348647742039
PRE,Pre-demographic dividend,2001,56.412078725074
PRE,Pre-demographic dividend,2000,56.3516455380497
SST,Small states,2024,
SST,Small states,2023,
SST,Small states,2022,24.9009089578046
SST,Small states,2021,24.0811468892873
SST,Small states,2020,25.3004134893634
SST,Small states,2019,28.6619901219374
SST,Small states,2018,29.9581938421931
SST,Small states,2017,29.7765423087295
SST,Small states,2016,30.2821459216384
SST,Small states,2015,30.624932394497
SST,Small states,2014,31.4932381621446
SST,Small states,2013,31.0522309385458
SST,Small states,2012,30.9110250639419
SST,Small states,2011,31.2692421487831
SST,Small states,2010,31.4937130161702
SST,Small states,2009,32.4299338226732
SST,Small states,2008,32.1619714241026
SST,Small states,2007,30.8671393828646
SST,Small states,2006,30.8847778569197
SST,Small states,2005,30.6786640979417
SST,Small states,2004,31.3799868876089
SST,Small states,2003,30.8320412242606
SST,Small states,2002,32.2159029814515
SST,Small states,2001,32.9625870756744
SST,Small states,2000,32.6009018549289
SAS,South Asia,2024,
SAS,South Asia,2023,
SAS,South Asia,2022,47.9971098061807
SAS,South Asia,2021,47.22266217736
SAS,South Asia,2020,51.2338487098112
SAS,South Asia,2019,53.3014430300567
SAS,South Asia,2018,54.2762233232585
SAS,South Asia,2017,55.8847500033884
SAS,South Asia,2016,62.9593038574456
SAS,South Asia,2015,64.2853921240336
SAS,South Asia,2014,66.3255767499462
SAS,South Asia,2013,68.1599240577296
SAS,South Asia,2012,62.6633782593027
SAS,South Asia,2011,61.9748506253669
SAS,South Asia,2010,64.6592132535098
SAS,South Asia,2009,66.0108844556566
SAS,South Asia,2008,68.1024878452187
SAS,South Asia,2007,69.5770317744667
SAS,South Asia,2006,70.4758328747941
SAS,South Asia,2005,71.3864099013537
SAS,South Asia,2004,70.7120487148963
SAS,South Asia,2003,71.4990327765021
SAS,South Asia,2002,71.3973113489605
SAS,South Asia,2001,72.2621647906454
SAS,South Asia,2000,69.7778025404903
TSA,South Asia (IDA & IBRD),2024,
TSA,South Asia (IDA & IBRD),2023,
TSA,South Asia (IDA & IBRD),2022,47.9971098061807
TSA,South Asia (IDA & IBRD),2021,47.2226621773601
TSA,South Asia (IDA & IBRD),2020,51.2338487098112
TSA,South Asia (IDA & IBRD),2019,53.3014430300567
TSA,South Asia (IDA & IBRD),2018,54.2762233232585
TSA,South Asia (IDA & IBRD),2017,55.8847500033884
TSA,South Asia (IDA & IBRD),2016,62.9593038574455
TSA,South Asia (IDA & IBRD),2015,64.2853921240335
TSA,South Asia (IDA & IBRD),2014,66.3255767499462
TSA,South Asia (IDA & IBRD),2013,68.1599240577296
TSA,South Asia (IDA & IBRD),2012,62.6633782593027
TSA,South Asia (IDA & IBRD),2011,61.9748506253669
TSA,South Asia (IDA & IBRD),2010,64.6592132535098
TSA,South Asia (IDA & IBRD),2009,66.0108844556566
TSA,South Asia (IDA & IBRD),2008,68.1024878452187
TSA,South Asia (IDA & IBRD),2007,69.5770317744667
TSA,South Asia (IDA & IBRD),2006,70.4758328747941
TSA,South Asia (IDA & IBRD),2005,71.3864099013537
TSA,South Asia (IDA & IBRD),2004,70.7120487148963
TSA,South Asia (IDA & IBRD),2003,71.4990327765021
TSA,South Asia (IDA & IBRD),2002,71.3973113489605
TSA,South Asia (IDA & IBRD),2001,72.2621647906455
TSA,South Asia (IDA & IBRD),2000,69.7778025404903
SSF,Sub-Saharan Africa,2024,
SSF,Sub-Saharan Africa,2023,
SSF,Sub-Saharan Africa,2022,32.0395106997042
SSF,Sub-Saharan Africa,2021,30.3862099419068
SSF,Sub-Saharan Africa,2020,30.3721486104876
SSF,Sub-Saharan Africa,2019,29.3583168967121
SSF,Sub-Saharan Africa,2018,29.3272913473013
SSF,Sub-Saharan Africa,2017,31.4050345533852
SSF,Sub-Saharan Africa,2016,33.9089876358844
SSF,Sub-Saharan Africa,2015,34.4881002053773
SSF,Sub-Saharan Africa,2014,34.0086208916978
SSF,Sub-Saharan Africa,2013,33.3905899724444
SSF,Sub-Saharan Africa,2012,31.1033385727917
SSF,Sub-Saharan Africa,2011,30.6010552957983
SSF,Sub-Saharan Africa,2010,31.2679003165863
SSF,Sub-Saharan Africa,2009,32.4934077079916
SSF,Sub-Saharan Africa,2008,35.8398443335114
SSF,Sub-Saharan Africa,2007,34.3989538221506
SSF,Sub-Saharan Africa,2006,34.2246641278573
SSF,Sub-Saharan Africa,2005,32.4370522001001
SSF,Sub-Saharan Africa,2004,32.4441458172531
SSF,Sub-Saharan Africa,2003,35.3477778171796
SSF,Sub-Saharan Africa,2002,35.0195938193465
SSF,Sub-Saharan Africa,2001,33.2348529004681
SSF,Sub-Saharan Africa,2000,31.855685857751
SSA,Sub-Saharan Africa (excluding high income),2024,
SSA,Sub-Saharan Africa (excluding high income),2023,
SSA,Sub-Saharan Africa (excluding high income),2022,31.6253837612227
SSA,Sub-Saharan Africa (excluding high income),2021,30.176478614795
SSA,Sub-Saharan Africa (excluding high income),2020,30.27276861705
SSA,Sub-Saharan Africa (excluding high income),2019,29.0577126709598
SSA,Sub-Saharan Africa (excluding high income),2018,29.1320738584321
SSA,Sub-Saharan Africa (excluding high income),2017,31.3127493521524
SSA,Sub-Saharan Africa (excluding high income),2016,33.8655136275448
SSA,Sub-Saharan Africa (excluding high income),2015,34.4266809203107
SSA,Sub-Saharan Africa (excluding high income),2014,33.8975682338001
SSA,Sub-Saharan Africa (excluding high income),2013,33.1953988423136
SSA,Sub-Saharan Africa (excluding high income),2012,30.8467479860124
SSA,Sub-Saharan Africa (excluding high income),2011,30.3336552784
SSA,Sub-Saharan Africa (excluding high income),2010,31.0461222584315
SSA,Sub-Saharan Africa (excluding high income),2009,32.2925588316599
SSA,Sub-Saharan Africa (excluding high income),2008,35.7832876077616
SSA,Sub-Saharan Africa (excluding high income),2007,34.355867137224
SSA,Sub-Saharan Africa (excluding high income),2006,34.1628082544632
SSA,Sub-Saharan Africa (excluding high income),2005,32.4528489146801
SSA,Sub-Saharan Africa (excluding high income),2004,32.422327635215
SSA,Sub-Saharan Africa (excluding high income),2003,35.3754556581389
SSA,Sub-Saharan Africa (excluding high income),2002,34.9952545313922
SSA,Sub-Saharan Africa (excluding high income),2001,33.2164251177162
SSA,Sub-Saharan Africa (excluding high income),2000,31.8046578782885
TSS,Sub-Saharan Africa (IDA & IBRD countries),2024,
TSS,Sub-Saharan Africa (IDA & IBRD countries),2023,
TSS,Sub-Saharan Africa (IDA & IBRD countries),2022,32.0395106997042
TSS,Sub-Saharan Africa (IDA & IBRD countries),2021,30.3862099419068
TSS,Sub-Saharan Africa (IDA & IBRD countries),2020,30.3721486104876
TSS,Sub-Saharan Africa (IDA & IBRD countries),2019,29.3583168967121
TSS,Sub-Saharan Africa (IDA & IBRD countries),2018,29.3272913473013
TSS,Sub-Saharan Africa (IDA & IBRD countries),2017,31.4050345533852
TSS,Sub-Saharan Africa (IDA & IBRD countries),2016,33.9089876358844
TSS,Sub-Saharan Africa (IDA & IBRD countries),2015,34.4881002053773
TSS,Sub-Saharan Africa (IDA & IBRD countries),2014,34.0086208916978
TSS,Sub-Saharan Africa (IDA & IBRD countries),2013,33.3905899724444
TSS,Sub-Saharan Africa (IDA & IBRD countries),2012,31.1033385727917
TSS,Sub-Saharan Africa (IDA & IBRD countries),2011,30.6010552957983
TSS,Sub-Saharan Africa (IDA & IBRD countries),2010,31.2679003165863
TSS,Sub-Saharan Africa (IDA & IBRD countries),2009,32.4934077079916
TSS,Sub-Saharan Africa (IDA & IBRD countries),2008,35.8398443335114
TSS,Sub-Saharan Africa (IDA & IBRD countries),2007,34.3989538221506
TSS,Sub-Saharan Africa (IDA & IBRD countries),2006,34.2246641278573
TSS,Sub-Saharan Africa (IDA & IBRD countries),2005,32.4370522001001
TSS,Sub-Saharan Africa (IDA & IBRD countries),2004,32.4441458172531
TSS,Sub-Saharan Africa (IDA & IBRD countries),2003,35.3477778171796
TSS,Sub-Saharan Africa (IDA & IBRD countries),2002,35.0195938193465
TSS,Sub-Saharan Africa (IDA & IBRD countries),2001,33.2348529004681
TSS,Sub-Saharan Africa (IDA & IBRD countries),2000,31.855685857751
WLD,World,2024,
WLD,World,2023,
WLD,World,2022,17.2337382443152
WLD,World,2021,17.0004319225407
WLD,World,2020,16.3278554715349
WLD,World,2019,17.901052555221
WLD,World,2018,18.0274831648084
WLD,World,2017,17.9925095776221
WLD,World,2016,18.1164147239547
WLD,World,2015,18.3547031645315
WLD,World,2014,18.6459922438105
WLD,World,2013,18.988938079563
WLD,World,2012,18.7448435380146
WLD,World,2011,18.5180885922478
WLD,World,2010,18.4272184532217
WLD,World,2009,18.2312074418216
WLD,World,2008,18.8710683029122
WLD,World,2007,18.8856035878564
WLD,World,2006,18.805877619437
WLD,World,2005,18.6810614975412
WLD,World,2004,18.5460094176575
WLD,World,2003,18.5658042991442
WLD,World,2002,18.6205318146993
WLD,World,2001,18.8773810912814
WLD,World,2000,19.2127717135733
AFG,Afghanistan,2024,
AFG,Afghanistan,2023,
AFG,Afghanistan,2022,77.94615173
AFG,Afghanistan,2021,77.21405029
AFG,Afghanistan,2020,74.81396484
AFG,Afghanistan,2019,76.818367
AFG,Afghanistan,2018,76.22302246
AFG,Afghanistan,2017,75.48258209
AFG,Afghanistan,2016,75.97433472
AFG,Afghanistan,2015,78.3822937
AFG,Afghanistan,2014,73.05592346
AFG,Afghanistan,2013,72.04785919
AFG,Afghanistan,2012,74.48620605
AFG,Afghanistan,2011,73.25517273
AFG,Afghanistan,2010,78.9966507
AFG,Afghanistan,2009,72.77924347
AFG,Afghanistan,2008,75.40338898
AFG,Afghanistan,2007,78.16998291
AFG,Afghanistan,2006,76.82497406
AFG,Afghanistan,2005,78.97008514
AFG,Afghanistan,2004,84.52758789
AFG,Afghanistan,2003,86.06919098
AFG,Afghanistan,2002,85.37560272
AFG,Afghanistan,2001,
AFG,Afghanistan,2000,
ALB,Albania,2024,
ALB,Albania,2023,
ALB,Albania,2022,51.26052094
ALB,Albania,2021,59.70423508
ALB,Albania,2020,59.39613342
ALB,Albania,2019,56.41222382
ALB,Albania,2018,56.41461563
ALB,Albania,2017,57.18074036
ALB,Albania,2016,56.51747894
ALB,Albania,2015,57.34070206
ALB,Albania,2014,59.18069077
ALB,Albania,2013,57.72882462
ALB,Albania,2012,58.21257782
ALB,Albania,2011,59.84096909
ALB,Albania,2010,59.96680832
ALB,Albania,2009,56.53381729
ALB,Albania,2008,56.23107147
ALB,Albania,2007,49.40164948
ALB,Albania,2006,49.04850388
ALB,Albania,2005,49.31101227
ALB,Albania,2004,48.34204102
ALB,Albania,2003,49.91648483
ALB,Albania,2002,50.85527039
ALB,Albania,2001,49.1281929
ALB,Albania,2000,51.81419754
DZA,Algeria,2024,
DZA,Algeria,2023,
DZA,Algeria,2022,49.97584915
DZA,Algeria,2021,40.38871384
DZA,Algeria,2020,39.64334869
DZA,Algeria,2019,37.92301941
DZA,Algeria,2018,33.76389313
DZA,Algeria,2017,33.93709183
DZA,Algeria,2016,32.89480972
DZA,Algeria,2015,30.19285583
DZA,Algeria,2014,28.56370354
DZA,Algeria,2013,29.2784462
DZA,Algeria,2012,27.21586227
DZA,Algeria,2011,27.87346649
DZA,Algeria,2010,28.88244247
DZA,Algeria,2009,27.44950676
DZA,Algeria,2008,26.1469593
DZA,Algeria,2007,28.08858109
DZA,Algeria,2006,29.12135887
DZA,Algeria,2005,28.09361267
DZA,Algeria,2004,26.09432602
DZA,Algeria,2003,21.14863777
DZA,Algeria,2002,22.52488327
DZA,Algeria,2001,21.66852379
DZA,Algeria,2000,25.7945137
ASM,American Samoa,2024,
ASM,American Samoa,2023,
ASM,American Samoa,2022,
ASM,American Samoa,2021,
ASM,American Samoa,2020,
ASM,American Samoa,2019,
ASM,American Samoa,2018,
ASM,American Samoa,2017,
ASM,American Samoa,2016,
ASM,American Samoa,2015,
ASM,American Samoa,2014,
ASM,American Samoa,2013,
ASM,American Samoa,2012,
ASM,American Samoa,2011,
ASM,American Samoa,2010,
ASM,American Samoa,2009,
ASM,American Samoa,2008,
ASM,American Samoa,2007,
ASM,American Samoa,2006,
ASM,American Samoa,2005,
ASM,American Samoa,2004,
ASM,American Samoa,2003,
ASM,American Samoa,2002,
ASM,American Samoa,2001,
ASM,American Samoa,2000,
AND,Andorra,2024,
AND,Andorra,2023,10.98071861
AND,Andorra,2022,8.84464645
AND,Andorra,2021,11.73808575
AND,Andorra,2020,11.15107918
AND,Andorra,2019,12.74224854
AND,Andorra,2018,12.33830833
AND,Andorra,2017,12.087327
AND,Andorra,2016,12.56225777
AND,Andorra,2015,13.11098289
AND,Andorra,2014,12.76978397
AND,Andorra,2013,13.33333302
AND,Andorra,2012,13.63951015
AND,Andorra,2011,11.8008604
AND,Andorra,2010,11.63836575
AND,Andorra,2009,14.39650249
AND,Andorra,2008,15.58165741
AND,Andorra,2007,18.00020981
AND,Andorra,2006,17.89149666
AND,Andorra,2005,15.96540737
AND,Andorra,2004,16.936903
AND,Andorra,2003,16.05670166
AND,Andorra,2002,15.04981899
AND,Andorra,2001,15.55850792
AND,Andorra,2000,15.40114117
AGO,Angola,2024,
AGO,Angola,2023,
AGO,Angola,2022,28.70015144
AGO,Angola,2021,26.07763863
AGO,Angola,2020,28.66170883
AGO,Angola,2019,33.05723953
AGO,Angola,2018,36.18026733
AGO,Angola,2017,34.12101364
AGO,Angola,2016,35.20893097
AGO,Angola,2015,33.52316666
AGO,Angola,2014,26.8761673
AGO,Angola,2013,21.3492775
AGO,Angola,2012,17.61917686
AGO,Angola,2011,17.99380875
AGO,Angola,2010,19.34375572
AGO,Angola,2009,15.50890541
AGO,Angola,2008,21.6532383
AGO,Angola,2007,28.38397217
AGO,Angola,2006,30.66570091
AGO,Angola,2005,42.33265686
AGO,Angola,2004,46.89109802
AGO,Angola,2003,48.51068878
AGO,Angola,2002,49.66205215
AGO,Angola,2001,45.09108734
AGO,Angola,2000,27.3046875
ATG,Antigua and Barbuda,2024,
ATG,Antigua and Barbuda,2023,
ATG,Antigua and Barbuda,2022,24.80779076
ATG,Antigua and Barbuda,2021,21.55276871
ATG,Antigua and Barbuda,2020,21.96622849
ATG,Antigua and Barbuda,2019,24.26510048
ATG,Antigua and Barbuda,2018,23.66021156
ATG,Antigua and Barbuda,2017,26.5686245
ATG,Antigua and Barbuda,2016,27.5195961
ATG,Antigua and Barbuda,2015,23.53068924
ATG,Antigua and Barbuda,2014,25.34367752
ATG,Antigua and Barbuda,2013,26.76339149
ATG,Antigua and Barbuda,2012,26.8955822
ATG,Antigua and Barbuda,2011,25.77301407
ATG,Antigua and Barbuda,2010,24.68379784
ATG,Antigua and Barbuda,2009,25.27703667
ATG,Antigua and Barbuda,2008,31.90914726
ATG,Antigua and Barbuda,2007,32.52657318
ATG,Antigua and Barbuda,2006,30.31648445
ATG,Antigua and Barbuda,2005,27.07497978
ATG,Antigua and Barbuda,2004,24.31144524
ATG,Antigua and Barbuda,2003,23.21788979
ATG,Antigua and Barbuda,2002,22.74011803
ATG,Antigua and Barbuda,2001,22.74691391
ATG,Antigua and Barbuda,2000,22.22428131
ARG,Argentina,2024,
ARG,Argentina,2023,
ARG,Argentina,2022,26.40138435
ARG,Argentina,2021,24.93863487
ARG,Argentina,2020,21.75679016
ARG,Argentina,2019,23.94149971
ARG,Argentina,2018,25.13258934
ARG,Argentina,2017,21.28657913
ARG,Argentina,2016,27.00738144
ARG,Argentina,2015,25.93237305
ARG,Argentina,2014,27.04210854
ARG,Argentina,2013,26.81741714
ARG,Argentina,2012,26.08745956
ARG,Argentina,2011,26.89295959
ARG,Argentina,2010,26.78010178
ARG,Argentina,2009,26.18709564
ARG,Argentina,2008,30.2619133
ARG,Argentina,2007,31.28629875
ARG,Argentina,2006,32.41083908
ARG,Argentina,2005,33.06813431
ARG,Argentina,2004,27.62963104
ARG,Argentina,2003,28.24989319
ARG,Argentina,2002,29.99389839
ARG,Argentina,2001,29.47439957
ARG,Argentina,2000,29.10433197
ARM,Armenia,2024,
ARM,Armenia,2023,
ARM,Armenia,2022,79.0908432
ARM,Armenia,2021,78.65647888
ARM,Armenia,2020,77.84781647
ARM,Armenia,2019,84.79430389
ARM,Armenia,2018,84.27638245
ARM,Armenia,2017,84.34803009
ARM,Armenia,2016,80.6469574
ARM,Armenia,2015,81.62987518
ARM,Armenia,2014,82.48136902
ARM,Armenia,2013,82.8755722
ARM,Armenia,2012,78.58730316
ARM,Armenia,2011,78.41966248
ARM,Armenia,2010,77.62413025
ARM,Armenia,2009,73.63291931
ARM,Armenia,2008,71.43701172
ARM,Armenia,2007,58.22918701
ARM,Armenia,2006,61.17357254
ARM,Armenia,2005,62.93592072
ARM,Armenia,2004,71.58870697
ARM,Armenia,2003,76.42555237
ARM,Armenia,2002,75.23449707
ARM,Armenia,2001,50.87960052
ARM,Armenia,2000,62.010952
ABW,Aruba,2024,
ABW,Aruba,2023,
ABW,Aruba,2022,
ABW,Aruba,2021,
ABW,Aruba,2020,
ABW,Aruba,2019,
ABW,Aruba,2018,
ABW,Aruba,2017,
ABW,Aruba,2016,
ABW,Aruba,2015,
ABW,Aruba,2014,
ABW,Aruba,2013,
ABW,Aruba,2012,
ABW,Aruba,2011,
ABW,Aruba,2010,
ABW,Aruba,2009,
ABW,Aruba,2008,
ABW,Aruba,2007,
ABW,Aruba,2006,
ABW,Aruba,2005,
ABW,Aruba,2004,
ABW,Aruba,2003,
ABW,Aruba,2002,
ABW,Aruba,2001,
ABW,Aruba,2000,
AUS,Australia,2024,
AUS,Australia,2023,
AUS,Australia,2022,15.2829895
AUS,Australia,2021,13.83726788
AUS,Australia,2020,14.88613701
AUS,Australia,2019,14.70659161
AUS,Australia,2018,16.22962379
AUS,Australia,2017,16.60431862
AUS,Australia,2016,16.94656944
AUS,Australia,2015,17.20188141
AUS,Australia,2014,17.84736443
AUS,Australia,2013,19.52692413
AUS,Australia,2012,19.93433952
AUS,Australia,2011,19.17248344
AUS,Australia,2010,19.74928665
AUS,Australia,2009,19.05284309
AUS,Australia,2008,19.04162598
AUS,Australia,2007,19.00255966
AUS,Australia,2006,19.74941826
AUS,Australia,2005,19.64301491
AUS,Australia,2004,19.21869659
AUS,Australia,2003,19.14758873
AUS,Australia,2002,19.92001152
AUS,Australia,2001,20.43909836
AUS,Australia,2000,20.99713898
AUT,Austria,2024,
AUT,Austria,2023,16.13623428
AUT,Austria,2022,15.99057865
AUT,Austria,2021,15.73479843
AUT,Austria,2020,16.47193336
AUT,Austria,2019,17.91519737
AUT,Austria,2018,18.42534828
AUT,Austria,2017,19.15275955
AUT,Austria,2016,19.24335289
AUT,Austria,2015,19.09111214
AUT,Austria,2014,19.09817505
AUT,Austria,2013,19.1712513
AUT,Austria,2012,18.67409134
AUT,Austria,2011,18.73956299
AUT,Austria,2010,18.60162735
AUT,Austria,2009,18.05128479
AUT,Austria,2008,18.24393272
AUT,Austria,2007,18.80613899
AUT,Austria,2006,18.80627823
AUT,Austria,2005,19.18325996
AUT,Austria,2004,19.30190468
AUT,Austria,2003,18.88836861
AUT,Austria,2002,18.61328697
AUT,Austria,2001,18.46295738
AUT,Austria,2000,17.82221985
AZE,Azerbaijan,2024,
AZE,Azerbaijan,2023,
AZE,Azerbaijan,2022,64.46770477
AZE,Azerbaijan,2021,66.0317688
AZE,Azerbaijan,2020,57.828125
AZE,Azerbaijan,2019,71.34140778
AZE,Azerbaijan,2018,73.38605499
AZE,Azerbaijan,2017,71.84921265
AZE,Azerbaijan,2016,70.02903748
AZE,Azerbaijan,2015,69.12871552
AZE,Azerbaijan,2014,67.54847717
AZE,Azerbaijan,2013,66.2504425
AZE,Azerbaijan,2012,62.97990417
AZE,Azerbaijan,2011,62.14058304
AZE,Azerbaijan,2010,60.27914047
AZE,Azerbaijan,2009,57.89490891
AZE,Azerbaijan,2008,56.54062271
AZE,Azerbaijan,2007,52.6079216
AZE,Azerbaijan,2006,56.28426743
AZE,Azerbaijan,2005,59.33625793
AZE,Azerbaijan,2004,65.92002106
AZE,Azerbaijan,2003,69.0607605
AZE,Azerbaijan,2002,72.33946991
AZE,Azerbaijan,2001,69.62220764
AZE,Azerbaijan,2000,70.00448608
BHS,"Bahamas, The",2024,
BHS,"Bahamas, The",2023,
BHS,"Bahamas, The",2022,24.24633217
BHS,"Bahamas, The",2021,25.51211166
BHS,"Bahamas, The",2020,22.40900993
BHS,"Bahamas, The",2019,26.72900009
BHS,"Bahamas, The",2018,27.6782856
BHS,"Bahamas, The",2017,24.33213806
BHS,"Bahamas, The",2016,28.00711441
BHS,"Bahamas, The",2015,30.3905201
BHS,"Bahamas, The",2014,28.32260704
BHS,"Bahamas, The",2013,27.93116951
BHS,"Bahamas, The",2012,28.74622917
BHS,"Bahamas, The",2011,27.96435928
BHS,"Bahamas, The",2010,27.59894562
BHS,"Bahamas, The",2009,27.0141716
BHS,"Bahamas, The",2008,27.80749512
BHS,"Bahamas, The",2007,28.73091125
BHS,"Bahamas, The",2006,29.36036491
BHS,"Bahamas, The",2005,30.36487389
BHS,"Bahamas, The",2004,29.60046577
BHS,"Bahamas, The",2003,28.64151382
BHS,"Bahamas, The",2002,28.80686188
BHS,"Bahamas, The",2001,28.23169136
BHS,"Bahamas, The",2000,27.22701263
BHR,Bahrain,2024,
BHR,Bahrain,2023,
BHR,Bahrain,2022,23.47058868
BHR,Bahrain,2021,25.66297722
BHR,Bahrain,2020,26.28821754
BHR,Bahrain,2019,29.97935486
BHR,Bahrain,2018,30.00357628
BHR,Bahrain,2017,31.99498177
BHR,Bahrain,2016,27.98857307
BHR,Bahrain,2015,25.89375496
BHR,Bahrain,2014,26.14287376
BHR,Bahrain,2013,26.91797447
BHR,Bahrain,2012,26.80383301
BHR,Bahrain,2011,26.31511879
BHR,Bahrain,2010,26.74535942
BHR,Bahrain,2009,26.58000565
BHR,Bahrain,2008,27.9108448
BHR,Bahrain,2007,30.2359314
BHR,Bahrain,2006,26.69632721
BHR,Bahrain,2005,27.47366142
BHR,Bahrain,2004,30.68171883
BHR,Bahrain,2003,32.31951141
BHR,Bahrain,2002,26.95469666
BHR,Bahrain,2001,26.7744503
BHR,Bahrain,2000,27.53905296
BGD,Bangladesh,2024,
BGD,Bangladesh,2023,
BGD,Bangladesh,2022,72.52640533
BGD,Bangladesh,2021,72.96946716
BGD,Bangladesh,2020,74.00198364
BGD,Bangladesh,2019,72.05020905
BGD,Bangladesh,2018,70.67902374
BGD,Bangladesh,2017,70.08963776
BGD,Bangladesh,2016,71.49494171
BGD,Bangladesh,2015,72.67826843
BGD,Bangladesh,2014,70.75862885
BGD,Bangladesh,2013,69.62185669
BGD,Bangladesh,2012,68.27939606
BGD,Bangladesh,2011,68.17604828
BGD,Bangladesh,2010,67.95515442
BGD,Bangladesh,2009,67.94347382
BGD,Bangladesh,2008,67.83094788
BGD,Bangladesh,2007,66.41323853
BGD,Bangladesh,2006,65.63786316
BGD,Bangladesh,2005,65.38332367
BGD,Bangladesh,2004,63.09557724
BGD,Bangladesh,2003,63.01078033
BGD,Bangladesh,2002,62.93533707
BGD,Bangladesh,2001,65.80530548
BGD,Bangladesh,2000,61.82206726
BRB,Barbados,2024,
BRB,Barbados,2023,
BRB,Barbados,2022,46.7436409
BRB,Barbados,2021,38.77418137
BRB,Barbados,2020,42.93118668
BRB,Barbados,2019,46.69363785
BRB,Barbados,2018,45.89333344
BRB,Barbados,2017,45.55510712
BRB,Barbados,2016,45.05650711
BRB,Barbados,2015,44.41487503
BRB,Barbados,2014,43.63391113
BRB,Barbados,2013,40.41992569
BRB,Barbados,2012,38.606987
BRB,Barbados,2011,42.20311737
BRB,Barbados,2010,38.09718323
BRB,Barbados,2009,36.33097839
BRB,Barbados,2008,35.45105743
BRB,Barbados,2007,36.83722687
BRB,Barbados,2006,35.37914276
BRB,Barbados,2005,35.04058456
BRB,Barbados,2004,33.59903336
BRB,Barbados,2003,35.8896904
BRB,Barbados,2002,36.52173615
BRB,Barbados,2001,38.05859375
BRB,Barbados,2000,39.37475586
BLR,Belarus,2024,
BLR,Belarus,2023,
BLR,Belarus,2022,27.618536
BLR,Belarus,2021,21.92699814
BLR,Belarus,2020,24.76618576
BLR,Belarus,2019,25.69003105
BLR,Belarus,2018,25.44559479
BLR,Belarus,2017,27.05755615
BLR,Belarus,2016,26.71418381
BLR,Belarus,2015,36.20293045
BLR,Belarus,2014,34.89439774
BLR,Belarus,2013,33.79212189
BLR,Belarus,2012,30.77361488
BLR,Belarus,2011,33.58686447
BLR,Belarus,2010,29.16505241
BLR,Belarus,2009,30.91816902
BLR,Belarus,2008,29.83945274
BLR,Belarus,2007,25.79533768
BLR,Belarus,2006,24.38873672
BLR,Belarus,2005,21.783041
BLR,Belarus,2004,19.22298622
BLR,Belarus,2003,20.16473579
BLR,Belarus,2002,23.02361107
BLR,Belarus,2001,20.72087097
BLR,Belarus,2000,16.013731
BEL,Belgium,2024,
BEL,Belgium,2023,
BEL,Belgium,2022,20.04573441
BEL,Belgium,2021,18.77902412
BEL,Belgium,2020,17.18937492
BEL,Belgium,2019,19.74298286
BEL,Belgium,2018,18.48899078
BEL,Belgium,2017,18.38533974
BEL,Belgium,2016,18.45969009
BEL,Belgium,2015,19.01653671
BEL,Belgium,2014,19.53039551
BEL,Belgium,2013,19.7401123
BEL,Belgium,2012,19.44441032
BEL,Belgium,2011,19.59739113
BEL,Belgium,2010,19.72496033
BEL,Belgium,2009,19.6732502
BEL,Belgium,2008,19.90612221
BEL,Belgium,2007,20.56515503
BEL,Belgium,2006,20.20729828
BEL,Belgium,2005,20.00785255
BEL,Belgium,2004,19.93850136
BEL,Belgium,2003,20.74399567
BEL,Belgium,2002,20.84733772
BEL,Belgium,2001,19.56598473
BEL,Belgium,2000,20.20431137
BLZ,Belize,2024,
BLZ,Belize,2023,
BLZ,Belize,2022,26.60677338
BLZ,Belize,2021,22.07592201
BLZ,Belize,2020,20.86414528
BLZ,Belize,2019,22.72480011
BLZ,Belize,2018,23.10110855
BLZ,Belize,2017,23.27973175
BLZ,Belize,2016,22.72099876
BLZ,Belize,2015,23.42960167
BLZ,Belize,2014,22.72506523
BLZ,Belize,2013,25.31771088
BLZ,Belize,2012,25.15201187
BLZ,Belize,2011,24.01806259
BLZ,Belize,2010,24.62802124
BLZ,Belize,2009,24.33958817
BLZ,Belize,2008,24.22947693
BLZ,Belize,2007,26.12111855
BLZ,Belize,2006,30.15259171
BLZ,Belize,2005,33.10662079
BLZ,Belize,2004,34.26222229
BLZ,Belize,2003,34.33569336
BLZ,Belize,2002,33.93389511
BLZ,Belize,2001,34.01008606
BLZ,Belize,2000,38.14070511
BEN,Benin,2024,
BEN,Benin,2023,
BEN,Benin,2022,42.49658966
BEN,Benin,2021,48.63362122
BEN,Benin,2020,46.80970383
BEN,Benin,2019,50.89290237
BEN,Benin,2018,45.57242584
BEN,Benin,2017,50.78124237
BEN,Benin,2016,48.86447906
BEN,Benin,2015,51.40564728
BEN,Benin,2014,46.49401474
BEN,Benin,2013,42.5843277
BEN,Benin,2012,41.52767944
BEN,Benin,2011,44.51008987
BEN,Benin,2010,43.51421356
BEN,Benin,2009,42.59873962
BEN,Benin,2008,44.00003433
BEN,Benin,2007,48.27828979
BEN,Benin,2006,45.66500092
BEN,Benin,2005,46.5252533
BEN,Benin,2004,48.58201981
BEN,Benin,2003,51.67531586
BEN,Benin,2002,51.76609039
BEN,Benin,2001,49.05539703
BEN,Benin,2000,54.91024399
BMU,Bermuda,2024,
BMU,Bermuda,2023,
BMU,Bermuda,2022,
BMU,Bermuda,2021,
BMU,Bermuda,2020,
BMU,Bermuda,2019,
BMU,Bermuda,2018,
BMU,Bermuda,2017,
BMU,Bermuda,2016,
BMU,Bermuda,2015,
BMU,Bermuda,2014,
BMU,Bermuda,2013,
BMU,Bermuda,2012,
BMU,Bermuda,2011,
BMU,Bermuda,2010,
BMU,Bermuda,2009,
BMU,Bermuda,2008,
BMU,Bermuda,2007,
BMU,Bermuda,2006,
BMU,Bermuda,2005,
BMU,Bermuda,2004,
BMU,Bermuda,2003,
BMU,Bermuda,2002,
BMU,Bermuda,2001,
BMU,Bermuda,2000,
BTN,Bhutan,2024,
BTN,Bhutan,2023,
BTN,Bhutan,2022,34.56685638
BTN,Bhutan,2021,21.42639542
BTN,Bhutan,2020,15.42465878
BTN,Bhutan,2019,17.79043007
BTN,Bhutan,2018,13.16380501
BTN,Bhutan,2017,13.3064661
BTN,Bhutan,2016,20.12969589
BTN,Bhutan,2015,19.79465675
BTN,Bhutan,2014,21.17123032
BTN,Bhutan,2013,20.31390381
BTN,Bhutan,2012,20.50640488
BTN,Bhutan,2011,16.34392738
BTN,Bhutan,2010,16.48263359
BTN,Bhutan,2009,16.58108711
BTN,Bhutan,2008,15.47424698
BTN,Bhutan,2007,14.33664703
BTN,Bhutan,2006,14.79103374
BTN,Bhutan,2005,16.79038239
BTN,Bhutan,2004,16.25363541
BTN,Bhutan,2003,19.00845528
BTN,Bhutan,2002,11.15311337
BTN,Bhutan,2001,8.03274536
BTN,Bhutan,2000,11.54134464
BOL,Bolivia,2024,
BOL,Bolivia,2023,
BOL,Bolivia,2022,21.87678146
BOL,Bolivia,2021,22.73787498
BOL,Bolivia,2020,20.89839554
BOL,Bolivia,2019,23.99159813
BOL,Bolivia,2018,22.10827065
BOL,Bolivia,2017,25.07784653
BOL,Bolivia,2016,28.02112007
BOL,Bolivia,2015,27.32661629
BOL,Bolivia,2014,30.90435982
BOL,Bolivia,2013,34.00916672
BOL,Bolivia,2012,34.3583374
BOL,Bolivia,2011,32.50546646
BOL,Bolivia,2010,33.27740097
BOL,Bolivia,2009,30.09937668
BOL,Bolivia,2008,30.36822891
BOL,Bolivia,2007,30.76193619
BOL,Bolivia,2006,32.2653923
BOL,Bolivia,2005,32.00019073
BOL,Bolivia,2004,32.59439087
BOL,Bolivia,2003,32.02861404
BOL,Bolivia,2002,33.92093658
BOL,Bolivia,2001,33.05337524
BOL,Bolivia,2000,33.50730133
BIH,Bosnia and Herzegovina,2024,
BIH,Bosnia and Herzegovina,2023,
BIH,Bosnia and Herzegovina,2022,30.88310814
BIH,Bosnia and Herzegovina,2021,30.71450996
BIH,Bosnia and Herzegovina,2020,28.86445999
BIH,Bosnia and Herzegovina,2019,29.35281181
BIH,Bosnia and Herzegovina,2018,29.31168938
BIH,Bosnia and Herzegovina,2017,29.11909294
BIH,Bosnia and Herzegovina,2016,28.61372757
BIH,Bosnia and Herzegovina,2015,28.80271149
BIH,Bosnia and Herzegovina,2014,28.92234421
BIH,Bosnia and Herzegovina,2013,29.06751633
BIH,Bosnia and Herzegovina,2012,29.21257019
BIH,Bosnia and Herzegovina,2011,29.46848488
BIH,Bosnia and Herzegovina,2010,30.07586288
BIH,Bosnia and Herzegovina,2009,30.61831665
BIH,Bosnia and Herzegovina,2008,43.91299438
BIH,Bosnia and Herzegovina,2007,44.27066803
BIH,Bosnia and Herzegovina,2006,44.99708557
BIH,Bosnia and Herzegovina,2005,45.20005798
BIH,Bosnia and Herzegovina,2004,42.70067978
BIH,Bosnia and Herzegovina,2003,32.54938889
BIH,Bosnia and Herzegovina,2002,38.45634842
BIH,Bosnia and Herzegovina,2001,41.3520546
BIH,Bosnia and Herzegovina,2000,41.98865128
BWA,Botswana,2024,
BWA,Botswana,2023,
BWA,Botswana,2022,4.39138889
BWA,Botswana,2021,4.26548243
BWA,Botswana,2020,4.9515481
BWA,Botswana,2019,4.49591017
BWA,Botswana,2018,5.10579157
BWA,Botswana,2017,2.99324226
BWA,Botswana,2016,3.30749416
BWA,Botswana,2015,3.57781744
BWA,Botswana,2014,3.71709538
BWA,Botswana,2013,3.78434443
BWA,Botswana,2012,4.2400465
BWA,Botswana,2011,4.5739603
BWA,Botswana,2010,4.99356318
BWA,Botswana,2009,5.42353058
BWA,Botswana,2008,5.81573677
BWA,Botswana,2007,6.77262211
BWA,Botswana,2006,8.29256916
BWA,Botswana,2005,8.49857712
BWA,Botswana,2004,8.5832901
BWA,Botswana,2003,8.76611137
BWA,Botswana,2002,8.74494839
BWA,Botswana,2001,9.45568562
BWA,Botswana,2000,10.67191124
BRA,Brazil,2024,
BRA,Brazil,2023,
BRA,Brazil,2022,27.36837578
BRA,Brazil,2021,25.26789093
BRA,Brazil,2020,26.09086418
BRA,Brazil,2019,24.87984657
BRA,Brazil,2018,24.82529449
BRA,Brazil,2017,24.46793365
BRA,Brazil,2016,24.42057228
BRA,Brazil,2015,24.70735931
BRA,Brazil,2014,28.18024635
BRA,Brazil,2013,28.17706871
BRA,Brazil,2012,29.68202972
BRA,Brazil,2011,29.29958534
BRA,Brazil,2010,29.38520432
BRA,Brazil,2009,31.21031952
BRA,Brazil,2008,30.88409233
BRA,Brazil,2007,33.09412003
BRA,Brazil,2006,34.37126541
BRA,Brazil,2005,35.87643814
BRA,Brazil,2004,35.3658371
BRA,Brazil,2003,35.47386169
BRA,Brazil,2002,36.40619659
BRA,Brazil,2001,37.80702972
BRA,Brazil,2000,36.59222031
VGB,British Virgin Islands,2024,
VGB,British Virgin Islands,2023,
VGB,British Virgin Islands,2022,
VGB,British Virgin Islands,2021,
VGB,British Virgin Islands,2020,
VGB,British Virgin Islands,2019,
VGB,British Virgin Islands,2018,
VGB,British Virgin Islands,2017,
VGB,British Virgin Islands,2016,
VGB,British Virgin Islands,2015,
VGB,British Virgin Islands,2014,
VGB,British Virgin Islands,2013,
VGB,British Virgin Islands,2012,
VGB,British Virgin Islands,2011,
VGB,British Virgin Islands,2010,
VGB,British Virgin Islands,2009,
VGB,British Virgin Islands,2008,
VGB,British Virgin Islands,2007,
VGB,British Virgin Islands,2006,
VGB,British Virgin Islands,2005,
VGB,British Virgin Islands,2004,
VGB,British Virgin Islands,2003,
VGB,British Virgin Islands,2002,
VGB,British Virgin Islands,2001,
VGB,British Virgin Islands,2000,
BRN,Brunei Darussalam,2024,
BRN,Brunei Darussalam,2023,
BRN,Brunei Darussalam,2022,7.65840197
BRN,Brunei Darussalam,2021,6.93069315
BRN,Brunei Darussalam,2020,5.81453037
BRN,Brunei Darussalam,2019,5.50818491
BRN,Brunei Darussalam,2018,4.85835171
BRN,Brunei Darussalam,2017,5.41142321
BRN,Brunei Darussalam,2016,4.97981501
BRN,Brunei Darussalam,2015,4.97357655
BRN,Brunei Darussalam,2014,7.33459949
BRN,Brunei Darussalam,2013,9.4074192
BRN,Brunei Darussalam,2012,8.85192871
BRN,Brunei Darussalam,2011,8.47186852
BRN,Brunei Darussalam,2010,8.26134872
BRN,Brunei Darussalam,2009,9.49940205
BRN,Brunei Darussalam,2008,10.10823727
BRN,Brunei Darussalam,2007,12.78499889
BRN,Brunei Darussalam,2006,14.68852711
BRN,Brunei Darussalam,2005,16.33396339
BRN,Brunei Darussalam,2004,16.90948105
BRN,Brunei Darussalam,2003,17.0513382
BRN,Brunei Darussalam,2002,16.41055107
BRN,Brunei Darussalam,2001,16.80674553
BRN,Brunei Darussalam,2000,15.83131313
BGR,Bulgaria,2024,
BGR,Bulgaria,2023,
BGR,Bulgaria,2022,35.07592392
BGR,Bulgaria,2021,33.72874832
BGR,Bulgaria,2020,35.52528763
BGR,Bulgaria,2019,37.79553986
BGR,Bulgaria,2018,39.32843781
BGR,Bulgaria,2017,42.19384384
BGR,Bulgaria,2016,43.25471497
BGR,Bulgaria,2015,42.50993729
BGR,Bulgaria,2014,40.24094009
BGR,Bulgaria,2013,41.86244583
BGR,Bulgaria,2012,47.7468071
BGR,Bulgaria,2011,44.46372604
BGR,Bulgaria,2010,43.14134216
BGR,Bulgaria,2009,44.3673439
BGR,Bulgaria,2008,42.62918854
BGR,Bulgaria,2007,42.59270096
BGR,Bulgaria,2006,42.64740753
BGR,Bulgaria,2005,38.86741257
BGR,Bulgaria,2004,39.20325851
BGR,Bulgaria,2003,38.06082916
BGR,Bulgaria,2002,39.79439545
BGR,Bulgaria,2001,43.70613098
BGR,Bulgaria,2000,40.3757019
BFA,Burkina Faso,2024,
BFA,Burkina Faso,2023,
BFA,Burkina Faso,2022,34.61856079
BFA,Burkina Faso,2021,34.64732361
BFA,Burkina Faso,2020,34.64081192
BFA,Burkina Faso,2019,34.69356155
BFA,Burkina Faso,2018,35.83074951
BFA,Burkina Faso,2017,31.67767906
BFA,Burkina Faso,2016,31.38309479
BFA,Burkina Faso,2015,36.02980042
BFA,Burkina Faso,2014,34.07847595
BFA,Burkina Faso,2013,33.53733063
BFA,Burkina Faso,2012,32.38356781
BFA,Burkina Faso,2011,32.88170242
BFA,Burkina Faso,2010,30.16873169
BFA,Burkina Faso,2009,31.44069099
BFA,Burkina Faso,2008,30.95701027
BFA,Burkina Faso,2007,27.39347267
BFA,Burkina Faso,2006,30.85259819
BFA,Burkina Faso,2005,30.71225548
BFA,Burkina Faso,2004,30.43884087
BFA,Burkina Faso,2003,33.38692856
BFA,Burkina Faso,2002,38.27582932
BFA,Burkina Faso,2001,42.72938538
BFA,Burkina Faso,2000,42.16007996
BDI,Burundi,2024,
BDI,Burundi,2023,
BDI,Burundi,2022,24.51572418
BDI,Burundi,2021,24.5846138
BDI,Burundi,2020,20.45733452
BDI,Burundi,2019,22.21640587
BDI,Burundi,2018,27.11566162
BDI,Burundi,2017,28.99659729
BDI,Burundi,2016,28.36751747
BDI,Burundi,2015,31.20963097
BDI,Burundi,2014,31.00106621
BDI,Burundi,2013,20.86187553
BDI,Burundi,2012,22.40234756
BDI,Burundi,2011,25.47524261
BDI,Burundi,2010,28.18636131
BDI,Burundi,2009,35.45698547
BDI,Burundi,2008,42.89714813
BDI,Burundi,2007,41.13088989
BDI,Burundi,2006,39.72788239
BDI,Burundi,2005,39.18720245
BDI,Burundi,2004,38.59356308
BDI,Burundi,2003,50.25006485
BDI,Burundi,2002,49.84329987
BDI,Burundi,2001,45.43356323
BDI,Burundi,2000,61.1387825
CPV,Cabo Verde,2024,
CPV,Cabo Verde,2023,
CPV,Cabo Verde,2022,25.71064949
CPV,Cabo Verde,2021,21.34170151
CPV,Cabo Verde,2020,25.58811951
CPV,Cabo Verde,2019,28.21940231
CPV,Cabo Verde,2018,28.09855843
CPV,Cabo Verde,2017,28.32613182
CPV,Cabo Verde,2016,28.66605759
CPV,Cabo Verde,2015,27.7348938
CPV,Cabo Verde,2014,25.69905281
CPV,Cabo Verde,2013,24.25014687
CPV,Cabo Verde,2012,24.56819153
CPV,Cabo Verde,2011,25.89292908
CPV,Cabo Verde,2010,28.08193207
CPV,Cabo Verde,2009,24.22961617
CPV,Cabo Verde,2008,24.45173645
CPV,Cabo Verde,2007,22.91623306
CPV,Cabo Verde,2006,23.7995739
CPV,Cabo Verde,2005,24.59075356
CPV,Cabo Verde,2004,23.83398628
CPV,Cabo Verde,2003,24.17235374
CPV,Cabo Verde,2002,23.52381516
CPV,Cabo Verde,2001,23.3310833
CPV,Cabo Verde,2000,25.25918961
KHM,Cambodia,2024,
KHM,Cambodia,2023,
KHM,Cambodia,2022,61.21101379
KHM,Cambodia,2021,54.9388237
KHM,Cambodia,2020,62.05143356
KHM,Cambodia,2019,64.39125061
KHM,Cambodia,2018,60.96880341
KHM,Cambodia,2017,58.23595047
KHM,Cambodia,2016,56.05389786
KHM,Cambodia,2015,57.33106613
KHM,Cambodia,2014,58.62177658
KHM,Cambodia,2013,61.22215652
KHM,Cambodia,2012,60.4709053
KHM,Cambodia,2011,59.74188232
KHM,Cambodia,2010,51.90946579
KHM,Cambodia,2009,50.50344467
KHM,Cambodia,2008,51.07616043
KHM,Cambodia,2007,48.9773674
KHM,Cambodia,2006,52.6481781
KHM,Cambodia,2005,61.23876953
KHM,Cambodia,2004,56.64434814
KHM,Cambodia,2003,61.8911171
KHM,Cambodia,2002,60.82085037
KHM,Cambodia,2001,62.38497543
KHM,Cambodia,2000,68.74071503
CMR,Cameroon,2024,
CMR,Cameroon,2023,
CMR,Cameroon,2022,67.69355011
CMR,Cameroon,2021,70.62872314
CMR,Cameroon,2020,71.87678528
CMR,Cameroon,2019,72.18878174
CMR,Cameroon,2018,72.26169586
CMR,Cameroon,2017,78.46200562
CMR,Cameroon,2016,73.38752747
CMR,Cameroon,2015,73.83300781
CMR,Cameroon,2014,68.98474121
CMR,Cameroon,2013,69.71942139
CMR,Cameroon,2012,66.84483337
CMR,Cameroon,2011,69.64955139
CMR,Cameroon,2010,76.0213623
CMR,Cameroon,2009,76.76542664
CMR,Cameroon,2008,74.24559021
CMR,Cameroon,2007,75.56835175
CMR,Cameroon,2006,74.35810852
CMR,Cameroon,2005,74.33882904
CMR,Cameroon,2004,73.89202118
CMR,Cameroon,2003,71.51586914
CMR,Cameroon,2002,70.18141174
CMR,Cameroon,2001,75.10469818
CMR,Cameroon,2000,78.47399902
CAN,Canada,2024,
CAN,Canada,2023,15.30350018
CAN,Canada,2022,14.85310173
CAN,Canada,2021,13.94483089
CAN,Canada,2020,13.71094322
CAN,Canada,2019,15.46867561
CAN,Canada,2018,15.54331493
CAN,Canada,2017,15.81531811
CAN,Canada,2016,15.60097218
CAN,Canada,2015,14.69644833
CAN,Canada,2014,14.70750904
CAN,Canada,2013,14.55731869
CAN,Canada,2012,14.98691845
CAN,Canada,2011,15.15951061
CAN,Canada,2010,15.61018085
CAN,Canada,2009,15.17761517
CAN,Canada,2008,15.51378059
CAN,Canada,2007,15.62043285
CAN,Canada,2006,15.89845181
CAN,Canada,2005,15.36829376
CAN,Canada,2004,15.28786945
CAN,Canada,2003,15.2514801
CAN,Canada,2002,15.9083395
CAN,Canada,2001,15.92599487
CAN,Canada,2000,16.60520935
CYM,Cayman Islands,2024,
CYM,Cayman Islands,2023,
CYM,Cayman Islands,2022,
CYM,Cayman Islands,2021,
CYM,Cayman Islands,2020,
CYM,Cayman Islands,2019,
CYM,Cayman Islands,2018,
CYM,Cayman Islands,2017,
CYM,Cayman Islands,2016,
CYM,Cayman Islands,2015,
CYM,Cayman Islands,2014,
CYM,Cayman Islands,2013,
CYM,Cayman Islands,2012,
CYM,Cayman Islands,2011,
CYM,Cayman Islands,2010,
CYM,Cayman Islands,2009,
CYM,Cayman Islands,2008,
CYM,Cayman Islands,2007,
CYM,Cayman Islands,2006,
CYM,Cayman Islands,2005,
CYM,Cayman Islands,2004,
CYM,Cayman Islands,2003,
CYM,Cayman Islands,2002,
CYM,Cayman Islands,2001,
CYM,Cayman Islands,2000,
CAF,Central African Republic,2024,
CAF,Central African Republic,2023,
CAF,Central African Republic,2022,47.64571381
CAF,Central African Republic,2021,49.57910919
CAF,Central African Republic,2020,49.67552567
CAF,Central African Republic,2019,60.55825424
CAF,Central African Republic,2018,41.67272949
CAF,Central African Republic,2017,56.41589355
CAF,Central African Republic,2016,55.20955658
CAF,Central African Republic,2015,48.77671814
CAF,Central African Republic,2014,46.46343231
CAF,Central African Republic,2013,45.23834229
CAF,Central African Republic,2012,58.08099365
CAF,Central African Republic,2011,58.58395386
CAF,Central African Republic,2010,59.52026749
CAF,Central African Republic,2009,47.84398651
CAF,Central African Republic,2008,57.97245407
CAF,Central African Republic,2007,49.70782471
CAF,Central African Republic,2006,51.5475769
CAF,Central African Republic,2005,51.71973801
CAF,Central African Republic,2004,53.13077927
CAF,Central African Republic,2003,49.06583023
CAF,Central African Republic,2002,49.59783554
CAF,Central African Republic,2001,54.10288239
CAF,Central African Republic,2000,48.27813721
TCD,Chad,2024,
TCD,Chad,2023,
TCD,Chad,2022,58.17550659
TCD,Chad,2021,69.48040771
TCD,Chad,2020,69.76126099
TCD,Chad,2019,63.69689178
TCD,Chad,2018,64.376091
TCD,Chad,2017,59.87926483
TCD,Chad,2016,55.14606857
TCD,Chad,2015,56.72420502
TCD,Chad,2014,55.72120285
TCD,Chad,2013,58.6379509
TCD,Chad,2012,59.42821884
TCD,Chad,2011,60.77016068
TCD,Chad,2010,67.58454132
TCD,Chad,2009,65.01296997
TCD,Chad,2008,68.81594849
TCD,Chad,2007,64.9182663
TCD,Chad,2006,63.66035843
TCD,Chad,2005,56.22251129
TCD,Chad,2004,51.0140686
TCD,Chad,2003,47.41553116
TCD,Chad,2002,64.73538208
TCD,Chad,2001,58.26092911
TCD,Chad,2000,56.216259
CHI,Channel Islands,2024,
CHI,Channel Islands,2023,
CHI,Channel Islands,2022,
CHI,Channel Islands,2021,
CHI,Channel Islands,2020,
CHI,Channel Islands,2019,
CHI,Channel Islands,2018,
CHI,Channel Islands,2017,
CHI,Channel Islands,2016,
CHI,Channel Islands,2015,
CHI,Channel Islands,2014,
CHI,Channel Islands,2013,
CHI,Channel Islands,2012,
CHI,Channel Islands,2011,
CHI,Channel Islands,2010,
CHI,Channel Islands,2009,
CHI,Channel Islands,2008,
CHI,Channel Islands,2007,
CHI,Channel Islands,2006,
CHI,Channel Islands,2005,
CHI,Channel Islands,2004,
CHI,Channel Islands,2003,
CHI,Channel Islands,2002,
CHI,Channel Islands,2001,
CHI,Channel Islands,2000,
CHL,Chile,2024,
CHL,Chile,2023,35.03757477
CHL,Chile,2022,35.46334839
CHL,Chile,2021,32.63452148
CHL,Chile,2020,29.04245186
CHL,Chile,2019,32.34170532
CHL,Chile,2018,32.69705963
CHL,Chile,2017,33.30509567
CHL,Chile,2016,34.75082779
CHL,Chile,2015,34.50925446
CHL,Chile,2014,34.26873016
CHL,Chile,2013,33.63830948
CHL,Chile,2012,33.40764236
CHL,Chile,2011,34.49925995
CHL,Chile,2010,34.46762848
CHL,Chile,2009,34.58893585
CHL,Chile,2008,37.43042755
CHL,Chile,2007,39.18727112
CHL,Chile,2006,40.74998093
CHL,Chile,2005,42.47086716
CHL,Chile,2004,41.84412003
CHL,Chile,2003,42.76384735
CHL,Chile,2002,42.48400497
CHL,Chile,2001,42.61517334
CHL,Chile,2000,42.81496429
CHN,China,2024,
CHN,China,2023,
CHN,China,2022,33.58712006
CHN,China,2021,34.39476395
CHN,China,2020,34.791008
CHN,China,2019,35.23001862
CHN,China,2018,35.75046921
CHN,China,2017,36.05041122
CHN,China,2016,35.90618515
CHN,China,2015,35.0892868
CHN,China,2014,36.56483078
CHN,China,2013,38.15951538
CHN,China,2012,39.23458862
CHN,China,2011,40.26554108
CHN,China,2010,40.8000145
CHN,China,2009,43.45621872
CHN,China,2008,47.3682518
CHN,China,2007,51.29121017
CHN,China,2006,55.99118423
CHN,China,2005,57.68999481
CHN,China,2004,58.76867676
CHN,China,2003,60.71776581
CHN,China,2002,62.85082245
CHN,China,2001,64.19143677
CHN,China,2000,60.12533951
COL,Colombia,2024,
COL,Colombia,2023,14.61574936
COL,Colombia,2022,14.364748
COL,Colombia,2021,13.66964531
COL,Colombia,2020,14.50628376
COL,Colombia,2019,14.73766041
COL,Colombia,2018,15.1307478
COL,Colombia,2017,15.36301041
COL,Colombia,2016,15.61221027
COL,Colombia,2015,15.40105057
COL,Colombia,2014,16.27700996
COL,Colombia,2013,17.15289879
COL,Colombia,2012,17.85850143
COL,Colombia,2011,15.31575584
COL,Colombia,2010,17.0035553
COL,Colombia,2009,18.01454926
COL,Colombia,2008,20.85275078
COL,Colombia,2007,19.24854279
COL,Colombia,2006,17.93350601
COL,Colombia,2005,16.407938
COL,Colombia,2004,13.75860023
COL,Colombia,2003,8.60398769
COL,Colombia,2002,11.48958969
COL,Colombia,2001,13.39813709
COL,Colombia,2000,13.69103241
COM,Comoros,2024,
COM,Comoros,2023,
COM,Comoros,2022,43.93103027
COM,Comoros,2021,55.80695724
COM,Comoros,2020,61.9016304
COM,Comoros,2019,61.82796478
COM,Comoros,2018,67.24486542
COM,Comoros,2017,63.84443665
COM,Comoros,2016,71.2664566
COM,Comoros,2015,74.98792267
COM,Comoros,2014,65.51406097
COM,Comoros,2013,68.00801849
COM,Comoros,2012,67.96592712
COM,Comoros,2011,64.04379272
COM,Comoros,2010,80.46083832
COM,Comoros,2009,84.12468719
COM,Comoros,2008,83.37431335
COM,Comoros,2007,81.81255341
COM,Comoros,2006,79.49471283
COM,Comoros,2005,76.20360565
COM,Comoros,2004,73.01578522
COM,Comoros,2003,73.11751556
COM,Comoros,2002,76.19380951
COM,Comoros,2001,81.27288818
COM,Comoros,2000,79.71902466
COD,"Congo, Dem. Rep.",2024,
COD,"Congo, Dem. Rep.",2023,
COD,"Congo, Dem. Rep.",2022,37.07655334
COD,"Congo, Dem. Rep.",2021,39.12869644
COD,"Congo, Dem. Rep.",2020,39.71793747
COD,"Congo, Dem. Rep.",2019,38.49700546
COD,"Congo, Dem. Rep.",2018,41.61063766
COD,"Congo, Dem. Rep.",2017,40.12471771
COD,"Congo, Dem. Rep.",2016,37.29187775
COD,"Congo, Dem. Rep.",2015,37.42670822
COD,"Congo, Dem. Rep.",2014,38.71640778
COD,"Congo, Dem. Rep.",2013,39.43297195
COD,"Congo, Dem. Rep.",2012,40.27502823
COD,"Congo, Dem. Rep.",2011,38.82409668
COD,"Congo, Dem. Rep.",2010,37.0503006
COD,"Congo, Dem. Rep.",2009,45.41014099
COD,"Congo, Dem. Rep.",2008,49.68735886
COD,"Congo, Dem. Rep.",2007,63.855793
COD,"Congo, Dem. Rep.",2006,68.51200867
COD,"Congo, Dem. Rep.",2005,69.36360931
COD,"Congo, Dem. Rep.",2004,72.11377716
COD,"Congo, Dem. Rep.",2003,68.03038788
COD,"Congo, Dem. Rep.",2002,71.28810883
COD,"Congo, Dem. Rep.",2001,72.38018799
COD,"Congo, Dem. Rep.",2000,54.02555847
COG,"Congo, Rep.",2024,
COG,"Congo, Rep.",2023,
COG,"Congo, Rep.",2022,25.39348602
COG,"Congo, Rep.",2021,23.89232063
COG,"Congo, Rep.",2020,25.19023323
COG,"Congo, Rep.",2019,42.17203903
COG,"Congo, Rep.",2018,50.25749588
COG,"Congo, Rep.",2017,45.59011841
COG,"Congo, Rep.",2016,44.25678253
COG,"Congo, Rep.",2015,32.46011734
COG,"Congo, Rep.",2014,31.18631554
COG,"Congo, Rep.",2013,30.65258598
COG,"Congo, Rep.",2012,29.73799133
COG,"Congo, Rep.",2011,41.09134674
COG,"Congo, Rep.",2010,42.15446472
COG,"Congo, Rep.",2009,50.37175751
COG,"Congo, Rep.",2008,37.850811
COG,"Congo, Rep.",2007,49.15676117
COG,"Congo, Rep.",2006,48.68207169
COG,"Congo, Rep.",2005,51.97861099
COG,"Congo, Rep.",2004,55.60840607
COG,"Congo, Rep.",2003,61.43461609
COG,"Congo, Rep.",2002,61.4227066
COG,"Congo, Rep.",2001,45.78503036
COG,"Congo, Rep.",2000,52.69972229
CRI,Costa Rica,2024,
CRI,Costa Rica,2023,
CRI,Costa Rica,2022,22.43504333
CRI,Costa Rica,2021,20.51704597
CRI,Costa Rica,2020,20.28676224
CRI,Costa Rica,2019,22.32456398
CRI,Costa Rica,2018,22.4164257
CRI,Costa Rica,2017,21.25539017
CRI,Costa Rica,2016,22.20295334
CRI,Costa Rica,2015,22.59923172
CRI,Costa Rica,2014,24.41330528
CRI,Costa Rica,2013,23.22566605
CRI,Costa Rica,2012,24.5027504
CRI,Costa Rica,2011,25.78322983
CRI,Costa Rica,2010,25.38431358
CRI,Costa Rica,2009,26.40225029
CRI,Costa Rica,2008,29.51094818
CRI,Costa Rica,2007,30.91247177
CRI,Costa Rica,2006,31.0769558
CRI,Costa Rica,2005,32.77381897
CRI,Costa Rica,2004,32.05981445
CRI,Costa Rica,2003,30.76501274
CRI,Costa Rica,2002,30.69062233
CRI,Costa Rica,2001,31.63286591
CRI,Costa Rica,2000,31.57487297
CIV,Cote d'Ivoire,2024,
CIV,Cote d'Ivoire,2023,
CIV,Cote d'Ivoire,2022,28.80875015
CIV,Cote d'Ivoire,2021,28.36708641
CIV,Cote d'Ivoire,2020,31.99206734
CIV,Cote d'Ivoire,2019,37.26046371
CIV,Cote d'Ivoire,2018,39.2853241
CIV,Cote d'Ivoire,2017,39.21524048
CIV,Cote d'Ivoire,2016,40.01249313
CIV,Cote d'Ivoire,2015,42.58926392
CIV,Cote d'Ivoire,2014,51.14342117
CIV,Cote d'Ivoire,2013,56.15932083
CIV,Cote d'Ivoire,2012,52.79811478
CIV,Cote d'Ivoire,2011,59.20729446
CIV,Cote d'Ivoire,2010,56.47934341
CIV,Cote d'Ivoire,2009,57.42655182
CIV,Cote d'Ivoire,2008,65.54959869
CIV,Cote d'Ivoire,2007,68.75501251
CIV,Cote d'Ivoire,2006,75.94538879
CIV,Cote d'Ivoire,2005,76.73565674
CIV,Cote d'Ivoire,2004,77.01480103
CIV,Cote d'Ivoire,2003,76.0766449
CIV,Cote d'Ivoire,2002,78.18621826
CIV,Cote d'Ivoire,2001,79.47658539
CIV,Cote d'Ivoire,2000,77.68719482
HRV,Croatia,2024,
HRV,Croatia,2023,
HRV,Croatia,2022,9.1891737
HRV,Croatia,2021,9.39887428
HRV,Croatia,2020,10.44882107
HRV,Croatia,2019,11.4647665
HRV,Croatia,2018,11.38725471
HRV,Croatia,2017,10.96659565
HRV,Croatia,2016,10.97408199
HRV,Croatia,2015,10.94543266
HRV,Croatia,2014,11.27528286
HRV,Croatia,2013,8.83127689
HRV,Croatia,2012,11.47270298
HRV,Croatia,2011,12.05227661
HRV,Croatia,2010,13.95677757
HRV,Croatia,2009,13.74662781
HRV,Croatia,2008,14.51390839
HRV,Croatia,2007,12.39423656
HRV,Croatia,2006,13.31465816
HRV,Croatia,2005,13.39059639
HRV,Croatia,2004,18.12159729
HRV,Croatia,2003,16.64276314
HRV,Croatia,2002,18.63236427
HRV,Croatia,2001,14.38989353
HRV,Croatia,2000,13.86125183
CUB,Cuba,2024,
CUB,Cuba,2023,
CUB,Cuba,2022,11.13431931
CUB,Cuba,2021,8.39372444
CUB,Cuba,2020,8.92000961
CUB,Cuba,2019,10.85016251
CUB,Cuba,2018,11.17386532
CUB,Cuba,2017,10.70137501
CUB,Cuba,2016,10.28543472
CUB,Cuba,2015,9.62183094
CUB,Cuba,2014,9.63887787
CUB,Cuba,2013,12.27119064
CUB,Cuba,2012,13.13097286
CUB,Cuba,2011,10.81637955
CUB,Cuba,2010,9.1819706
CUB,Cuba,2009,8.0996418
CUB,Cuba,2008,8.83751297
CUB,Cuba,2007,9.78314972
CUB,Cuba,2006,14.26366234
CUB,Cuba,2005,14.84367657
CUB,Cuba,2004,19.59809303
CUB,Cuba,2003,20.32512474
CUB,Cuba,2002,19.3773613
CUB,Cuba,2001,18.70623779
CUB,Cuba,2000,16.22938156
CUW,Curacao,2024,
CUW,Curacao,2023,
CUW,Curacao,2022,
CUW,Curacao,2021,
CUW,Curacao,2020,
CUW,Curacao,2019,
CUW,Curacao,2018,
CUW,Curacao,2017,
CUW,Curacao,2016,
CUW,Curacao,2015,
CUW,Curacao,2014,
CUW,Curacao,2013,
CUW,Curacao,2012,
CUW,Curacao,2011,
CUW,Curacao,2010,
CUW,Curacao,2009,
CUW,Curacao,2008,
CUW,Curacao,2007,
CUW,Curacao,2006,
CUW,Curacao,2005,
CUW,Curacao,2004,
CUW,Curacao,2003,
CUW,Curacao,2002,
CUW,Curacao,2001,
CUW,Curacao,2000,
CYP,Cyprus,2024,
CYP,Cyprus,2023,
CYP,Cyprus,2022,14.55644226
CYP,Cyprus,2021,13.75382042
CYP,Cyprus,2020,21.36680603
CYP,Cyprus,2019,33.72646713
CYP,Cyprus,2018,44.3609581
CYP,Cyprus,2017,44.75834656
CYP,Cyprus,2016,44.6070137
CYP,Cyprus,2015,43.62483215
CYP,Cyprus,2014,45.11090088
CYP,Cyprus,2013,42.59913254
CYP,Cyprus,2012,42.37166595
CYP,Cyprus,2011,41.3747139
CYP,Cyprus,2010,43.10596848
CYP,Cyprus,2009,49.92380524
CYP,Cyprus,2008,51.40008163
CYP,Cyprus,2007,48.79761124
CYP,Cyprus,2006,48.32824707
CYP,Cyprus,2005,49.8321991
CYP,Cyprus,2004,49.88217926
CYP,Cyprus,2003,47.65464783
CYP,Cyprus,2002,52.7716217
CYP,Cyprus,2001,55.2161293
CYP,Cyprus,2000,55.90191269
CZE,Czechia,2024,
CZE,Czechia,2023,14.07175064
CZE,Czechia,2022,14.28758907
CZE,Czechia,2021,12.48179531
CZE,Czechia,2020,11.0761776
CZE,Czechia,2019,14.309021
CZE,Czechia,2018,14.15549374
CZE,Czechia,2017,14.13632774
CZE,Czechia,2016,14.28510857
CZE,Czechia,2015,14.51374149
CZE,Czechia,2014,14.45865345
CZE,Czechia,2013,14.33172131
CZE,Czechia,2012,14.21601486
CZE,Czechia,2011,14.21162128
CZE,Czechia,2010,13.85482121
CZE,Czechia,2009,15.05053902
CZE,Czechia,2008,16.13297081
CZE,Czechia,2007,13.63102531
CZE,Czechia,2006,11.6460247
CZE,Czechia,2005,11.09285259
CZE,Czechia,2004,10.70501423
CZE,Czechia,2003,10.36722469
CZE,Czechia,2002,10.00170326
CZE,Czechia,2001,10.64326668
CZE,Czechia,2000,10.1975069
DNK,Denmark,2024,
DNK,Denmark,2023,13.84249687
DNK,Denmark,2022,13.02795029
DNK,Denmark,2021,12.69915009
DNK,Denmark,2020,13.37706089
DNK,Denmark,2019,13.79444408
DNK,Denmark,2018,13.82407188
DNK,Denmark,2017,13.69360352
DNK,Denmark,2016,13.52142334
DNK,Denmark,2015,13.45859432
DNK,Denmark,2014,13.33925629
DNK,Denmark,2013,13.34752655
DNK,Denmark,2012,13.51348305
DNK,Denmark,2011,13.89782429
DNK,Denmark,2010,13.7077713
DNK,Denmark,2009,13.6846056
DNK,Denmark,2008,14.11779785
DNK,Denmark,2007,14.56182575
DNK,Denmark,2006,14.52642918
DNK,Denmark,2005,14.70920753
DNK,Denmark,2004,14.87114048
DNK,Denmark,2003,14.55719471
DNK,Denmark,2002,14.72838497
DNK,Denmark,2001,15.11594772
DNK,Denmark,2000,15.35643196
DJI,Djibouti,2024,
DJI,Djibouti,2023,
DJI,Djibouti,2022,30.98972321
DJI,Djibouti,2021,27.25154686
DJI,Djibouti,2020,31.74741364
DJI,Djibouti,2019,28.24390984
DJI,Djibouti,2018,27.03619766
DJI,Djibouti,2017,26.15771675
DJI,Djibouti,2016,23.17864609
DJI,Djibouti,2015,19.0374279
DJI,Djibouti,2014,22.65952682
DJI,Djibouti,2013,24.05808258
DJI,Djibouti,2012,22.94796562
DJI,Djibouti,2011,24.22880554
DJI,Djibouti,2010,26.46213531
DJI,Djibouti,2009,26.62792587
DJI,Djibouti,2008,27.90184784
DJI,Djibouti,2007,30.18076515
DJI,Djibouti,2006,31.15603065
DJI,Djibouti,2005,35.31047058
DJI,Djibouti,2004,38.80529785
DJI,Djibouti,2003,34.37653351
DJI,Djibouti,2002,40.90150833
DJI,Djibouti,2001,48.03302002
DJI,Djibouti,2000,44.38518524
DMA,Dominica,2024,
DMA,Dominica,2023,
DMA,Dominica,2022,27.46514702
DMA,Dominica,2021,24.05093956
DMA,Dominica,2020,29.65775108
DMA,Dominica,2019,33.85964203
DMA,Dominica,2018,30.91319275
DMA,Dominica,2017,28.55779457
DMA,Dominica,2016,32.22554016
DMA,Dominica,2015,34.0546875
DMA,Dominica,2014,35.74480438
DMA,Dominica,2013,35.36190414
DMA,Dominica,2012,35.47105789
DMA,Dominica,2011,36.7841301
DMA,Dominica,2010,38.80086899
DMA,Dominica,2009,42.2405014
DMA,Dominica,2008,44.35028076
DMA,Dominica,2007,42.96026993
DMA,Dominica,2006,39.92842484
DMA,Dominica,2005,40.02454376
DMA,Dominica,2004,40.67153931
DMA,Dominica,2003,40.0802536
DMA,Dominica,2002,41.70457077
DMA,Dominica,2001,41.14457321
DMA,Dominica,2000,33.02465439
DOM,Dominican Republic,2024,
DOM,Dominican Republic,2023,
DOM,Dominican Republic,2022,27.57388115
DOM,Dominican Republic,2021,23.5931778
DOM,Dominican Republic,2020,24.65030479
DOM,Dominican Republic,2019,27.94108391
DOM,Dominican Republic,2018,28.92064285
DOM,Dominican Republic,2017,28.29240608
DOM,Dominican Republic,2016,29.47797585
DOM,Dominican Republic,2015,29.99302864
DOM,Dominican Republic,2014,31.0536499
DOM,Dominican Republic,2013,32.20879364
DOM,Dominican Republic,2012,33.39813995
DOM,Dominican Republic,2011,35.27978134
DOM,Dominican Republic,2010,36.44626999
DOM,Dominican Republic,2009,38.9356842
DOM,Dominican Republic,2008,41.57860947
DOM,Dominican Republic,2007,46.18055725
DOM,Dominican Republic,2006,54.74832535
DOM,Dominican Republic,2005,53.8765564
DOM,Dominican Republic,2004,62.25312042
DOM,Dominican Republic,2003,61.65138245
DOM,Dominican Republic,2002,53.45066452
DOM,Dominican Republic,2001,54.50362015
DOM,Dominican Republic,2000,55.32014465
ECU,Ecuador,2024,
ECU,Ecuador,2023,
ECU,Ecuador,2022,32.47224045
ECU,Ecuador,2021,30.70371056
ECU,Ecuador,2020,31.72368431
ECU,Ecuador,2019,30.93616295
ECU,Ecuador,2018,30.31152916
ECU,Ecuador,2017,32.47928619
ECU,Ecuador,2016,32.70997238
ECU,Ecuador,2015,35.87823868
ECU,Ecuador,2014,32.92523193
ECU,Ecuador,2013,37.87577057
ECU,Ecuador,2012,42.85883331
ECU,Ecuador,2011,46.08555984
ECU,Ecuador,2010,46.95374298
ECU,Ecuador,2009,51.54730988
ECU,Ecuador,2008,54.17948532
ECU,Ecuador,2007,54.74516296
ECU,Ecuador,2006,60.92105865
ECU,Ecuador,2005,62.79948044
ECU,Ecuador,2004,60.84589767
ECU,Ecuador,2003,62.02628708
ECU,Ecuador,2002,62.61038208
ECU,Ecuador,2001,60.95368576
ECU,Ecuador,2000,63.55143738
EGY,"Egypt, Arab Rep.",2024,
EGY,"Egypt, Arab Rep.",2023,
EGY,"Egypt, Arab Rep.",2022,53.82896805
EGY,"Egypt, Arab Rep.",2021,54.90198135
EGY,"Egypt, Arab Rep.",2020,59.31352997
EGY,"Egypt, Arab Rep.",2019,62.50646591
EGY,"Egypt, Arab Rep.",2018,62.61043167
EGY,"Egypt, Arab Rep.",2017,56.39825058
EGY,"Egypt, Arab Rep.",2016,58.99694824
EGY,"Egypt, Arab Rep.",2015,58.8299675
EGY,"Egypt, Arab Rep.",2014,55.12137222
EGY,"Egypt, Arab Rep.",2013,57.93513489
EGY,"Egypt, Arab Rep.",2012,60.88405991
EGY,"Egypt, Arab Rep.",2011,60.49510574
EGY,"Egypt, Arab Rep.",2010,62.62810135
EGY,"Egypt, Arab Rep.",2009,60.43681335
EGY,"Egypt, Arab Rep.",2008,61.82380295
EGY,"Egypt, Arab Rep.",2007,60.32749176
EGY,"Egypt, Arab Rep.",2006,60.41719818
EGY,"Egypt, Arab Rep.",2005,64.58325958
EGY,"Egypt, Arab Rep.",2004,64.55256653
EGY,"Egypt, Arab Rep.",2003,65.40507507
EGY,"Egypt, Arab Rep.",2002,63.76679611
EGY,"Egypt, Arab Rep.",2001,63.8256073
EGY,"Egypt, Arab Rep.",2000,62.48934937
SLV,El Salvador,2024,
SLV,El Salvador,2023,
SLV,El Salvador,2022,31.60897255
SLV,El Salvador,2021,30.50866318
SLV,El Salvador,2020,27.421278
SLV,El Salvador,2019,37.6710701
SLV,El Salvador,2018,37.49291611
SLV,El Salvador,2017,37.28125
SLV,El Salvador,2016,34.5382576
SLV,El Salvador,2015,35.22028351
SLV,El Salvador,2014,36.57447433
SLV,El Salvador,2013,37.39609909
SLV,El Salvador,2012,39.04266357
SLV,El Salvador,2011,38.14563751
SLV,El Salvador,2010,37.80865479
SLV,El Salvador,2009,38.43320847
SLV,El Salvador,2008,42.0072403
SLV,El Salvador,2007,41.63936996
SLV,El Salvador,2006,38.75121307
SLV,El Salvador,2005,44.02602386
SLV,El Salvador,2004,44.66817856
SLV,El Salvador,2003,45.69374847
SLV,El Salvador,2002,44.85285568
SLV,El Salvador,2001,45.13660812
SLV,El Salvador,2000,45.35605621
GNQ,Equatorial Guinea,2024,
GNQ,Equatorial Guinea,2023,
GNQ,Equatorial Guinea,2022,70.37992096
GNQ,Equatorial Guinea,2021,77.4067688
GNQ,Equatorial Guinea,2020,75.12573242
GNQ,Equatorial Guinea,2019,76.3742981
GNQ,Equatorial Guinea,2018,72.94802094
GNQ,Equatorial Guinea,2017,73.52881622
GNQ,Equatorial Guinea,2016,71.80521393
GNQ,Equatorial Guinea,2015,71.53514862
GNQ,Equatorial Guinea,2014,68.0956955
GNQ,Equatorial Guinea,2013,67.62825012
GNQ,Equatorial Guinea,2012,57.16555023
GNQ,Equatorial Guinea,2011,61.244133
GNQ,Equatorial Guinea,2010,62.08293533
GNQ,Equatorial Guinea,2009,55.94324112
GNQ,Equatorial Guinea,2008,61.84256363
GNQ,Equatorial Guinea,2007,64.73770905
GNQ,Equatorial Guinea,2006,66.93778229
GNQ,Equatorial Guinea,2005,74.13480377
GNQ,Equatorial Guinea,2004,79.72442627
GNQ,Equatorial Guinea,2003,81.11119843
GNQ,Equatorial Guinea,2002,86.49803162
GNQ,Equatorial Guinea,2001,59.8611412
GNQ,Equatorial Guinea,2000,57.60738754
ERI,Eritrea,2024,
ERI,Eritrea,2023,
ERI,Eritrea,2022,54.3067894
ERI,Eritrea,2021,49.67214584
ERI,Eritrea,2020,48.56505585
ERI,Eritrea,2019,46.44067764
ERI,Eritrea,2018,50.77529526
ERI,Eritrea,2017,46.97372055
ERI,Eritrea,2016,59.00007248
ERI,Eritrea,2015,42.90429688
ERI,Eritrea,2014,50.96211243
ERI,Eritrea,2013,48.77749634
ERI,Eritrea,2012,52.55269241
ERI,Eritrea,2011,36.47444534
ERI,Eritrea,2010,48.65536499
ERI,Eritrea,2009,45.82185745
ERI,Eritrea,2008,32.59598923
ERI,Eritrea,2007,44.09306335
ERI,Eritrea,2006,34.4565239
ERI,Eritrea,2005,35.23891449
ERI,Eritrea,2004,35.13972092
ERI,Eritrea,2003,38.93305588
ERI,Eritrea,2002,46.02165222
ERI,Eritrea,2001,55.92797852
ERI,Eritrea,2000,63.76799011
EST,Estonia,2024,
EST,Estonia,2023,
EST,Estonia,2022,23.14767838
EST,Estonia,2021,22.15488243
EST,Estonia,2020,21.42827797
EST,Estonia,2019,23.92458153
EST,Estonia,2018,24.5131073
EST,Estonia,2017,24.80668068
EST,Estonia,2016,23.73811913
EST,Estonia,2015,23.71892166
EST,Estonia,2014,23.5221653
EST,Estonia,2013,23.60540962
EST,Estonia,2012,22.5406723
EST,Estonia,2011,22.52681351
EST,Estonia,2010,22.81398773
EST,Estonia,2009,21.22938728
EST,Estonia,2008,21.39286995
EST,Estonia,2007,22.9715786
EST,Estonia,2006,23.61424637
EST,Estonia,2005,23.02486992
EST,Estonia,2004,22.94197273
EST,Estonia,2003,21.09503937
EST,Estonia,2002,20.55887222
EST,Estonia,2001,19.24532318
EST,Estonia,2000,20.33896255
SWZ,Eswatini,2024,
SWZ,Eswatini,2023,
SWZ,Eswatini,2022,10.36950207
SWZ,Eswatini,2021,10.80028915
SWZ,Eswatini,2020,11.32666588
SWZ,Eswatini,2019,9.2169857
SWZ,Eswatini,2018,10.14749718
SWZ,Eswatini,2017,10.49674606
SWZ,Eswatini,2016,10.58516216
SWZ,Eswatini,2015,10.56864738
SWZ,Eswatini,2014,10.55049515
SWZ,Eswatini,2013,10.53044891
SWZ,Eswatini,2012,10.50819397
SWZ,Eswatini,2011,10.48334503
SWZ,Eswatini,2010,10.45542145
SWZ,Eswatini,2009,10.42381477
SWZ,Eswatini,2008,10.54234123
SWZ,Eswatini,2007,12.13582325
SWZ,Eswatini,2006,12.40433788
SWZ,Eswatini,2005,13.24464035
SWZ,Eswatini,2004,14.64396858
SWZ,Eswatini,2003,15.05786991
SWZ,Eswatini,2002,16.88416862
SWZ,Eswatini,2001,17.86198807
SWZ,Eswatini,2000,18.52517891
ETH,Ethiopia,2024,
ETH,Ethiopia,2023,
ETH,Ethiopia,2022,44.59613419
ETH,Ethiopia,2021,37.00738144
ETH,Ethiopia,2020,33.07913589
ETH,Ethiopia,2019,37.81941223
ETH,Ethiopia,2018,35.49158096
ETH,Ethiopia,2017,34.40161896
ETH,Ethiopia,2016,35.43159103
ETH,Ethiopia,2015,36.74348068
ETH,Ethiopia,2014,38.47408676
ETH,Ethiopia,2013,42.40406799
ETH,Ethiopia,2012,42.16745377
ETH,Ethiopia,2011,46.53789139
ETH,Ethiopia,2010,42.29021072
ETH,Ethiopia,2009,41.54084778
ETH,Ethiopia,2008,38.47733307
ETH,Ethiopia,2007,36.99623489
ETH,Ethiopia,2006,38.7753334
ETH,Ethiopia,2005,31.3402977
ETH,Ethiopia,2004,34.86631393
ETH,Ethiopia,2003,34.4589386
ETH,Ethiopia,2002,37.46262741
ETH,Ethiopia,2001,34.55398178
ETH,Ethiopia,2000,35.95730209
FRO,Faroe Islands,2024,
FRO,Faroe Islands,2023,
FRO,Faroe Islands,2022,
FRO,Faroe Islands,2021,
FRO,Faroe Islands,2020,
FRO,Faroe Islands,2019,
FRO,Faroe Islands,2018,
FRO,Faroe Islands,2017,
FRO,Faroe Islands,2016,
FRO,Faroe Islands,2015,
FRO,Faroe Islands,2014,
FRO,Faroe Islands,2013,
FRO,Faroe Islands,2012,
FRO,Faroe Islands,2011,
FRO,Faroe Islands,2010,
FRO,Faroe Islands,2009,
FRO,Faroe Islands,2008,
FRO,Faroe Islands,2007,
FRO,Faroe Islands,2006,
FRO,Faroe Islands,2005,
FRO,Faroe Islands,2004,
FRO,Faroe Islands,2003,
FRO,Faroe Islands,2002,
FRO,Faroe Islands,2001,
FRO,Faroe Islands,2000,
FJI,Fiji,2024,
FJI,Fiji,2023,8.31420898
FJI,Fiji,2022,7.99897051
FJI,Fiji,2021,24.70991325
FJI,Fiji,2020,22.8302269
FJI,Fiji,2019,19.14904594
FJI,Fiji,2018,18.00298119
FJI,Fiji,2017,15.59424877
FJI,Fiji,2016,20.63828468
FJI,Fiji,2015,21.02604485
FJI,Fiji,2014,19.89637375
FJI,Fiji,2013,22.54663658
FJI,Fiji,2012,24.78924751
FJI,Fiji,2011,25.31678581
FJI,Fiji,2010,22.37072182
FJI,Fiji,2009,24.58940125
FJI,Fiji,2008,16.50561142
FJI,Fiji,2007,15.58711243
FJI,Fiji,2006,14.34637165
FJI,Fiji,2005,12.08774853
FJI,Fiji,2004,12.95536804
FJI,Fiji,2003,12.85472965
FJI,Fiji,2002,12.31893635
FJI,Fiji,2001,13.17821217
FJI,Fiji,2000,10.83726692
FIN,Finland,2024,
FIN,Finland,2023,
FIN,Finland,2022,16.0982132
FIN,Finland,2021,16.66294861
FIN,Finland,2020,16.46622276
FIN,Finland,2019,17.42399406
FIN,Finland,2018,18.43068314
FIN,Finland,2017,19.04597092
FIN,Finland,2016,19.27291298
FIN,Finland,2015,18.62889671
FIN,Finland,2014,17.63744736
FIN,Finland,2013,17.79447365
FIN,Finland,2012,17.46195984
FIN,Finland,2011,18.1520462
FIN,Finland,2010,18.80395508
FIN,Finland,2009,18.31736946
FIN,Finland,2008,18.57298851
FIN,Finland,2007,18.99827766
FIN,Finland,2006,18.81658745
FIN,Finland,2005,19.57610703
FIN,Finland,2004,19.85958481
FIN,Finland,2003,20.33722687
FIN,Finland,2002,20.74457169
FIN,Finland,2001,21.2191143
FIN,Finland,2000,21.62706375
FRA,France,2024,
FRA,France,2023,
FRA,France,2022,8.9231348
FRA,France,2021,8.73827553
FRA,France,2020,8.98009396
FRA,France,2019,9.70300484
FRA,France,2018,9.74387646
FRA,France,2017,9.89500046
FRA,France,2016,9.88481617
FRA,France,2015,10.03931618
FRA,France,2014,10.12540627
FRA,France,2013,10.17825317
FRA,France,2012,10.11996078
FRA,France,2011,10.2399416
FRA,France,2010,10.23503113
FRA,France,2009,10.16679668
FRA,France,2008,10.02973175
FRA,France,2007,9.5284071
FRA,France,2006,9.35880566
FRA,France,2005,7.36894655
FRA,France,2004,7.24623203
FRA,France,2003,7.37661886
FRA,France,2002,7.13796902
FRA,France,2001,7.33573961
FRA,France,2000,7.27349663
PYF,French Polynesia,2024,
PYF,French Polynesia,2023,
PYF,French Polynesia,2022,
PYF,French Polynesia,2021,
PYF,French Polynesia,2020,
PYF,French Polynesia,2019,
PYF,French Polynesia,2018,
PYF,French Polynesia,2017,
PYF,French Polynesia,2016,
PYF,French Polynesia,2015,
PYF,French Polynesia,2014,
PYF,French Polynesia,2013,
PYF,French Polynesia,2012,
PYF,French Polynesia,2011,
PYF,French Polynesia,2010,
PYF,French Polynesia,2009,
PYF,French Polynesia,2008,
PYF,French Polynesia,2007,
PYF,French Polynesia,2006,
PYF,French Polynesia,2005,
PYF,French Polynesia,2004,
PYF,French Polynesia,2003,
PYF,French Polynesia,2002,
PYF,French Polynesia,2001,
PYF,French Polynesia,2000,
GAB,Gabon,2024,
GAB,Gabon,2023,
GAB,Gabon,2022,18.62278557
GAB,Gabon,2021,21.51135254
GAB,Gabon,2020,19.97166824
GAB,Gabon,2019,23.08802223
GAB,Gabon,2018,23.11415291
GAB,Gabon,2017,25.15639114
GAB,Gabon,2016,22.55089378
GAB,Gabon,2015,25.90465927
GAB,Gabon,2014,28.12980843
GAB,Gabon,2013,28.59301949
GAB,Gabon,2012,28.00476265
GAB,Gabon,2011,27.73152733
GAB,Gabon,2010,25.50564766
GAB,Gabon,2009,50.69590378
GAB,Gabon,2008,52.06109619
GAB,Gabon,2007,50.54165268
GAB,Gabon,2006,51.18814087
GAB,Gabon,2005,52.17641068
GAB,Gabon,2004,49.96992111
GAB,Gabon,2003,50.1629715
GAB,Gabon,2002,54.17115402
GAB,Gabon,2001,50.86562347
GAB,Gabon,2000,53.20554733
GMB,"Gambia, The",2024,
GMB,"Gambia, The",2023,
GMB,"Gambia, The",2022,19.8919134
GMB,"Gambia, The",2021,21.03600502
GMB,"Gambia, The",2020,17.3896904
GMB,"Gambia, The",2019,20.29882431
GMB,"Gambia, The",2018,19.86009407
GMB,"Gambia, The",2017,26.66901207
GMB,"Gambia, The",2016,30.49933815
GMB,"Gambia, The",2015,23.41558647
GMB,"Gambia, The",2014,26.8266964
GMB,"Gambia, The",2013,20.90031433
GMB,"Gambia, The",2012,19.44659042
GMB,"Gambia, The",2011,19.22835922
GMB,"Gambia, The",2010,18.03235817
GMB,"Gambia, The",2009,17.00421715
GMB,"Gambia, The",2008,16.43968582
GMB,"Gambia, The",2007,15.06811333
GMB,"Gambia, The",2006,13.04498196
GMB,"Gambia, The",2005,11.5070982
GMB,"Gambia, The",2004,9.84813023
GMB,"Gambia, The",2003,11.72712517
GMB,"Gambia, The",2002,13.14789391
GMB,"Gambia, The",2001,13.38883114
GMB,"Gambia, The",2000,13.68005371
GEO,Georgia,2024,
GEO,Georgia,2023,
GEO,Georgia,2022,40.44641876
GEO,Georgia,2021,31.20370674
GEO,Georgia,2020,36.06135178
GEO,Georgia,2019,46.7677536
GEO,Georgia,2018,47.668293
GEO,Georgia,2017,54.76190567
GEO,Georgia,2016,55.51872253
GEO,Georgia,2015,57.32433319
GEO,Georgia,2014,65.97560883
GEO,Georgia,2013,69.07719421
GEO,Georgia,2012,73.43679047
GEO,Georgia,2011,75.61214447
GEO,Georgia,2010,72.72727203
GEO,Georgia,2009,68.90898895
GEO,Georgia,2008,66.54589081
GEO,Georgia,2007,75.67359161
GEO,Georgia,2006,77.264328
GEO,Georgia,2005,79.585495
GEO,Georgia,2004,79.43696594
GEO,Georgia,2003,79.20792389
GEO,Georgia,2002,77.12854767
GEO,Georgia,2001,76.43830109
GEO,Georgia,2000,80.98433685
DEU,Germany,2024,
DEU,Germany,2023,11.27757549
DEU,Germany,2022,10.73551655
DEU,Germany,2021,11.95167065
DEU,Germany,2020,11.99145222
DEU,Germany,2019,13.22793484
DEU,Germany,2018,12.92204857
DEU,Germany,2017,12.68731976
DEU,Germany,2016,12.82559204
DEU,Germany,2015,12.95336056
DEU,Germany,2014,12.87336349
DEU,Germany,2013,13.18955326
DEU,Germany,2012,14.02465439
DEU,Germany,2011,13.84797668
DEU,Germany,2010,13.80700302
DEU,Germany,2009,13.7453661
DEU,Germany,2008,13.97137737
DEU,Germany,2007,14.26814461
DEU,Germany,2006,14.36449718
DEU,Germany,2005,13.97864056
DEU,Germany,2004,13.88550091
DEU,Germany,2003,12.7086525
DEU,Germany,2002,12.44857025
DEU,Germany,2001,12.16159153
DEU,Germany,2000,12.16411877
GHA,Ghana,2024,
GHA,Ghana,2023,
GHA,Ghana,2022,25.03213501
GHA,Ghana,2021,26.49847794
GHA,Ghana,2020,23.7503624
GHA,Ghana,2019,28.97685051
GHA,Ghana,2018,33.48161697
GHA,Ghana,2017,22.65083694
GHA,Ghana,2016,37.82372665
GHA,Ghana,2015,35.80306244
GHA,Ghana,2014,45.05064011
GHA,Ghana,2013,38.87570953
GHA,Ghana,2012,36.85724258
GHA,Ghana,2011,32.97914886
GHA,Ghana,2010,34.31673813
GHA,Ghana,2009,34.95505905
GHA,Ghana,2008,41.125103
GHA,Ghana,2007,39.62923813
GHA,Ghana,2006,35.24680328
GHA,Ghana,2005,23.56558228
GHA,Ghana,2004,32.52027893
GHA,Ghana,2003,36.10242844
GHA,Ghana,2002,31.97357178
GHA,Ghana,2001,33.58546448
GHA,Ghana,2000,38.04437256
GIB,Gibraltar,2024,
GIB,Gibraltar,2023,
GIB,Gibraltar,2022,
GIB,Gibraltar,2021,
GIB,Gibraltar,2020,
GIB,Gibraltar,2019,
GIB,Gibraltar,2018,
GIB,Gibraltar,2017,
GIB,Gibraltar,2016,
GIB,Gibraltar,2015,
GIB,Gibraltar,2014,
GIB,Gibraltar,2013,
GIB,Gibraltar,2012,
GIB,Gibraltar,2011,
GIB,Gibraltar,2010,
GIB,Gibraltar,2009,
GIB,Gibraltar,2008,
GIB,Gibraltar,2007,
GIB,Gibraltar,2006,
GIB,Gibraltar,2005,
GIB,Gibraltar,2004,
GIB,Gibraltar,2003,
GIB,Gibraltar,2002,
GIB,Gibraltar,2001,
GIB,Gibraltar,2000,
GRC,Greece,2024,
GRC,Greece,2023,
GRC,Greece,2022,33.53891373
GRC,Greece,2021,33.31882477
GRC,Greece,2020,33.44511032
GRC,Greece,2019,33.64272308
GRC,Greece,2018,36.0800705
GRC,Greece,2017,34.99521637
GRC,Greece,2016,34.30816269
GRC,Greece,2015,36.03439331
GRC,Greece,2014,37.19952774
GRC,Greece,2013,33.73947525
GRC,Greece,2012,30.44895744
GRC,Greece,2011,31.15847778
GRC,Greece,2010,28.25885201
GRC,Greece,2009,29.50299263
GRC,Greece,2008,32.20823669
GRC,Greece,2007,34.22337723
GRC,Greece,2006,36.04510498
GRC,Greece,2005,36.87524414
GRC,Greece,2004,38.96111298
GRC,Greece,2003,37.89956284
GRC,Greece,2002,37.3801918
GRC,Greece,2001,34.7783165
GRC,Greece,2000,36.2721138
GRL,Greenland,2024,
GRL,Greenland,2023,
GRL,Greenland,2022,
GRL,Greenland,2021,
GRL,Greenland,2020,
GRL,Greenland,2019,
GRL,Greenland,2018,
GRL,Greenland,2017,
GRL,Greenland,2016,
GRL,Greenland,2015,
GRL,Greenland,2014,
GRL,Greenland,2013,
GRL,Greenland,2012,
GRL,Greenland,2011,
GRL,Greenland,2010,
GRL,Greenland,2009,
GRL,Greenland,2008,
GRL,Greenland,2007,
GRL,Greenland,2006,
GRL,Greenland,2005,
GRL,Greenland,2004,
GRL,Greenland,2003,
GRL,Greenland,2002,
GRL,Greenland,2001,
GRL,Greenland,2000,
GRD,Grenada,2024,
GRD,Grenada,2023,
GRD,Grenada,2022,53.71971893
GRD,Grenada,2021,52.00442505
GRD,Grenada,2020,52.33272171
GRD,Grenada,2019,54.42095566
GRD,Grenada,2018,54.91054916
GRD,Grenada,2017,55.11002731
GRD,Grenada,2016,55.74351883
GRD,Grenada,2015,53.97851944
GRD,Grenada,2014,51.89144897
GRD,Grenada,2013,55.12482071
GRD,Grenada,2012,54.76435089
GRD,Grenada,2011,54.27904892
GRD,Grenada,2010,56.57120514
GRD,Grenada,2009,54.57839584
GRD,Grenada,2008,55.20097733
GRD,Grenada,2007,55.36963272
GRD,Grenada,2006,52.81490326
GRD,Grenada,2005,48.5816803
GRD,Grenada,2004,47.22589493
GRD,Grenada,2003,53.70714188
GRD,Grenada,2002,50.98685074
GRD,Grenada,2001,56.11627197
GRD,Grenada,2000,59.30252838
GUM,Guam,2024,
GUM,Guam,2023,
GUM,Guam,2022,
GUM,Guam,2021,
GUM,Guam,2020,
GUM,Guam,2019,
GUM,Guam,2018,
GUM,Guam,2017,
GUM,Guam,2016,
GUM,Guam,2015,
GUM,Guam,2014,
GUM,Guam,2013,
GUM,Guam,2012,
GUM,Guam,2011,
GUM,Guam,2010,
GUM,Guam,2009,
GUM,Guam,2008,
GUM,Guam,2007,
GUM,Guam,2006,
GUM,Guam,2005,
GUM,Guam,2004,
GUM,Guam,2003,
GUM,Guam,2002,
GUM,Guam,2001,
GUM,Guam,2000,
GTM,Guatemala,2024,
GTM,Guatemala,2023,
GTM,Guatemala,2022,58.38369751
GTM,Guatemala,2021,60.97982407
GTM,Guatemala,2020,56.29158783
GTM,Guatemala,2019,55.9891777
GTM,Guatemala,2018,57.50035858
GTM,Guatemala,2017,54.1341095
GTM,Guatemala,2016,56.06058884
GTM,Guatemala,2015,55.72278976
GTM,Guatemala,2014,55.55548096
GTM,Guatemala,2013,54.61948013
GTM,Guatemala,2012,58.3199234
GTM,Guatemala,2011,58.87919998
GTM,Guatemala,2010,58.94914246
GTM,Guatemala,2009,56.9231987
GTM,Guatemala,2008,59.04833603
GTM,Guatemala,2007,61.62370682
GTM,Guatemala,2006,61.51553345
GTM,Guatemala,2005,62.47688293
GTM,Guatemala,2004,60.03531647
GTM,Guatemala,2003,61.62329483
GTM,Guatemala,2002,62.11330032
GTM,Guatemala,2001,62.31534195
GTM,Guatemala,2000,58.98999405
GIN,Guinea,2024,
GIN,Guinea,2023,
GIN,Guinea,2022,55.45554352
GIN,Guinea,2021,53.46712875
GIN,Guinea,2020,57.17256165
GIN,Guinea,2019,59.2154274
GIN,Guinea,2018,67.11582947
GIN,Guinea,2017,64.59755707
GIN,Guinea,2016,49.76166534
GIN,Guinea,2015,49.35240555
GIN,Guinea,2014,58.35924911
GIN,Guinea,2013,61.90120697
GIN,Guinea,2012,62.39929199
GIN,Guinea,2011,59.98564529
GIN,Guinea,2010,69.29233551
GIN,Guinea,2009,72.49655914
GIN,Guinea,2008,70.94914246
GIN,Guinea,2007,71.8759079
GIN,Guinea,2006,70.81015015
GIN,Guinea,2005,70.15050507
GIN,Guinea,2004,69.50691223
GIN,Guinea,2003,62.54089355
GIN,Guinea,2002,59.40449905
GIN,Guinea,2001,63.41352081
GIN,Guinea,2000,65.37365723
GNB,Guinea-Bissau,2024,
GNB,Guinea-Bissau,2023,
GNB,Guinea-Bissau,2022,64.89645386
GNB,Guinea-Bissau,2021,59.62157059
GNB,Guinea-Bissau,2020,56.38702774
GNB,Guinea-Bissau,2019,69.38860321
GNB,Guinea-Bissau,2018,66.97977448
GNB,Guinea-Bissau,2017,68.41368103
GNB,Guinea-Bissau,2016,64.58337402
GNB,Guinea-Bissau,2015,66.92208862
GNB,Guinea-Bissau,2014,55.38848114
GNB,Guinea-Bissau,2013,64.34107971
GNB,Guinea-Bissau,2012,58.73207855
GNB,Guinea-Bissau,2011,35.82422256
GNB,Guinea-Bissau,2010,44.4398613
GNB,Guinea-Bissau,2009,51.6293335
GNB,Guinea-Bissau,2008,46.72366333
GNB,Guinea-Bissau,2007,46.99330902
GNB,Guinea-Bissau,2006,51.34771729
GNB,Guinea-Bissau,2005,52.80937576
GNB,Guinea-Bissau,2004,53.80945587
GNB,Guinea-Bissau,2003,57.03216934
GNB,Guinea-Bissau,2002,55.99610901
GNB,Guinea-Bissau,2001,57.82579041
GNB,Guinea-Bissau,2000,60.70569992
GUY,Guyana,2024,
GUY,Guyana,2023,
GUY,Guyana,2022,23.06054115
GUY,Guyana,2021,28.23825836
GUY,Guyana,2020,23.08770752
GUY,Guyana,2019,35.02374649
GUY,Guyana,2018,33.73039627
GUY,Guyana,2017,28.84054756
GUY,Guyana,2016,29.93546677
GUY,Guyana,2015,33.71472549
GUY,Guyana,2014,35.95363998
GUY,Guyana,2013,37.95722198
GUY,Guyana,2012,38.89627838
GUY,Guyana,2011,34.81385803
GUY,Guyana,2010,34.74687195
GUY,Guyana,2009,32.84931946
GUY,Guyana,2008,35.32624817
GUY,Guyana,2007,32.98963165
GUY,Guyana,2006,35.29148102
GUY,Guyana,2005,35.11706161
GUY,Guyana,2004,37.145298
GUY,Guyana,2003,38.46101379
GUY,Guyana,2002,40.30484009
GUY,Guyana,2001,42.25862503
GUY,Guyana,2000,40.24978256
HTI,Haiti,2024,
HTI,Haiti,2023,
HTI,Haiti,2022,48.15792084
HTI,Haiti,2021,43.99997711
HTI,Haiti,2020,46.90286636
HTI,Haiti,2019,39.03829193
HTI,Haiti,2018,38.85435486
HTI,Haiti,2017,45.40202332
HTI,Haiti,2016,35.29019165
HTI,Haiti,2015,33.96487808
HTI,Haiti,2014,31.0153141
HTI,Haiti,2013,36.24164581
HTI,Haiti,2012,28.43981743
HTI,Haiti,2011,26.08627892
HTI,Haiti,2010,33.30967331
HTI,Haiti,2009,39.27423859
HTI,Haiti,2008,38.57956314
HTI,Haiti,2007,40.12002563
HTI,Haiti,2006,43.06276703
HTI,Haiti,2005,46.01602173
HTI,Haiti,2004,46.48625946
HTI,Haiti,2003,48.05616379
HTI,Haiti,2002,48.17779922
HTI,Haiti,2001,45.20530319
HTI,Haiti,2000,44.37343597
HND,Honduras,2024,
HND,Honduras,2023,
HND,Honduras,2022,51.0538826
HND,Honduras,2021,51.70560074
HND,Honduras,2020,50.04225922
HND,Honduras,2019,52.32635117
HND,Honduras,2018,52.14417267
HND,Honduras,2017,49.70353317
HND,Honduras,2016,49.7650795
HND,Honduras,2015,50.66353989
HND,Honduras,2014,48.68778229
HND,Honduras,2013,49.25833893
HND,Honduras,2012,49.86003494
HND,Honduras,2011,45.79560852
HND,Honduras,2010,46.26252747
HND,Honduras,2009,44.90908813
HND,Honduras,2008,51.41562271
HND,Honduras,2007,49.79936981
HND,Honduras,2006,49.86248779
HND,Honduras,2005,49.06471634
HND,Honduras,2004,50.05726242
HND,Honduras,2003,48.32307053
HND,Honduras,2002,51.85142517
HND,Honduras,2001,52.52028275
HND,Honduras,2000,45.94881821
HKG,"Hong Kong SAR, China",2024,
HKG,"Hong Kong SAR, China",2023,
HKG,"Hong Kong SAR, China",2022,
HKG,"Hong Kong SAR, China",2021,
HKG,"Hong Kong SAR, China",2020,
HKG,"Hong Kong SAR, China",2019,
HKG,"Hong Kong SAR, China",2018,
HKG,"Hong Kong SAR, China",2017,
HKG,"Hong Kong SAR, China",2016,
HKG,"Hong Kong SAR, China",2015,
HKG,"Hong Kong SAR, China",2014,
HKG,"Hong Kong SAR, China",2013,
HKG,"Hong Kong SAR, China",2012,
HKG,"Hong Kong SAR, China",2011,
HKG,"Hong Kong SAR, China",2010,
HKG,"Hong Kong SAR, China",2009,
HKG,"Hong Kong SAR, China",2008,
HKG,"Hong Kong SAR, China",2007,
HKG,"Hong Kong SAR, China",2006,
HKG,"Hong Kong SAR, China",2005,
HKG,"Hong Kong SAR, China",2004,
HKG,"Hong Kong SAR, China",2003,
HKG,"Hong Kong SAR, China",2002,
HKG,"Hong Kong SAR, China",2001,
HKG,"Hong Kong SAR, China",2000,
HUN,Hungary,2024,
HUN,Hungary,2023,28.52379417
HUN,Hungary,2022,24.27001762
HUN,Hungary,2021,24.64035225
HUN,Hungary,2020,26.14737511
HUN,Hungary,2019,27.78665924
HUN,Hungary,2018,26.78894615
HUN,Hungary,2017,27.24947357
HUN,Hungary,2016,27.68942833
HUN,Hungary,2015,27.48835373
HUN,Hungary,2014,28.33863068
HUN,Hungary,2013,28.36042023
HUN,Hungary,2012,29.37169647
HUN,Hungary,2011,28.21635818
HUN,Hungary,2010,27.41594887
HUN,Hungary,2009,26.23458099
HUN,Hungary,2008,26.34925461
HUN,Hungary,2007,26.2612381
HUN,Hungary,2006,25.01134109
HUN,Hungary,2005,25.76445389
HUN,Hungary,2004,25.83203506
HUN,Hungary,2003,26.35519791
HUN,Hungary,2002,27.51259041
HUN,Hungary,2001,28.81419945
HUN,Hungary,2000,27.32668304
ISL,Iceland,2024,
ISL,Iceland,2023,14.37681293
ISL,Iceland,2022,13.67356491
ISL,Iceland,2021,14.54324341
ISL,Iceland,2020,14.87056255
ISL,Iceland,2019,15.4256382
ISL,Iceland,2018,15.82414627
ISL,Iceland,2017,16.32500076
ISL,Iceland,2016,16.74673653
ISL,Iceland,2015,17.50760269
ISL,Iceland,2014,17.84677696
ISL,Iceland,2013,18.14305305
ISL,Iceland,2012,18.45556641
ISL,Iceland,2011,18.38645554
ISL,Iceland,2010,18.66119576
ISL,Iceland,2009,16.8747921
ISL,Iceland,2008,16.27143288
ISL,Iceland,2007,16.47036171
ISL,Iceland,2006,16.94632339
ISL,Iceland,2005,17.58861542
ISL,Iceland,2004,17.70444489
ISL,Iceland,2003,17.38764763
ISL,Iceland,2002,17.30354309
ISL,Iceland,2001,18.08239555
ISL,Iceland,2000,18.01660347
IND,India,2024,
IND,India,2023,
IND,India,2022,45.9815712
IND,India,2021,45.10914612
IND,India,2020,49.51094055
IND,India,2019,52.00421143
IND,India,2018,53.22994614
IND,India,2017,55.11247635
IND,India,2016,63.20619965
IND,India,2015,64.66441345
IND,India,2014,67.01399994
IND,India,2013,69.07303619
IND,India,2012,63.00013733
IND,India,2011,62.22489929
IND,India,2010,65.18476868
IND,India,2009,66.75775146
IND,India,2008,69.14794159
IND,India,2007,70.81672668
IND,India,2006,72.25708008
IND,India,2005,73.14936829
IND,India,2004,72.48267365
IND,India,2003,73.42475128
IND,India,2002,73.3739624
IND,India,2001,74.1062088
IND,India,2000,71.70202637
IDN,Indonesia,2024,
IDN,Indonesia,2023,
IDN,Indonesia,2022,32.9629097
IDN,Indonesia,2021,27.1673317
IDN,Indonesia,2020,31.19621658
IDN,Indonesia,2019,34.55001068
IDN,Indonesia,2018,35.23954773
IDN,Indonesia,2017,36.17775345
IDN,Indonesia,2016,38.12414932
IDN,Indonesia,2015,42.71576691
IDN,Indonesia,2014,45.24729156
IDN,Indonesia,2013,50.89988327
IDN,Indonesia,2012,53.61792374
IDN,Indonesia,2011,56.22341919
IDN,Indonesia,2010,60.58386612
IDN,Indonesia,2009,49.22135544
IDN,Indonesia,2008,49.36756516
IDN,Indonesia,2007,49.54561996
IDN,Indonesia,2006,53.37503815
IDN,Indonesia,2005,55.3282814
IDN,Indonesia,2004,45.9106369
IDN,Indonesia,2003,46.01685333
IDN,Indonesia,2002,46.37796402
IDN,Indonesia,2001,40.49210739
IDN,Indonesia,2000,45.19502258
IRN,"Iran, Islamic Rep.",2024,
IRN,"Iran, Islamic Rep.",2023,
IRN,"Iran, Islamic Rep.",2022,39.07644653
IRN,"Iran, Islamic Rep.",2021,34.51460648
IRN,"Iran, Islamic Rep.",2020,37.30069733
IRN,"Iran, Islamic Rep.",2019,38.88759613
IRN,"Iran, Islamic Rep.",2018,35.95846176
IRN,"Iran, Islamic Rep.",2017,40.19929123
IRN,"Iran, Islamic Rep.",2016,41.39831543
IRN,"Iran, Islamic Rep.",2015,44.20926666
IRN,"Iran, Islamic Rep.",2014,42.19446945
IRN,"Iran, Islamic Rep.",2013,51.06695175
IRN,"Iran, Islamic Rep.",2012,54.96147537
IRN,"Iran, Islamic Rep.",2011,57.52153397
IRN,"Iran, Islamic Rep.",2010,59.39722061
IRN,"Iran, Islamic Rep.",2009,56.02760696
IRN,"Iran, Islamic Rep.",2008,55.47851181
IRN,"Iran, Islamic Rep.",2007,53.21485901
IRN,"Iran, Islamic Rep.",2006,51.68798828
IRN,"Iran, Islamic Rep.",2005,56.094944
IRN,"Iran, Islamic Rep.",2004,56.55964279
IRN,"Iran, Islamic Rep.",2003,54.06885147
IRN,"Iran, Islamic Rep.",2002,54.74597549
IRN,"Iran, Islamic Rep.",2001,59.23665619
IRN,"Iran, Islamic Rep.",2000,59.60016251
IRQ,Iraq,2024,
IRQ,Iraq,2023,
IRQ,Iraq,2022,47.83436203
IRQ,Iraq,2021,49.908741
IRQ,Iraq,2020,54.66120911
IRQ,Iraq,2019,50.09696198
IRQ,Iraq,2018,50.39333344
IRQ,Iraq,2017,58.04656601
IRQ,Iraq,2016,44.25168991
IRQ,Iraq,2015,76.19068909
IRQ,Iraq,2014,62.02973557
IRQ,Iraq,2013,58.57234192
IRQ,Iraq,2012,61.66325378
IRQ,Iraq,2011,25.02887917
IRQ,Iraq,2010,26.03185081
IRQ,Iraq,2009,22.36846352
IRQ,Iraq,2008,21.31552696
IRQ,Iraq,2007,29.54823112
IRQ,Iraq,2006,32.58729172
IRQ,Iraq,2005,29.04392815
IRQ,Iraq,2004,28.61632156
IRQ,Iraq,2003,54.54956818
IRQ,Iraq,2002,
IRQ,Iraq,2001,
IRQ,Iraq,2000,
IRL,Ireland,2024,
IRL,Ireland,2023,
IRL,Ireland,2022,10.67340851
IRL,Ireland,2021,10.68828297
IRL,Ireland,2020,10.93066502
IRL,Ireland,2019,12.13262558
IRL,Ireland,2018,12.58393192
IRL,Ireland,2017,12.60847664
IRL,Ireland,2016,13.09135437
IRL,Ireland,2015,13.4673748
IRL,Ireland,2014,14.06730461
IRL,Ireland,2013,14.03243828
IRL,Ireland,2012,13.6864109
IRL,Ireland,2011,13.68123627
IRL,Ireland,2010,13.79563713
IRL,Ireland,2009,12.70052719
IRL,Ireland,2008,11.86308861
IRL,Ireland,2007,11.57123661
IRL,Ireland,2006,13.92956161
IRL,Ireland,2005,13.55300426
IRL,Ireland,2004,12.21867085
IRL,Ireland,2003,13.14827919
IRL,Ireland,2002,10.46707439
IRL,Ireland,2001,10.64706802
IRL,Ireland,2000,12.11708832
IMN,Isle of Man,2024,
IMN,Isle of Man,2023,
IMN,Isle of Man,2022,
IMN,Isle of Man,2021,
IMN,Isle of Man,2020,
IMN,Isle of Man,2019,
IMN,Isle of Man,2018,
IMN,Isle of Man,2017,
IMN,Isle of Man,2016,
IMN,Isle of Man,2015,
IMN,Isle of Man,2014,
IMN,Isle of Man,2013,
IMN,Isle of Man,2012,
IMN,Isle of Man,2011,
IMN,Isle of Man,2010,
IMN,Isle of Man,2009,
IMN,Isle of Man,2008,
IMN,Isle of Man,2007,
IMN,Isle of Man,2006,
IMN,Isle of Man,2005,
IMN,Isle of Man,2004,
IMN,Isle of Man,2003,
IMN,Isle of Man,2002,
IMN,Isle of Man,2001,
IMN,Isle of Man,2000,
ISR,Israel,2024,
ISR,Israel,2023,
ISR,Israel,2022,20.24864769
ISR,Israel,2021,20.99524117
ISR,Israel,2020,20.42716408
ISR,Israel,2019,21.35632706
ISR,Israel,2018,21.83692932
ISR,Israel,2017,22.43102837
ISR,Israel,2016,22.82260704
ISR,Israel,2015,22.50102615
ISR,Israel,2014,23.01003265
ISR,Israel,2013,22.65417099
ISR,Israel,2012,23.40835571
ISR,Israel,2011,23.7593441
ISR,Israel,2010,23.8116951
ISR,Israel,2009,25.41890717
ISR,Israel,2008,25.34702873
ISR,Israel,2007,26.66324234
ISR,Israel,2006,25.72410393
ISR,Israel,2005,30.24324989
ISR,Israel,2004,28.72548866
ISR,Israel,2003,28.62854767
ISR,Israel,2002,27.84285736
ISR,Israel,2001,30.3302002
ISR,Israel,2000,29.48983002
ITA,Italy,2024,
ITA,Italy,2023,23.07142067
ITA,Italy,2022,22.7374382
ITA,Italy,2021,22.72460365
ITA,Italy,2020,21.45823479
ITA,Italy,2019,23.46068764
ITA,Italy,2018,23.55094528
ITA,Italy,2017,23.80604744
ITA,Italy,2016,23.32339859
ITA,Italy,2015,23.46654129
ITA,Italy,2014,22.53996468
ITA,Italy,2013,22.22630501
ITA,Italy,2012,22.0843029
ITA,Italy,2011,22.02705574
ITA,Italy,2010,20.54892731
ITA,Italy,2009,20.66364479
ITA,Italy,2008,21.33932495
ITA,Italy,2007,21.51599121
ITA,Italy,2006,21.31744576
ITA,Italy,2005,21.60582542
ITA,Italy,2004,22.83263969
ITA,Italy,2003,23.71894646
ITA,Italy,2002,24.12543297
ITA,Italy,2001,24.47626686
ITA,Italy,2000,26.46448326
JAM,Jamaica,2024,
JAM,Jamaica,2023,
JAM,Jamaica,2022,11.08962727
JAM,Jamaica,2021,13.07991982
JAM,Jamaica,2020,14.74550629
JAM,Jamaica,2019,16.43945885
JAM,Jamaica,2018,16.77745247
JAM,Jamaica,2017,16.75406647
JAM,Jamaica,2016,17.93225098
JAM,Jamaica,2015,18.97229195
JAM,Jamaica,2014,21.41138077
JAM,Jamaica,2013,19.4778862
JAM,Jamaica,2012,21.75101471
JAM,Jamaica,2011,22.04507065
JAM,Jamaica,2010,23.48727989
JAM,Jamaica,2009,22.96500015
JAM,Jamaica,2008,30.17660332
JAM,Jamaica,2007,31.1552906
JAM,Jamaica,2006,28.93594933
JAM,Jamaica,2005,29.14250755
JAM,Jamaica,2004,27.55828094
JAM,Jamaica,2003,34.57055664
JAM,Jamaica,2002,26.94148827
JAM,Jamaica,2001,38.41692352
JAM,Jamaica,2000,29.62966537
JPN,Japan,2024,
JPN,Japan,2023,
JPN,Japan,2022,10.97316837
JPN,Japan,2021,11.73142529
JPN,Japan,2020,11.70563507
JPN,Japan,2019,12.9017725
JPN,Japan,2018,12.99456692
JPN,Japan,2017,12.65492725
JPN,Japan,2016,12.85439873
JPN,Japan,2015,12.94767094
JPN,Japan,2014,12.8696804
JPN,Japan,2013,12.70128059
JPN,Japan,2012,12.9723444
JPN,Japan,2011,13.12178326
JPN,Japan,2010,14.57035923
JPN,Japan,2009,15.15913296
JPN,Japan,2008,15.23826504
JPN,Japan,2007,15.51505852
JPN,Japan,2006,16.42206764
JPN,Japan,2005,15.67343521
JPN,Japan,2004,16.58894539
JPN,Japan,2003,16.88677597
JPN,Japan,2002,15.97850704
JPN,Japan,2001,15.7857008
JPN,Japan,2000,15.91636372
JOR,Jordan,2024,
JOR,Jordan,2023,
JOR,Jordan,2022,40.21434021
JOR,Jordan,2021,37.45389557
JOR,Jordan,2020,37.53126144
JOR,Jordan,2019,36.0000267
JOR,Jordan,2018,35.3108139
JOR,Jordan,2017,33.99718094
JOR,Jordan,2016,32.94747543
JOR,Jordan,2015,29.33435059
JOR,Jordan,2014,20.89077377
JOR,Jordan,2013,22.13348579
JOR,Jordan,2012,21.58314323
JOR,Jordan,2011,20.90163994
JOR,Jordan,2010,21.85514641
JOR,Jordan,2009,22.71313095
JOR,Jordan,2008,31.94139099
JOR,Jordan,2007,36.04766464
JOR,Jordan,2006,39.1860466
JOR,Jordan,2005,40.07585526
JOR,Jordan,2004,40.68493271
JOR,Jordan,2003,42.03338242
JOR,Jordan,2002,39.48170853
JOR,Jordan,2001,38.47376633
JOR,Jordan,2000,39.10034561
KAZ,Kazakhstan,2024,
KAZ,Kazakhstan,2023,
KAZ,Kazakhstan,2022,30.87401772
KAZ,Kazakhstan,2021,25.03029823
KAZ,Kazakhstan,2020,27.74455261
KAZ,Kazakhstan,2019,33.86382675
KAZ,Kazakhstan,2018,33.47025299
KAZ,Kazakhstan,2017,33.14392471
KAZ,Kazakhstan,2016,35.67286301
KAZ,Kazakhstan,2015,32.09503555
KAZ,Kazakhstan,2014,23.80191422
KAZ,Kazakhstan,2013,25.9552784
KAZ,Kazakhstan,2012,27.82034302
KAZ,Kazakhstan,2011,24.59804726
KAZ,Kazakhstan,2010,27.29583359
KAZ,Kazakhstan,2009,22.34545326
KAZ,Kazakhstan,2008,23.87804604
KAZ,Kazakhstan,2007,32.77426147
KAZ,Kazakhstan,2006,31.08123398
KAZ,Kazakhstan,2005,34.41242981
KAZ,Kazakhstan,2004,41.03963089
KAZ,Kazakhstan,2003,44.54787064
KAZ,Kazakhstan,2002,45.89466095
KAZ,Kazakhstan,2001,42.71286392
KAZ,Kazakhstan,2000,48.51058578
KEN,Kenya,2024,
KEN,Kenya,2023,
KEN,Kenya,2022,24.20874977
KEN,Kenya,2021,22.67518044
KEN,Kenya,2020,23.33247185
KEN,Kenya,2019,24.29976273
KEN,Kenya,2018,23.36505699
KEN,Kenya,2017,23.28059959
KEN,Kenya,2016,24.99973106
KEN,Kenya,2015,26.89801407
KEN,Kenya,2014,29.22180367
KEN,Kenya,2013,32.13203049
KEN,Kenya,2012,31.60435486
KEN,Kenya,2011,30.96613503
KEN,Kenya,2010,30.17857361
KEN,Kenya,2009,31.37526703
KEN,Kenya,2008,34.0973587
KEN,Kenya,2007,36.45011902
KEN,Kenya,2006,39.19218826
KEN,Kenya,2005,45.22662354
KEN,Kenya,2004,44.46904373
KEN,Kenya,2003,45.29117966
KEN,Kenya,2002,44.62519073
KEN,Kenya,2001,46.3978653
KEN,Kenya,2000,47.33139801
KIR,Kiribati,2024,
KIR,Kiribati,2023,
KIR,Kiribati,2022,0.78772789
KIR,Kiribati,2021,0.66862947
KIR,Kiribati,2020,0.68435019
KIR,Kiribati,2019,0.63055825
KIR,Kiribati,2018,0.58638251
KIR,Kiribati,2017,0.70969439
KIR,Kiribati,2016,0.79559016
KIR,Kiribati,2015,1.0869565
KIR,Kiribati,2014,0.50301808
KIR,Kiribati,2013,0.54945058
KIR,Kiribati,2012,0.62893081
KIR,Kiribati,2011,0.6587615
KIR,Kiribati,2010,0.63371354
KIR,Kiribati,2009,0.4361099
KIR,Kiribati,2008,0.16913319
KIR,Kiribati,2007,0.16611296
KIR,Kiribati,2006,0.05934824
KIR,Kiribati,2005,0.11812721
KIR,Kiribati,2004,0.09662171
KIR,Kiribati,2003,0.11495876
KIR,Kiribati,2002,0.10957967
KIR,Kiribati,2001,0.099994
KIR,Kiribati,2000,0.15057538
PRK,"Korea, Dem. People's Rep.",2024,
PRK,"Korea, Dem. People's Rep.",2023,
PRK,"Korea, Dem. People's Rep.",2022,
PRK,"Korea, Dem. People's Rep.",2021,
PRK,"Korea, Dem. People's Rep.",2020,
PRK,"Korea, Dem. People's Rep.",2019,
PRK,"Korea, Dem. People's Rep.",2018,
PRK,"Korea, Dem. People's Rep.",2017,
PRK,"Korea, Dem. People's Rep.",2016,
PRK,"Korea, Dem. People's Rep.",2015,
PRK,"Korea, Dem. People's Rep.",2014,
PRK,"Korea, Dem. People's Rep.",2013,
PRK,"Korea, Dem. People's Rep.",2012,
PRK,"Korea, Dem. People's Rep.",2011,
PRK,"Korea, Dem. People's Rep.",2010,
PRK,"Korea, Dem. People's Rep.",2009,
PRK,"Korea, Dem. People's Rep.",2008,
PRK,"Korea, Dem. People's Rep.",2007,
PRK,"Korea, Dem. People's Rep.",2006,
PRK,"Korea, Dem. People's Rep.",2005,
PRK,"Korea, Dem. People's Rep.",2004,
PRK,"Korea, Dem. People's Rep.",2003,
PRK,"Korea, Dem. People's Rep.",2002,
PRK,"Korea, Dem. People's Rep.",2001,
PRK,"Korea, Dem. People's Rep.",2000,
KOR,"Korea, Rep.",2024,
KOR,"Korea, Rep.",2023,30.25652504
KOR,"Korea, Rep.",2022,28.79315186
KOR,"Korea, Rep.",2021,29.96060562
KOR,"Korea, Rep.",2020,30.47086143
KOR,"Korea, Rep.",2019,32.57799149
KOR,"Korea, Rep.",2018,33.89823914
KOR,"Korea, Rep.",2017,34.73718262
KOR,"Korea, Rep.",2016,35.6148262
KOR,"Korea, Rep.",2015,37.14970016
KOR,"Korea, Rep.",2014,37.12419128
KOR,"Korea, Rep.",2013,37.86204529
KOR,"Korea, Rep.",2012,38.20380783
KOR,"Korea, Rep.",2011,38.62664032
KOR,"Korea, Rep.",2010,38.60714722
KOR,"Korea, Rep.",2009,38.94352341
KOR,"Korea, Rep.",2008,40.8897934
KOR,"Korea, Rep.",2007,40.56294632
KOR,"Korea, Rep.",2006,42.58257294
KOR,"Korea, Rep.",2005,44.46312332
KOR,"Korea, Rep.",2004,44.87216568
KOR,"Korea, Rep.",2003,45.26963425
KOR,"Korea, Rep.",2002,40.79150009
KOR,"Korea, Rep.",2001,41.31821823
KOR,"Korea, Rep.",2000,43.3231926
XKX,Kosovo,2024,
XKX,Kosovo,2023,
XKX,Kosovo,2022,
XKX,Kosovo,2021,
XKX,Kosovo,2020,
XKX,Kosovo,2019,
XKX,Kosovo,2018,
XKX,Kosovo,2017,
XKX,Kosovo,2016,
XKX,Kosovo,2015,
XKX,Kosovo,2014,
XKX,Kosovo,2013,
XKX,Kosovo,2012,
XKX,Kosovo,2011,
XKX,Kosovo,2010,
XKX,Kosovo,2009,
XKX,Kosovo,2008,
XKX,Kosovo,2007,
XKX,Kosovo,2006,
XKX,Kosovo,2005,
XKX,Kosovo,2004,
XKX,Kosovo,2003,
XKX,Kosovo,2002,
XKX,Kosovo,2001,
XKX,Kosovo,2000,
KWT,Kuwait,2024,
KWT,Kuwait,2023,
KWT,Kuwait,2022,11.54475975
KWT,Kuwait,2021,8.18231487
KWT,Kuwait,2020,9.38545799
KWT,Kuwait,2019,10.7205658
KWT,Kuwait,2018,10.6470356
KWT,Kuwait,2017,12.92664242
KWT,Kuwait,2016,13.28215694
KWT,Kuwait,2015,13.69551945
KWT,Kuwait,2014,13.92933083
KWT,Kuwait,2013,14.48544121
KWT,Kuwait,2012,14.95504665
KWT,Kuwait,2011,14.01463985
KWT,Kuwait,2010,14.33214474
KWT,Kuwait,2009,16.72038269
KWT,Kuwait,2008,19.80873489
KWT,Kuwait,2007,21.34607697
KWT,Kuwait,2006,21.23933411
KWT,Kuwait,2005,21.47368431
KWT,Kuwait,2004,21.55590057
KWT,Kuwait,2003,20.82116699
KWT,Kuwait,2002,21.53982162
KWT,Kuwait,2001,19.64636612
KWT,Kuwait,2000,25.49419594
KGZ,Kyrgyz Republic,2024,
KGZ,Kyrgyz Republic,2023,
KGZ,Kyrgyz Republic,2022,38.35810471
KGZ,Kyrgyz Republic,2021,39.05362701
KGZ,Kyrgyz Republic,2020,45.90539932
KGZ,Kyrgyz Republic,2019,46.181427
KGZ,Kyrgyz Republic,2018,46.61981201
KGZ,Kyrgyz Republic,2017,56.37662888
KGZ,Kyrgyz Republic,2016,57.21311569
KGZ,Kyrgyz Republic,2015,54.53977203
KGZ,Kyrgyz Republic,2014,56.3242569
KGZ,Kyrgyz Republic,2013,46.41520691
KGZ,Kyrgyz Republic,2012,43.24369431
KGZ,Kyrgyz Republic,2011,43.54013824
KGZ,Kyrgyz Republic,2010,43.09150314
KGZ,Kyrgyz Republic,2009,38.58998489
KGZ,Kyrgyz Republic,2008,48.67649078
KGZ,Kyrgyz Republic,2007,42.91151428
KGZ,Kyrgyz Republic,2006,39.18014526
KGZ,Kyrgyz Republic,2005,42.56970215
KGZ,Kyrgyz Republic,2004,46.596138
KGZ,Kyrgyz Republic,2003,51.07936859
KGZ,Kyrgyz Republic,2002,51.66136932
KGZ,Kyrgyz Republic,2001,53.16455841
KGZ,Kyrgyz Republic,2000,51.64644623
LAO,Lao PDR,2024,
LAO,Lao PDR,2023,
LAO,Lao PDR,2022,28.68578529
LAO,Lao PDR,2021,30.70558167
LAO,Lao PDR,2020,41.05789185
LAO,Lao PDR,2019,41.83228683
LAO,Lao PDR,2018,48.54592896
LAO,Lao PDR,2017,46.23710632
LAO,Lao PDR,2016,46.44212341
LAO,Lao PDR,2015,45.36532593
LAO,Lao PDR,2014,50.87946701
LAO,Lao PDR,2013,48.70332336
LAO,Lao PDR,2012,48.63187027
LAO,Lao PDR,2011,52.60241318
LAO,Lao PDR,2010,35.9601326
LAO,Lao PDR,2009,26.87693977
LAO,Lao PDR,2008,31.37778854
LAO,Lao PDR,2007,35.17124939
LAO,Lao PDR,2006,41.0778656
LAO,Lao PDR,2005,43.72243881
LAO,Lao PDR,2004,47.25918961
LAO,Lao PDR,2003,54.7591362
LAO,Lao PDR,2002,49.66936493
LAO,Lao PDR,2001,43.97146606
LAO,Lao PDR,2000,44.77973938
LVA,Latvia,2024,
LVA,Latvia,2023,
LVA,Latvia,2022,30.74036026
LVA,Latvia,2021,26.98238754
LVA,Latvia,2020,31.87391663
LVA,Latvia,2019,35.10500336
LVA,Latvia,2018,39.17964172
LVA,Latvia,2017,41.78833008
LVA,Latvia,2016,43.32296753
LVA,Latvia,2015,40.46530914
LVA,Latvia,2014,39.10600662
LVA,Latvia,2013,38.47148514
LVA,Latvia,2012,37.82342148
LVA,Latvia,2011,34.29675293
LVA,Latvia,2010,37.18564987
LVA,Latvia,2009,38.7826767
LVA,Latvia,2008,37.30623627
LVA,Latvia,2007,36.82770538
LVA,Latvia,2006,35.59818268
LVA,Latvia,2005,41.69103241
LVA,Latvia,2004,40.63125992
LVA,Latvia,2003,48.56236267
LVA,Latvia,2002,47.58166504
LVA,Latvia,2001,48.85079193
LVA,Latvia,2000,47.65911484
LBN,Lebanon,2024,
LBN,Lebanon,2023,
LBN,Lebanon,2022,33.42271805
LBN,Lebanon,2021,34.71579361
LBN,Lebanon,2020,30.31226349
LBN,Lebanon,2019,30.71131897
LBN,Lebanon,2018,35.30064774
LBN,Lebanon,2017,33.06612396
LBN,Lebanon,2016,31.97481537
LBN,Lebanon,2015,32.6974411
LBN,Lebanon,2014,35.56375885
LBN,Lebanon,2013,36.94981384
LBN,Lebanon,2012,37.33576584
LBN,Lebanon,2011,40.18660736
LBN,Lebanon,2010,43.58500671
LBN,Lebanon,2009,44.5697403
LBN,Lebanon,2008,44.85952377
LBN,Lebanon,2007,44.07956314
LBN,Lebanon,2006,44.68946075
LBN,Lebanon,2005,47.32339478
LBN,Lebanon,2004,48.88165665
LBN,Lebanon,2003,52.48448944
LBN,Lebanon,2002,54.11543274
LBN,Lebanon,2001,54.84230804
LBN,Lebanon,2000,57.79088211
LSO,Lesotho,2024,
LSO,Lesotho,2023,
LSO,Lesotho,2022,12.6332159
LSO,Lesotho,2021,14.68967819
LSO,Lesotho,2020,15.98415565
LSO,Lesotho,2019,7.27818251
LSO,Lesotho,2018,14.44418907
LSO,Lesotho,2017,15.7079258
LSO,Lesotho,2016,15.76046276
LSO,Lesotho,2015,15.53549767
LSO,Lesotho,2014,14.17458153
LSO,Lesotho,2013,13.91297245
LSO,Lesotho,2012,16.79290009
LSO,Lesotho,2011,18.63655663
LSO,Lesotho,2010,22.73561096
LSO,Lesotho,2009,19.720541
LSO,Lesotho,2008,22.01409149
LSO,Lesotho,2007,24.05200005
LSO,Lesotho,2006,30.02318382
LSO,Lesotho,2005,34.38764954
LSO,Lesotho,2004,31.50066566
LSO,Lesotho,2003,32.46588898
LSO,Lesotho,2002,30.11707115
LSO,Lesotho,2001,28.38722038
LSO,Lesotho,2000,39.72735977
LBR,Liberia,2024,
LBR,Liberia,2023,
LBR,Liberia,2022,62.22333145
LBR,Liberia,2021,62.61005402
LBR,Liberia,2020,63.21783829
LBR,Liberia,2019,54.67374802
LBR,Liberia,2018,43.76958084
LBR,Liberia,2017,46.271595
LBR,Liberia,2016,46.7549324
LBR,Liberia,2015,45.60116196
LBR,Liberia,2014,48.94395065
LBR,Liberia,2013,39.44087982
LBR,Liberia,2012,45.54619217
LBR,Liberia,2011,47.42193222
LBR,Liberia,2010,53.41116333
LBR,Liberia,2009,49.68375397
LBR,Liberia,2008,34.84462738
LBR,Liberia,2007,42.16617966
LBR,Liberia,2006,66.23503113
LBR,Liberia,2005,69.14516449
LBR,Liberia,2004,75.30529022
LBR,Liberia,2003,59.48802185
LBR,Liberia,2002,55.93533707
LBR,Liberia,2001,59.60699844
LBR,Liberia,2000,71.57627106
LBY,Libya,2024,
LBY,Libya,2023,
LBY,Libya,2022,30.46777153
LBY,Libya,2021,26.32909012
LBY,Libya,2020,21.1413517
LBY,Libya,2019,28.01715851
LBY,Libya,2018,28.24106407
LBY,Libya,2017,33.7814064
LBY,Libya,2016,32.49470139
LBY,Libya,2015,30.7180233
LBY,Libya,2014,33.62598038
LBY,Libya,2013,26.54751015
LBY,Libya,2012,26.10513496
LBY,Libya,2011,36.66828537
LBY,Libya,2010,29.97363663
LBY,Libya,2009,31.10063171
LBY,Libya,2008,32.26567841
LBY,Libya,2007,33.44186401
LBY,Libya,2006,34.62698746
LBY,Libya,2005,35.34671783
LBY,Libya,2004,34.21350861
LBY,Libya,2003,33.75513458
LBY,Libya,2002,33.08924103
LBY,Libya,2001,45.52794266
LBY,Libya,2000,51.29111099
LIE,Liechtenstein,2024,
LIE,Liechtenstein,2023,
LIE,Liechtenstein,2022,
LIE,Liechtenstein,2021,
LIE,Liechtenstein,2020,
LIE,Liechtenstein,2019,
LIE,Liechtenstein,2018,
LIE,Liechtenstein,2017,
LIE,Liechtenstein,2016,
LIE,Liechtenstein,2015,
LIE,Liechtenstein,2014,
LIE,Liechtenstein,2013,
LIE,Liechtenstein,2012,
LIE,Liechtenstein,2011,
LIE,Liechtenstein,2010,
LIE,Liechtenstein,2009,
LIE,Liechtenstein,2008,
LIE,Liechtenstein,2007,
LIE,Liechtenstein,2006,
LIE,Liechtenstein,2005,
LIE,Liechtenstein,2004,
LIE,Liechtenstein,2003,
LIE,Liechtenstein,2002,
LIE,Liechtenstein,2001,
LIE,Liechtenstein,2000,
LTU,Lithuania,2024,
LTU,Lithuania,2023,31.83036995
LTU,Lithuania,2022,31.83036995
LTU,Lithuania,2021,29.93124008
LTU,Lithuania,2020,28.66090393
LTU,Lithuania,2019,32.27022552
LTU,Lithuania,2018,31.51578522
LTU,Lithuania,2017,32.27551651
LTU,Lithuania,2016,32.31705093
LTU,Lithuania,2015,31.83712196
LTU,Lithuania,2014,31.49276161
LTU,Lithuania,2013,32.82086945
LTU,Lithuania,2012,31.80083847
LTU,Lithuania,2011,28.22128105
LTU,Lithuania,2010,27.59107971
LTU,Lithuania,2009,26.81708145
LTU,Lithuania,2008,28.17394638
LTU,Lithuania,2007,28.40399361
LTU,Lithuania,2006,31.85560608
LTU,Lithuania,2005,32.77876663
LTU,Lithuania,2004,32.91969299
LTU,Lithuania,2003,24.18149185
LTU,Lithuania,2002,25.60276031
LTU,Lithuania,2001,27.58539391
LTU,Lithuania,2000,27.15216637
LUX,Luxembourg,2024,
LUX,Luxembourg,2023,8.70916843
LUX,Luxembourg,2022,8.66778374
LUX,Luxembourg,2021,8.79836845
LUX,Luxembourg,2020,8.38729095
LUX,Luxembourg,2019,9.58771706
LUX,Luxembourg,2018,10.43567467
LUX,Luxembourg,2017,10.66126442
LUX,Luxembourg,2016,10.74443722
LUX,Luxembourg,2015,10.71509171
LUX,Luxembourg,2014,11.07252598
LUX,Luxembourg,2013,11.19933987
LUX,Luxembourg,2012,11.46961975
LUX,Luxembourg,2011,10.88065338
LUX,Luxembourg,2010,10.23186111
LUX,Luxembourg,2009,9.8952837
LUX,Luxembourg,2008,10.06149197
LUX,Luxembourg,2007,10.30741978
LUX,Luxembourg,2006,13.37627888
LUX,Luxembourg,2005,12.92818737
LUX,Luxembourg,2004,12.77582836
LUX,Luxembourg,2003,13.25509357
LUX,Luxembourg,2002,13.8617382
LUX,Luxembourg,2001,13.6576767
LUX,Luxembourg,2000,14.2508812
MAC,"Macao SAR, China",2024,
MAC,"Macao SAR, China",2023,
MAC,"Macao SAR, China",2022,
MAC,"Macao SAR, China",2021,
MAC,"Macao SAR, China",2020,
MAC,"Macao SAR, China",2019,
MAC,"Macao SAR, China",2018,
MAC,"Macao SAR, China",2017,
MAC,"Macao SAR, China",2016,
MAC,"Macao SAR, China",2015,
MAC,"Macao SAR, China",2014,
MAC,"Macao SAR, China",2013,
MAC,"Macao SAR, China",2012,
MAC,"Macao SAR, China",2011,
MAC,"Macao SAR, China",2010,
MAC,"Macao SAR, China",2009,
MAC,"Macao SAR, China",2008,
MAC,"Macao SAR, China",2007,
MAC,"Macao SAR, China",2006,
MAC,"Macao SAR, China",2005,
MAC,"Macao SAR, China",2004,
MAC,"Macao SAR, China",2003,
MAC,"Macao SAR, China",2002,
MAC,"Macao SAR, China",2001,
MAC,"Macao SAR, China",2000,
MDG,Madagascar,2024,
MDG,Madagascar,2023,
MDG,Madagascar,2022,32.28622437
MDG,Madagascar,2021,32.71157837
MDG,Madagascar,2020,30.93841553
MDG,Madagascar,2019,34.22468185
MDG,Madagascar,2018,29.32769394
MDG,Madagascar,2017,25.63452148
MDG,Madagascar,2016,23.05756569
MDG,Madagascar,2015,25.1729393
MDG,Madagascar,2014,28.16691589
MDG,Madagascar,2013,35.58833694
MDG,Madagascar,2012,32.48873138
MDG,Madagascar,2011,27.97330856
MDG,Madagascar,2010,36.15040588
MDG,Madagascar,2009,37.65555191
MDG,Madagascar,2008,37.18900681
MDG,Madagascar,2007,32.6548996
MDG,Madagascar,2006,31.65363503
MDG,Madagascar,2005,33.02706909
MDG,Madagascar,2004,30.58158302
MDG,Madagascar,2003,34.52892303
MDG,Madagascar,2002,37.60178757
MDG,Madagascar,2001,38.77468109
MDG,Madagascar,2000,43.31555557
MWI,Malawi,2024,
MWI,Malawi,2023,
MWI,Malawi,2022,12.0969162
MWI,Malawi,2021,12.32755566
MWI,Malawi,2020,13.36182404
MWI,Malawi,2019,11.85419559
MWI,Malawi,2018,12.80120277
MWI,Malawi,2017,12.69519043
MWI,Malawi,2016,12.41495895
MWI,Malawi,2015,10.9818964
MWI,Malawi,2014,8.18288803
MWI,Malawi,2013,6.70596313
MWI,Malawi,2012,10.24162579
MWI,Malawi,2011,8.96164322
MWI,Malawi,2010,10.92772293
MWI,Malawi,2009,11.23561096
MWI,Malawi,2008,10.37028122
MWI,Malawi,2007,11.71522522
MWI,Malawi,2006,8.92416573
MWI,Malawi,2005,9.09981728
MWI,Malawi,2004,9.69992733
MWI,Malawi,2003,12.0708971
MWI,Malawi,2002,14.98992729
MWI,Malawi,2001,18.54713249
MWI,Malawi,2000,16.76298141
MYS,Malaysia,2024,
MYS,Malaysia,2023,
MYS,Malaysia,2022,37.8710556
MYS,Malaysia,2021,32.08134842
MYS,Malaysia,2020,34.24639893
MYS,Malaysia,2019,36.0626564
MYS,Malaysia,2018,36.64058304
MYS,Malaysia,2017,35.93440247
MYS,Malaysia,2016,35.94845581
MYS,Malaysia,2015,33.70749283
MYS,Malaysia,2014,33.0446701
MYS,Malaysia,2013,33.66908646
MYS,Malaysia,2012,33.03797531
MYS,Malaysia,2011,34.01270676
MYS,Malaysia,2010,34.11669922
MYS,Malaysia,2009,32.19156265
MYS,Malaysia,2008,35.536026
MYS,Malaysia,2007,35.12305069
MYS,Malaysia,2006,34.73173904
MYS,Malaysia,2005,38.04380035
MYS,Malaysia,2004,36.10705185
MYS,Malaysia,2003,34.49882889
MYS,Malaysia,2002,34.64449692
MYS,Malaysia,2001,35.69312286
MYS,Malaysia,2000,40.70201111
MDV,Maldives,2024,
MDV,Maldives,2023,
MDV,Maldives,2022,17.54257965
MDV,Maldives,2021,14.91987514
MDV,Maldives,2020,16.90793228
MDV,Maldives,2019,17.46362114
MDV,Maldives,2018,19.77984238
MDV,Maldives,2017,20.585186
MDV,Maldives,2016,18.93492508
MDV,Maldives,2015,19.45229149
MDV,Maldives,2014,28.11688995
MDV,Maldives,2013,32.28968811
MDV,Maldives,2012,32.18829346
MDV,Maldives,2011,39.68729782
MDV,Maldives,2010,40.07978439
MDV,Maldives,2009,34.3166008
MDV,Maldives,2008,33.10024261
MDV,Maldives,2007,47.22499084
MDV,Maldives,2006,49.92178345
MDV,Maldives,2005,55.65866089
MDV,Maldives,2004,59.50085068
MDV,Maldives,2003,53.8095932
MDV,Maldives,2002,51.88085938
MDV,Maldives,2001,57.46391678
MDV,Maldives,2000,62.99431229
MLI,Mali,2024,
MLI,Mali,2023,
MLI,Mali,2022,43.21066666
MLI,Mali,2021,44.20401001
MLI,Mali,2020,44.73706055
MLI,Mali,2019,31.07923317
MLI,Mali,2018,32.55354309
MLI,Mali,2017,37.50244141
MLI,Mali,2016,35.75055695
MLI,Mali,2015,34.17124557
MLI,Mali,2014,33.55117416
MLI,Mali,2013,34.81934357
MLI,Mali,2012,44.74382782
MLI,Mali,2011,50.00261307
MLI,Mali,2010,56.26623917
MLI,Mali,2009,61.83541489
MLI,Mali,2008,63.2221756
MLI,Mali,2007,61.34743118
MLI,Mali,2006,56.7429657
MLI,Mali,2005,57.01831436
MLI,Mali,2004,55.61309433
MLI,Mali,2003,61.20211792
MLI,Mali,2002,61.75164032
MLI,Mali,2001,67.79338837
MLI,Mali,2000,68.81713104
MLT,Malta,2024,
MLT,Malta,2023,
MLT,Malta,2022,30.0230751
MLT,Malta,2021,29.66859818
MLT,Malta,2020,30.30360985
MLT,Malta,2019,34.13107681
MLT,Malta,2018,34.29564285
MLT,Malta,2017,35.22463989
MLT,Malta,2016,35.12796402
MLT,Malta,2015,37.21007919
MLT,Malta,2014,36.46775818
MLT,Malta,2013,30.22222137
MLT,Malta,2012,32.09076309
MLT,Malta,2011,33.16239166
MLT,Malta,2010,33.02582932
MLT,Malta,2009,32.45967865
MLT,Malta,2008,32.99180222
MLT,Malta,2007,31.07822418
MLT,Malta,2006,29.62184906
MLT,Malta,2005,28.85906029
MLT,Malta,2004,28.17258835
MLT,Malta,2003,28.83597946
MLT,Malta,2002,28.73563194
MLT,Malta,2001,29.66666603
MLT,Malta,2000,26.37362671
MHL,Marshall Islands,2024,
MHL,Marshall Islands,2023,
MHL,Marshall Islands,2022,1.19993043
MHL,Marshall Islands,2021,1.19327617
MHL,Marshall Islands,2020,1.3037374
MHL,Marshall Islands,2019,1.12465513
MHL,Marshall Islands,2018,1.17862809
MHL,Marshall Islands,2017,1.43960714
MHL,Marshall Islands,2016,1.15316296
MHL,Marshall Islands,2015,1.21950555
MHL,Marshall Islands,2014,1.50351095
MHL,Marshall Islands,2013,1.5455575
MHL,Marshall Islands,2012,1.57753265
MHL,Marshall Islands,2011,1.65684533
MHL,Marshall Islands,2010,1.07291412
MHL,Marshall Islands,2009,1.06487417
MHL,Marshall Islands,2008,1.0981549
MHL,Marshall Islands,2007,1.23962414
MHL,Marshall Islands,2006,0.91497028
MHL,Marshall Islands,2005,1.15576911
MHL,Marshall Islands,2004,1.46072459
MHL,Marshall Islands,2003,1.45044076
MHL,Marshall Islands,2002,1.58421719
MHL,Marshall Islands,2001,1.68245423
MHL,Marshall Islands,2000,1.42310202
MRT,Mauritania,2024,
MRT,Mauritania,2023,
MRT,Mauritania,2022,40.80820465
MRT,Mauritania,2021,48.19107056
MRT,Mauritania,2020,61.51318359
MRT,Mauritania,2019,60.29301453
MRT,Mauritania,2018,64.94996643
MRT,Mauritania,2017,54.0633316
MRT,Mauritania,2016,55.74465942
MRT,Mauritania,2015,47.74198532
MRT,Mauritania,2014,47.62082672
MRT,Mauritania,2013,50.20851898
MRT,Mauritania,2012,55.42799759
MRT,Mauritania,2011,58.37606049
MRT,Mauritania,2010,62.63608932
MRT,Mauritania,2009,62.76515579
MRT,Mauritania,2008,60.94037628
MRT,Mauritania,2007,65.29891205
MRT,Mauritania,2006,68.15976715
MRT,Mauritania,2005,67.1342392
MRT,Mauritania,2004,70.48690033
MRT,Mauritania,2003,68.38990021
MRT,Mauritania,2002,69.98466492
MRT,Mauritania,2001,77.12584686
MRT,Mauritania,2000,77.82102203
MUS,Mauritius,2024,
MUS,Mauritius,2023,
MUS,Mauritius,2022,44.01161957
MUS,Mauritius,2021,40.41674423
MUS,Mauritius,2020,43.58466339
MUS,Mauritius,2019,47.12637711
MUS,Mauritius,2018,46.91960907
MUS,Mauritius,2017,47.39693832
MUS,Mauritius,2016,48.16077805
MUS,Mauritius,2015,49.57672882
MUS,Mauritius,2014,50.18024445
MUS,Mauritius,2013,53.18034744
MUS,Mauritius,2012,51.61318207
MUS,Mauritius,2011,53.0715332
MUS,Mauritius,2010,52.31685638
MUS,Mauritius,2009,58.37334061
MUS,Mauritius,2008,61.84154892
MUS,Mauritius,2007,55.80852127
MUS,Mauritius,2006,52.91299438
MUS,Mauritius,2005,49.58810806
MUS,Mauritius,2004,43.42286682
MUS,Mauritius,2003,45.32218552
MUS,Mauritius,2002,44.87164688
MUS,Mauritius,2001,43.81983185
MUS,Mauritius,2000,44.00006866
MEX,Mexico,2024,
MEX,Mexico,2023,
MEX,Mexico,2022,39.08966446
MEX,Mexico,2021,41.37071991
MEX,Mexico,2020,38.76134109
MEX,Mexico,2019,42.28219223
MEX,Mexico,2018,42.30939865
MEX,Mexico,2017,41.78836441
MEX,Mexico,2016,41.3722229
MEX,Mexico,2015,41.04377365
MEX,Mexico,2014,40.87202454
MEX,Mexico,2013,39.87906647
MEX,Mexico,2012,40.64141083
MEX,Mexico,2011,40.73421097
MEX,Mexico,2010,43.50876617
MEX,Mexico,2009,47.35383987
MEX,Mexico,2008,48.59585571
MEX,Mexico,2007,52.49715424
MEX,Mexico,2006,53.76394653
MEX,Mexico,2005,54.58955383
MEX,Mexico,2004,53.69269943
MEX,Mexico,2003,55.66365051
MEX,Mexico,2002,54.35933304
MEX,Mexico,2001,53.42838669
MEX,Mexico,2000,52.22364426
FSM,"Micronesia, Fed. Sts.",2024,
FSM,"Micronesia, Fed. Sts.",2023,
FSM,"Micronesia, Fed. Sts.",2022,2.84008884
FSM,"Micronesia, Fed. Sts.",2021,2.6509974
FSM,"Micronesia, Fed. Sts.",2020,2.66071606
FSM,"Micronesia, Fed. Sts.",2019,2.61374712
FSM,"Micronesia, Fed. Sts.",2018,2.4074831
FSM,"Micronesia, Fed. Sts.",2017,2.49975038
FSM,"Micronesia, Fed. Sts.",2016,2.39515853
FSM,"Micronesia, Fed. Sts.",2015,2.62721825
FSM,"Micronesia, Fed. Sts.",2014,2.62560034
FSM,"Micronesia, Fed. Sts.",2013,2.72659135
FSM,"Micronesia, Fed. Sts.",2012,2.88498712
FSM,"Micronesia, Fed. Sts.",2011,3.01420712
FSM,"Micronesia, Fed. Sts.",2010,2.01292324
FSM,"Micronesia, Fed. Sts.",2009,2.47850609
FSM,"Micronesia, Fed. Sts.",2008,2.64663911
FSM,"Micronesia, Fed. Sts.",2007,2.82019544
FSM,"Micronesia, Fed. Sts.",2006,3.05648088
FSM,"Micronesia, Fed. Sts.",2005,3.20276237
FSM,"Micronesia, Fed. Sts.",2004,4.35161018
FSM,"Micronesia, Fed. Sts.",2003,4.89492893
FSM,"Micronesia, Fed. Sts.",2002,5.41147709
FSM,"Micronesia, Fed. Sts.",2001,4.81115913
FSM,"Micronesia, Fed. Sts.",2000,4.81945467
MDA,Moldova,2024,
MDA,Moldova,2023,
MDA,Moldova,2022,31.71020699
MDA,Moldova,2021,29.41590118
MDA,Moldova,2020,30.92627144
MDA,Moldova,2019,35.6937027
MDA,Moldova,2018,40.02738953
MDA,Moldova,2017,43.63447952
MDA,Moldova,2016,46.29189682
MDA,Moldova,2015,46.18740845
MDA,Moldova,2014,38.34880066
MDA,Moldova,2013,42.57612991
MDA,Moldova,2012,42.21784973
MDA,Moldova,2011,44.79645157
MDA,Moldova,2010,40.43186188
MDA,Moldova,2009,45.5789299
MDA,Moldova,2008,48.42182159
MDA,Moldova,2007,45.09947968
MDA,Moldova,2006,46.45158386
MDA,Moldova,2005,42.76385117
MDA,Moldova,2004,38.17024994
MDA,Moldova,2003,48.30680466
MDA,Moldova,2002,46.51903915
MDA,Moldova,2001,51.94122314
MDA,Moldova,2000,47.17256546
MCO,Monaco,2024,
MCO,Monaco,2023,
MCO,Monaco,2022,7.56005859
MCO,Monaco,2021,6.8874712
MCO,Monaco,2020,5.98073864
MCO,Monaco,2019,6.6520853
MCO,Monaco,2018,6.40742922
MCO,Monaco,2017,6.24558544
MCO,Monaco,2016,6.32938004
MCO,Monaco,2015,6.02537489
MCO,Monaco,2014,5.88376808
MCO,Monaco,2013,5.74751186
MCO,Monaco,2012,5.53545141
MCO,Monaco,2011,5.70712757
MCO,Monaco,2010,5.37164545
MCO,Monaco,2009,5.50244904
MCO,Monaco,2008,6.41694307
MCO,Monaco,2007,6.83076525
MCO,Monaco,2006,6.07501459
MCO,Monaco,2005,5.81139994
MCO,Monaco,2004,5.74747467
MCO,Monaco,2003,5.88835192
MCO,Monaco,2002,6.81798506
MCO,Monaco,2001,6.93625069
MCO,Monaco,2000,7.01219511
MNG,Mongolia,2024,
MNG,Mongolia,2023,
MNG,Mongolia,2022,38.94818497
MNG,Mongolia,2021,30.87066269
MNG,Mongolia,2020,43.71080399
MNG,Mongolia,2019,43.10778427
MNG,Mongolia,2018,43.93989944
MNG,Mongolia,2017,38.04784012
MNG,Mongolia,2016,34.81768417
MNG,Mongolia,2015,36.37525558
MNG,Mongolia,2014,34.67579269
MNG,Mongolia,2013,37.09957504
MNG,Mongolia,2012,31.50933075
MNG,Mongolia,2011,32.00390244
MNG,Mongolia,2010,28.05504799
MNG,Mongolia,2009,22.75947571
MNG,Mongolia,2008,21.42464447
MNG,Mongolia,2007,23.28106308
MNG,Mongolia,2006,25.55569839
MNG,Mongolia,2005,31.49645615
MNG,Mongolia,2004,24.66249657
MNG,Mongolia,2003,23.92341042
MNG,Mongolia,2002,20.9937973
MNG,Mongolia,2001,20.77006531
MNG,Mongolia,2000,18.51221466
MNE,Montenegro,2024,
MNE,Montenegro,2023,
MNE,Montenegro,2022,36.73978424
MNE,Montenegro,2021,38.08446884
MNE,Montenegro,2020,36.5496254
MNE,Montenegro,2019,38.55628967
MNE,Montenegro,2018,39.6108551
MNE,Montenegro,2017,42.16569138
MNE,Montenegro,2016,38.23348618
MNE,Montenegro,2015,37.72554779
MNE,Montenegro,2014,39.11519241
MNE,Montenegro,2013,42.07717514
MNE,Montenegro,2012,35.91405106
MNE,Montenegro,2011,38.80132294
MNE,Montenegro,2010,
MNE,Montenegro,2009,
MNE,Montenegro,2008,
MNE,Montenegro,2007,
MNE,Montenegro,2006,
MNE,Montenegro,2005,
MNE,Montenegro,2004,
MNE,Montenegro,2003,
MNE,Montenegro,2002,
MNE,Montenegro,2001,
MNE,Montenegro,2000,
MAR,Morocco,2024,
MAR,Morocco,2023,
MAR,Morocco,2022,43.01153183
MAR,Morocco,2021,42.26218796
MAR,Morocco,2020,41.28748322
MAR,Morocco,2019,46.18149567
MAR,Morocco,2018,46.98527527
MAR,Morocco,2017,47.96567535
MAR,Morocco,2016,48.8467865
MAR,Morocco,2015,48.95444107
MAR,Morocco,2014,49.15629196
MAR,Morocco,2013,51.66726685
MAR,Morocco,2012,52.74585342
MAR,Morocco,2011,54.24003983
MAR,Morocco,2010,55.61273193
MAR,Morocco,2009,54.49833298
MAR,Morocco,2008,56.41322708
MAR,Morocco,2007,57.18305206
MAR,Morocco,2006,58.74881363
MAR,Morocco,2005,59.65603256
MAR,Morocco,2004,57.37558365
MAR,Morocco,2003,56.20530701
MAR,Morocco,2002,53.84698105
MAR,Morocco,2001,53.25442505
MAR,Morocco,2000,53.86581421
MOZ,Mozambique,2024,
MOZ,Mozambique,2023,
MOZ,Mozambique,2022,9.68696404
MOZ,Mozambique,2021,9.2104044
MOZ,Mozambique,2020,10.32057858
MOZ,Mozambique,2019,9.71002865
MOZ,Mozambique,2018,9.32622814
MOZ,Mozambique,2017,9.68614864
MOZ,Mozambique,2016,10.53909206
MOZ,Mozambique,2015,11.26148605
MOZ,Mozambique,2014,10.42445946
MOZ,Mozambique,2013,8.01704311
MOZ,Mozambique,2012,5.5548296
MOZ,Mozambique,2011,6.71953869
MOZ,Mozambique,2010,7.1121192
MOZ,Mozambique,2009,8.2377615
MOZ,Mozambique,2008,11.20337486
MOZ,Mozambique,2007,12.01949692
MOZ,Mozambique,2006,12.74688625
MOZ,Mozambique,2005,12.31847477
MOZ,Mozambique,2004,15.60630703
MOZ,Mozambique,2003,21.2150631
MOZ,Mozambique,2002,27.98241615
MOZ,Mozambique,2001,26.68761826
MOZ,Mozambique,2000,38.88117599
MMR,Myanmar,2024,
MMR,Myanmar,2023,
MMR,Myanmar,2022,65.13663483
MMR,Myanmar,2021,54.10145569
MMR,Myanmar,2020,72.57280731
MMR,Myanmar,2019,76.56387329
MMR,Myanmar,2018,76.44635773
MMR,Myanmar,2017,75.68733215
MMR,Myanmar,2016,76.67272949
MMR,Myanmar,2015,70.4500351
MMR,Myanmar,2014,66.03540802
MMR,Myanmar,2013,72.23144531
MMR,Myanmar,2012,76.7002182
MMR,Myanmar,2011,77.27888489
MMR,Myanmar,2010,80.74465942
MMR,Myanmar,2009,82.26850128
MMR,Myanmar,2008,82.45877075
MMR,Myanmar,2007,82.16391754
MMR,Myanmar,2006,75.01602936
MMR,Myanmar,2005,82.50259399
MMR,Myanmar,2004,78.88469696
MMR,Myanmar,2003,83.16689301
MMR,Myanmar,2002,82.23466492
MMR,Myanmar,2001,85.89756775
MMR,Myanmar,2000,85.6558075
NAM,Namibia,2024,
NAM,Namibia,2023,
NAM,Namibia,2022,8.10120773
NAM,Namibia,2021,7.82301712
NAM,Namibia,2020,7.49656057
NAM,Namibia,2019,7.93820286
NAM,Namibia,2018,8.09860134
NAM,Namibia,2017,7.79463243
NAM,Namibia,2016,7.71207476
NAM,Namibia,2015,7.3291254
NAM,Namibia,2014,9.03688717
NAM,Namibia,2013,9.88768768
NAM,Namibia,2012,10.90823555
NAM,Namibia,2011,10.30300426
NAM,Namibia,2010,9.27632713
NAM,Namibia,2009,8.49085331
NAM,Namibia,2008,6.89986229
NAM,Namibia,2007,5.80081177
NAM,Namibia,2006,5.98718357
NAM,Namibia,2005,6.19300365
NAM,Namibia,2004,6.47250128
NAM,Namibia,2003,7.15993214
NAM,Namibia,2002,6.86197758
NAM,Namibia,2001,7.24292898
NAM,Namibia,2000,7.10350704
NRU,Nauru,2024,
NRU,Nauru,2023,
NRU,Nauru,2022,0.46788883
NRU,Nauru,2021,0.61343366
NRU,Nauru,2020,0.77799612
NRU,Nauru,2019,0.80313951
NRU,Nauru,2018,0.74564779
NRU,Nauru,2017,0.88470006
NRU,Nauru,2016,1.13063157
NRU,Nauru,2015,1.06901789
NRU,Nauru,2014,1.31314826
NRU,Nauru,2013,1.04622602
NRU,Nauru,2012,0.78191185
NRU,Nauru,2011,1.91657317
NRU,Nauru,2010,2.41821241
NRU,Nauru,2009,3.10484219
NRU,Nauru,2008,2.19099712
NRU,Nauru,2007,2.30141306
NRU,Nauru,2006,3.95364738
NRU,Nauru,2005,4.42820024
NRU,Nauru,2004,7.21008778
NRU,Nauru,2003,4.87882614
NRU,Nauru,2002,3.80298233
NRU,Nauru,2001,3.02829003
NRU,Nauru,2000,2.55207443
NPL,Nepal,2024,
NPL,Nepal,2023,
NPL,Nepal,2022,55.78992081
NPL,Nepal,2021,51.26197052
NPL,Nepal,2020,54.17097092
NPL,Nepal,2019,57.91313171
NPL,Nepal,2018,57.72974396
NPL,Nepal,2017,57.37584686
NPL,Nepal,2016,55.44006729
NPL,Nepal,2015,59.4352417
NPL,Nepal,2014,60.04753494
NPL,Nepal,2013,63.53343964
NPL,Nepal,2012,56.07543182
NPL,Nepal,2011,58.37966919
NPL,Nepal,2010,56.20389175
NPL,Nepal,2009,57.62322617
NPL,Nepal,2008,61.62509155
NPL,Nepal,2007,60.96153259
NPL,Nepal,2006,42.50187302
NPL,Nepal,2005,49.21795654
NPL,Nepal,2004,51.60284424
NPL,Nepal,2003,53.80937958
NPL,Nepal,2002,51.95619583
NPL,Nepal,2001,51.26501846
NPL,Nepal,2000,55.78205109
NLD,Netherlands,2024,
NLD,Netherlands,2023,
NLD,Netherlands,2022,10.02272224
NLD,Netherlands,2021,9.36996651
NLD,Netherlands,2020,9.27974606
NLD,Netherlands,2019,10.423666
NLD,Netherlands,2018,10.79132938
NLD,Netherlands,2017,11.04886436
NLD,Netherlands,2016,11.28642845
NLD,Netherlands,2015,11.28642845
NLD,Netherlands,2014,11.58756542
NLD,Netherlands,2013,11.53488541
NLD,Netherlands,2012,10.09067631
NLD,Netherlands,2011,9.48238277
NLD,Netherlands,2010,9.0956707
NLD,Netherlands,2009,9.06950665
NLD,Netherlands,2008,9.92371464
NLD,Netherlands,2007,7.88896227
NLD,Netherlands,2006,8.32705307
NLD,Netherlands,2005,9.88585567
NLD,Netherlands,2004,9.9601841
NLD,Netherlands,2003,9.60532284
NLD,Netherlands,2002,9.81220055
NLD,Netherlands,2001,10.46682262
NLD,Netherlands,2000,11.03169155
NCL,New Caledonia,2024,
NCL,New Caledonia,2023,
NCL,New Caledonia,2022,
NCL,New Caledonia,2021,
NCL,New Caledonia,2020,
NCL,New Caledonia,2019,
NCL,New Caledonia,2018,
NCL,New Caledonia,2017,
NCL,New Caledonia,2016,
NCL,New Caledonia,2015,
NCL,New Caledonia,2014,
NCL,New Caledonia,2013,
NCL,New Caledonia,2012,
NCL,New Caledonia,2011,
NCL,New Caledonia,2010,
NCL,New Caledonia,2009,
NCL,New Caledonia,2008,
NCL,New Caledonia,2007,
NCL,New Caledonia,2006,
NCL,New Caledonia,2005,
NCL,New Caledonia,2004,
NCL,New Caledonia,2003,
NCL,New Caledonia,2002,
NCL,New Caledonia,2001,
NCL,New Caledonia,2000,
NZL,New Zealand,2024,
NZL,New Zealand,2023,
NZL,New Zealand,2022,11.67517471
NZL,New Zealand,2021,11.57116222
NZL,New Zealand,2020,11.4149332
NZL,New Zealand,2019,12.1265707
NZL,New Zealand,2018,12.9116888
NZL,New Zealand,2017,13.57707405
NZL,New Zealand,2016,13.5755825
NZL,New Zealand,2015,13.36466026
NZL,New Zealand,2014,12.85042477
NZL,New Zealand,2013,12.37116337
NZL,New Zealand,2012,12.26525021
NZL,New Zealand,2011,12.09877682
NZL,New Zealand,2010,11.95811081
NZL,New Zealand,2009,12.35631561
NZL,New Zealand,2008,13.23509979
NZL,New Zealand,2007,11.45369911
NZL,New Zealand,2006,13.83843422
NZL,New Zealand,2005,14.0701437
NZL,New Zealand,2004,14.10670567
NZL,New Zealand,2003,15.37909985
NZL,New Zealand,2002,16.05667496
NZL,New Zealand,2001,16.98616028
NZL,New Zealand,2000,15.36159515
NIC,Nicaragua,2024,
NIC,Nicaragua,2023,
NIC,Nicaragua,2022,35.65618896
NIC,Nicaragua,2021,30.81681633
NIC,Nicaragua,2020,32.27201843
NIC,Nicaragua,2019,33.21761322
NIC,Nicaragua,2018,33.15946198
NIC,Nicaragua,2017,33.84358215
NIC,Nicaragua,2016,35.0157547
NIC,Nicaragua,2015,35.39279175
NIC,Nicaragua,2014,35.33010483
NIC,Nicaragua,2013,36.89557648
NIC,Nicaragua,2012,37.63622665
NIC,Nicaragua,2011,37.83097458
NIC,Nicaragua,2010,37.48913193
NIC,Nicaragua,2009,38.31826782
NIC,Nicaragua,2008,40.90857697
NIC,Nicaragua,2007,41.9446907
NIC,Nicaragua,2006,41.98431396
NIC,Nicaragua,2005,39.16899109
NIC,Nicaragua,2004,41.55657196
NIC,Nicaragua,2003,38.6891098
NIC,Nicaragua,2002,45.29000092
NIC,Nicaragua,2001,40.38275528
NIC,Nicaragua,2000,43.8829689
NER,Niger,2024,
NER,Niger,2023,
NER,Niger,2022,40.34075165
NER,Niger,2021,42.52769852
NER,Niger,2020,43.54892731
NER,Niger,2019,46.09529114
NER,Niger,2018,48.96118927
NER,Niger,2017,48.3137207
NER,Niger,2016,58.51040268
NER,Niger,2015,51.68564987
NER,Niger,2014,54.67353821
NER,Niger,2013,56.5436821
NER,Niger,2012,60.80649567
NER,Niger,2011,57.73744583
NER,Niger,2010,55.89531326
NER,Niger,2009,53.61827087
NER,Niger,2008,52.46494675
NER,Niger,2007,53.40667725
NER,Niger,2006,48.75664139
NER,Niger,2005,50.13459396
NER,Niger,2004,60.00253296
NER,Niger,2003,61.24694824
NER,Niger,2002,59.62220001
NER,Niger,2001,60.42289352
NER,Niger,2000,60.49816132
NGA,Nigeria,2024,
NGA,Nigeria,2023,
NGA,Nigeria,2022,76.12967682
NGA,Nigeria,2021,76.24337006
NGA,Nigeria,2020,74.67578125
NGA,Nigeria,2019,71.49702454
NGA,Nigeria,2018,75.94579315
NGA,Nigeria,2017,77.38787079
NGA,Nigeria,2016,75.18703461
NGA,Nigeria,2015,71.89007568
NGA,Nigeria,2014,71.85419464
NGA,Nigeria,2013,70.92673492
NGA,Nigeria,2012,72.84432983
NGA,Nigeria,2011,74.72514343
NGA,Nigeria,2010,76.87748718
NGA,Nigeria,2009,74.47493744
NGA,Nigeria,2008,72.75693512
NGA,Nigeria,2007,70.93754578
NGA,Nigeria,2006,70.45880127
NGA,Nigeria,2005,65.97051239
NGA,Nigeria,2004,64.54787445
NGA,Nigeria,2003,72.81436157
NGA,Nigeria,2002,65.04915619
NGA,Nigeria,2001,60.74782181
NGA,Nigeria,2000,60.16206741
MKD,North Macedonia,2024,
MKD,North Macedonia,2023,
MKD,North Macedonia,2022,40.21560669
MKD,North Macedonia,2021,41.73991013
MKD,North Macedonia,2020,38.87190628
MKD,North Macedonia,2019,39.08806229
MKD,North Macedonia,2018,41.23317337
MKD,North Macedonia,2017,41.04214478
MKD,North Macedonia,2016,35.32001495
MKD,North Macedonia,2015,34.26193237
MKD,North Macedonia,2014,34.97661972
MKD,North Macedonia,2013,33.70716476
MKD,North Macedonia,2012,35.2437439
MKD,North Macedonia,2011,35.79779053
MKD,North Macedonia,2010,37.78863525
MKD,North Macedonia,2009,34.79013824
MKD,North Macedonia,2008,32.02929306
MKD,North Macedonia,2007,37.28580475
MKD,North Macedonia,2006,37.00005722
MKD,North Macedonia,2005,41.23845673
MKD,North Macedonia,2004,42.53265762
MKD,North Macedonia,2003,43.79019547
MKD,North Macedonia,2002,42.5700264
MKD,North Macedonia,2001,42.38284302
MKD,North Macedonia,2000,42.08673859
MNP,Northern Mariana Islands,2024,
MNP,Northern Mariana Islands,2023,
MNP,Northern Mariana Islands,2022,
MNP,Northern Mariana Islands,2021,
MNP,Northern Mariana Islands,2020,
MNP,Northern Mariana Islands,2019,
MNP,Northern Mariana Islands,2018,
MNP,Northern Mariana Islands,2017,
MNP,Northern Mariana Islands,2016,
MNP,Northern Mariana Islands,2015,
MNP,Northern Mariana Islands,2014,
MNP,Northern Mariana Islands,2013,
MNP,Northern Mariana Islands,2012,
MNP,Northern Mariana Islands,2011,
MNP,Northern Mariana Islands,2010,
MNP,Northern Mariana Islands,2009,
MNP,Northern Mariana Islands,2008,
MNP,Northern Mariana Islands,2007,
MNP,Northern Mariana Islands,2006,
MNP,Northern Mariana Islands,2005,
MNP,Northern Mariana Islands,2004,
MNP,Northern Mariana Islands,2003,
MNP,Northern Mariana Islands,2002,
MNP,Northern Mariana Islands,2001,
MNP,Northern Mariana Islands,2000,
NOR,Norway,2024,
NOR,Norway,2023,
NOR,Norway,2022,14.07542992
NOR,Norway,2021,13.85256004
NOR,Norway,2020,13.78762722
NOR,Norway,2019,13.91872692
NOR,Norway,2018,13.96863365
NOR,Norway,2017,14.5119257
NOR,Norway,2016,14.27099895
NOR,Norway,2015,14.14276981
NOR,Norway,2014,14.37853241
NOR,Norway,2013,14.59419632
NOR,Norway,2012,14.80008125
NOR,Norway,2011,15.20982742
NOR,Norway,2010,15.0464716
NOR,Norway,2009,15.25448322
NOR,Norway,2008,15.65692139
NOR,Norway,2007,16.07217407
NOR,Norway,2006,16.45254898
NOR,Norway,2005,16.71413231
NOR,Norway,2004,16.76214218
NOR,Norway,2003,16.59880066
NOR,Norway,2002,16.82538414
NOR,Norway,2001,16.95686531
NOR,Norway,2000,17.94157028
OMN,Oman,2024,
OMN,Oman,2023,
OMN,Oman,2022,7.47770643
OMN,Oman,2021,6.13263321
OMN,Oman,2020,5.20750284
OMN,Oman,2019,5.9613471
OMN,Oman,2018,6.4967432
OMN,Oman,2017,5.93687487
OMN,Oman,2016,5.56049776
OMN,Oman,2015,5.30148888
OMN,Oman,2014,5.68407965
OMN,Oman,2013,6.97031879
OMN,Oman,2012,10.24428463
OMN,Oman,2011,10.83927441
OMN,Oman,2010,10.4072876
OMN,Oman,2009,11.49723816
OMN,Oman,2008,12.44921112
OMN,Oman,2007,11.26973057
OMN,Oman,2006,11.47766304
OMN,Oman,2005,10.54691696
OMN,Oman,2004,11.15068245
OMN,Oman,2003,10.57715225
OMN,Oman,2002,10.14918995
OMN,Oman,2001,11.26713276
OMN,Oman,2000,11.74951649
PAK,Pakistan,2024,
PAK,Pakistan,2023,
PAK,Pakistan,2022,47.36522675
PAK,Pakistan,2021,50.67523956
PAK,Pakistan,2020,55.23900604
PAK,Pakistan,2019,56.08301163
PAK,Pakistan,2018,56.24115753
PAK,Pakistan,2017,57.8424263
PAK,Pakistan,2016,62.12799454
PAK,Pakistan,2015,64.43975067
PAK,Pakistan,2014,65.50695038
PAK,Pakistan,2013,62.74438858
PAK,Pakistan,2012,61.15657806
PAK,Pakistan,2011,65.34801483
PAK,Pakistan,2010,67.75833893
PAK,Pakistan,2009,67.87589264
PAK,Pakistan,2008,69.98925781
PAK,Pakistan,2007,71.69874573
PAK,Pakistan,2006,72.83744049
PAK,Pakistan,2005,65.86717224
PAK,Pakistan,2004,60.75031281
PAK,Pakistan,2003,60.46445465
PAK,Pakistan,2002,50.96485519
PAK,Pakistan,2001,55.79309845
PAK,Pakistan,2000,57.3422699
PLW,Palau,2024,
PLW,Palau,2023,
PLW,Palau,2022,16.59174156
PLW,Palau,2021,16.20428658
PLW,Palau,2020,16.12763977
PLW,Palau,2019,14.86374092
PLW,Palau,2018,16.68135262
PLW,Palau,2017,16.95531273
PLW,Palau,2016,17.15130997
PLW,Palau,2015,17.25234604
PLW,Palau,2014,15.69245625
PLW,Palau,2013,16.00157356
PLW,Palau,2012,16.6182518
PLW,Palau,2011,18.50708771
PLW,Palau,2010,17.69978714
PLW,Palau,2009,19.58942032
PLW,Palau,2008,19.40317154
PLW,Palau,2007,18.04999352
PLW,Palau,2006,17.62614632
PLW,Palau,2005,16.55493736
PLW,Palau,2004,15.58070755
PLW,Palau,2003,18.00998878
PLW,Palau,2002,18.53170395
PLW,Palau,2001,16.89528465
PLW,Palau,2000,16.16586113
PAN,Panama,2024,
PAN,Panama,2023,
PAN,Panama,2022,37.1328392
PAN,Panama,2021,37.33168793
PAN,Panama,2020,39.5986557
PAN,Panama,2019,37.61917496
PAN,Panama,2018,35.70438766
PAN,Panama,2017,31.91596031
PAN,Panama,2016,32.69819641
PAN,Panama,2015,33.03644562
PAN,Panama,2014,31.79924011
PAN,Panama,2013,32.27741623
PAN,Panama,2012,34.78495407
PAN,Panama,2011,34.16368103
PAN,Panama,2010,31.44028473
PAN,Panama,2009,29.72088814
PAN,Panama,2008,29.21657181
PAN,Panama,2007,29.96040154
PAN,Panama,2006,33.34238815
PAN,Panama,2005,35.80376053
PAN,Panama,2004,32.35309219
PAN,Panama,2003,33.06431961
PAN,Panama,2002,32.60339737
PAN,Panama,2001,31.89500046
PAN,Panama,2000,30.71383095
PNG,Papua New Guinea,2024,
PNG,Papua New Guinea,2023,
PNG,Papua New Guinea,2022,9.25386047
PNG,Papua New Guinea,2021,10.35447788
PNG,Papua New Guinea,2020,10.4240942
PNG,Papua New Guinea,2019,9.52710056
PNG,Papua New Guinea,2018,9.59954548
PNG,Papua New Guinea,2017,8.99854469
PNG,Papua New Guinea,2016,10.14459038
PNG,Papua New Guinea,2015,12.36896133
PNG,Papua New Guinea,2014,5.95525455
PNG,Papua New Guinea,2013,6.57243299
PNG,Papua New Guinea,2012,9.22092819
PNG,Papua New Guinea,2011,12.23990631
PNG,Papua New Guinea,2010,12.28368187
PNG,Papua New Guinea,2009,10.39126968
PNG,Papua New Guinea,2008,8.69522953
PNG,Papua New Guinea,2007,7.78150463
PNG,Papua New Guinea,2006,8.10734177
PNG,Papua New Guinea,2005,8.19551563
PNG,Papua New Guinea,2004,8.47508335
PNG,Papua New Guinea,2003,8.78297806
PNG,Papua New Guinea,2002,8.74937534
PNG,Papua New Guinea,2001,8.86538887
PNG,Papua New Guinea,2000,9.44284439
PRY,Paraguay,2024,
PRY,Paraguay,2023,
PRY,Paraguay,2022,38.90990067
PRY,Paraguay,2021,35.93767929
PRY,Paraguay,2020,37.87582779
PRY,Paraguay,2019,41.96775436
PRY,Paraguay,2018,43.87631607
PRY,Paraguay,2017,43.77459717
PRY,Paraguay,2016,42.92160797
PRY,Paraguay,2015,43.80717087
PRY,Paraguay,2014,44.38643265
PRY,Paraguay,2013,47.50415039
PRY,Paraguay,2012,46.33087158
PRY,Paraguay,2011,50.00536728
PRY,Paraguay,2010,53.92941666
PRY,Paraguay,2009,55.44544601
PRY,Paraguay,2008,60.46802139
PRY,Paraguay,2007,57.95808029
PRY,Paraguay,2006,56.72241974
PRY,Paraguay,2005,57.92465973
PRY,Paraguay,2004,56.95936584
PRY,Paraguay,2003,54.62833786
PRY,Paraguay,2002,56.07246399
PRY,Paraguay,2001,52.38962936
PRY,Paraguay,2000,49.09693146
PER,Peru,2024,
PER,Peru,2023,
PER,Peru,2022,26.99152184
PER,Peru,2021,25.07687187
PER,Peru,2020,22.47286987
PER,Peru,2019,28.34798813
PER,Peru,2018,29.74592972
PER,Peru,2017,28.94732857
PER,Peru,2016,29.5966835
PER,Peru,2015,30.14810181
PER,Peru,2014,31.77192116
PER,Peru,2013,35.27772903
PER,Peru,2012,38.87478256
PER,Peru,2011,40.34396362
PER,Peru,2010,39.51519012
PER,Peru,2009,40.27733994
PER,Peru,2008,43.35043335
PER,Peru,2007,42.54182816
PER,Peru,2006,40.32910538
PER,Peru,2005,34.02098083
PER,Peru,2004,36.69293594
PER,Peru,2003,37.48832321
PER,Peru,2002,39.94084549
PER,Peru,2001,40.65113449
PER,Peru,2000,40.28141403
PHL,Philippines,2024,
PHL,Philippines,2023,44.36002731
PHL,Philippines,2022,44.63492584
PHL,Philippines,2021,41.21797943
PHL,Philippines,2020,44.56456757
PHL,Philippines,2019,48.78687668
PHL,Philippines,2018,50.4368515
PHL,Philippines,2017,50.14805984
PHL,Philippines,2016,50.49208069
PHL,Philippines,2015,51.1785965
PHL,Philippines,2014,52.37667847
PHL,Philippines,2013,57.57440186
PHL,Philippines,2012,58.31450272
PHL,Philippines,2011,58.89309311
PHL,Philippines,2010,54.84585953
PHL,Philippines,2009,55.57599258
PHL,Philippines,2008,57.44991684
PHL,Philippines,2007,55.9674263
PHL,Philippines,2006,54.03545761
PHL,Philippines,2005,52.10651398
PHL,Philippines,2004,47.77958298
PHL,Philippines,2003,47.70053482
PHL,Philippines,2002,47.76664352
PHL,Philippines,2001,44.61747742
PHL,Philippines,2000,41.19496918
POL,Poland,2024,
POL,Poland,2023,16.18947983
POL,Poland,2022,18.83915138
POL,Poland,2021,19.84747887
POL,Poland,2020,19.53498077
POL,Poland,2019,20.09078407
POL,Poland,2018,20.42033195
POL,Poland,2017,22.73643494
POL,Poland,2016,22.74558067
POL,Poland,2015,23.03758621
POL,Poland,2014,22.737463
POL,Poland,2013,23.64557266
POL,Poland,2012,24.26416779
POL,Poland,2011,23.95442009
POL,Poland,2010,23.7143631
POL,Poland,2009,24.36023712
POL,Poland,2008,24.43056297
POL,Poland,2007,26.29073715
POL,Poland,2006,27.10572624
POL,Poland,2005,27.74561501
POL,Poland,2004,29.44409943
POL,Poland,2003,27.58094215
POL,Poland,2002,26.44939995
POL,Poland,2001,28.9781456
POL,Poland,2000,31.12003899
PRT,Portugal,2024,
PRT,Portugal,2023,29.76397705
PRT,Portugal,2022,29.64780998
PRT,Portugal,2021,29.41145706
PRT,Portugal,2020,28.01858902
PRT,Portugal,2019,30.60724258
PRT,Portugal,2018,29.91732025
PRT,Portugal,2017,29.68834496
PRT,Portugal,2016,29.43173981
PRT,Portugal,2015,29.53496742
PRT,Portugal,2014,29.3347435
PRT,Portugal,2013,28.793787
PRT,Portugal,2012,29.58329964
PRT,Portugal,2011,26.65432167
PRT,Portugal,2010,24.70817566
PRT,Portugal,2009,25.10331535
PRT,Portugal,2008,26.39370918
PRT,Portugal,2007,25.90645599
PRT,Portugal,2006,25.52451706
PRT,Portugal,2005,23.68044853
PRT,Portugal,2004,23.50505638
PRT,Portugal,2003,23.69063568
PRT,Portugal,2002,23.17964363
PRT,Portugal,2001,25.10856628
PRT,Portugal,2000,25.71484947
PRI,Puerto Rico (US),2024,
PRI,Puerto Rico (US),2023,
PRI,Puerto Rico (US),2022,
PRI,Puerto Rico (US),2021,
PRI,Puerto Rico (US),2020,
PRI,Puerto Rico (US),2019,
PRI,Puerto Rico (US),2018,
PRI,Puerto Rico (US),2017,
PRI,Puerto Rico (US),2016,
PRI,Puerto Rico (US),2015,
PRI,Puerto Rico (US),2014,
PRI,Puerto Rico (US),2013,
PRI,Puerto Rico (US),2012,
PRI,Puerto Rico (US),2011,
PRI,Puerto Rico (US),2010,
PRI,Puerto Rico (US),2009,
PRI,Puerto Rico (US),2008,
PRI,Puerto Rico (US),2007,
PRI,Puerto Rico (US),2006,
PRI,Puerto Rico (US),2005,
PRI,Puerto Rico (US),2004,
PRI,Puerto Rico (US),2003,
PRI,Puerto Rico (US),2002,
PRI,Puerto Rico (US),2001,
PRI,Puerto Rico (US),2000,
QAT,Qatar,2024,
QAT,Qatar,2023,
QAT,Qatar,2022,7.73313808
QAT,Qatar,2021,6.55757952
QAT,Qatar,2020,5.89859581
QAT,Qatar,2019,6.3903017
QAT,Qatar,2018,6.73806286
QAT,Qatar,2017,6.88137674
QAT,Qatar,2016,6.27973223
QAT,Qatar,2015,5.31610537
QAT,Qatar,2014,5.6476922
QAT,Qatar,2013,6.90943241
QAT,Qatar,2012,10.88382721
QAT,Qatar,2011,16.8867054
QAT,Qatar,2010,18.7262249
QAT,Qatar,2009,19.3805542
QAT,Qatar,2008,18.78091812
QAT,Qatar,2007,18.72445297
QAT,Qatar,2006,18.66810036
QAT,Qatar,2005,18.61186028
QAT,Qatar,2004,18.55573273
QAT,Qatar,2003,18.53093338
QAT,Qatar,2002,27.51289368
QAT,Qatar,2001,27.41547394
QAT,Qatar,2000,30.03434944
ROU,Romania,2024,
ROU,Romania,2023,
ROU,Romania,2022,21.42167473
ROU,Romania,2021,20.94245529
ROU,Romania,2020,19.02618599
ROU,Romania,2019,18.87716484
ROU,Romania,2018,19.45757103
ROU,Romania,2017,20.48815536
ROU,Romania,2016,20.75498581
ROU,Romania,2015,21.28186798
ROU,Romania,2014,20.31369972
ROU,Romania,2013,20.17611694
ROU,Romania,2012,22.42794037
ROU,Romania,2011,24.27584076
ROU,Romania,2010,19.63123703
ROU,Romania,2009,20.78450394
ROU,Romania,2008,18.1821537
ROU,Romania,2007,17.59607506
ROU,Romania,2006,19.99056435
ROU,Romania,2005,18.49896812
ROU,Romania,2004,24.32698631
ROU,Romania,2003,15.12717533
ROU,Romania,2002,17.83514595
ROU,Romania,2001,18.94091988
ROU,Romania,2000,19.41972351
RUS,Russian Federation,2024,
RUS,Russian Federation,2023,
RUS,Russian Federation,2022,27.70335197
RUS,Russian Federation,2021,28.7372036
RUS,Russian Federation,2020,24.88454437
RUS,Russian Federation,2019,36.57374573
RUS,Russian Federation,2018,38.31166458
RUS,Russian Federation,2017,40.49308395
RUS,Russian Federation,2016,40.48464966
RUS,Russian Federation,2015,38.6463356
RUS,Russian Federation,2014,35.82570648
RUS,Russian Federation,2013,34.83225632
RUS,Russian Federation,2012,33.39754486
RUS,Russian Federation,2011,34.19445038
RUS,Russian Federation,2010,35.32572556
RUS,Russian Federation,2009,34.58216476
RUS,Russian Federation,2008,31.54885483
RUS,Russian Federation,2007,31.44804764
RUS,Russian Federation,2006,31.12683678
RUS,Russian Federation,2005,31.93187904
RUS,Russian Federation,2004,33.80615234
RUS,Russian Federation,2003,33.27987289
RUS,Russian Federation,2002,31.21293449
RUS,Russian Federation,2001,30.79232025
RUS,Russian Federation,2000,30.20886612
RWA,Rwanda,2024,
RWA,Rwanda,2023,
RWA,Rwanda,2022,9.6218214
RWA,Rwanda,2021,10.10973835
RWA,Rwanda,2020,10.47343636
RWA,Rwanda,2019,11.6897049
RWA,Rwanda,2018,11.77534676
RWA,Rwanda,2017,11.86349201
RWA,Rwanda,2016,11.35635281
RWA,Rwanda,2015,12.18193626
RWA,Rwanda,2014,12.05679798
RWA,Rwanda,2013,12.30708694
RWA,Rwanda,2012,10.17832565
RWA,Rwanda,2011,10.79557514
RWA,Rwanda,2010,11.09119892
RWA,Rwanda,2009,11.38073063
RWA,Rwanda,2008,11.78676987
RWA,Rwanda,2007,12.4900322
RWA,Rwanda,2006,14.26711559
RWA,Rwanda,2005,23.80013084
RWA,Rwanda,2004,21.21929359
RWA,Rwanda,2003,17.11997414
RWA,Rwanda,2002,28.46427345
RWA,Rwanda,2001,27.67666245
RWA,Rwanda,2000,26.58733177
WSM,Samoa,2024,
WSM,Samoa,2023,
WSM,Samoa,2022,12.48642349
WSM,Samoa,2021,11.17319584
WSM,Samoa,2020,10.81952477
WSM,Samoa,2019,11.15762901
WSM,Samoa,2018,12.97838497
WSM,Samoa,2017,12.01364803
WSM,Samoa,2016,11.29352665
WSM,Samoa,2015,10.24456596
WSM,Samoa,2014,11.03203487
WSM,Samoa,2013,11.07636452
WSM,Samoa,2012,13.9211483
WSM,Samoa,2011,12.30281925
WSM,Samoa,2010,12.63165283
WSM,Samoa,2009,12.56464672
WSM,Samoa,2008,14.27214527
WSM,Samoa,2007,13.09505939
WSM,Samoa,2006,12.83109951
WSM,Samoa,2005,13.06104279
WSM,Samoa,2004,12.99295998
WSM,Samoa,2003,14.40465546
WSM,Samoa,2002,13.30148315
WSM,Samoa,2001,14.05548191
WSM,Samoa,2000,11.96709824
SMR,San Marino,2024,
SMR,San Marino,2023,
SMR,San Marino,2022,11.43565369
SMR,San Marino,2021,11.85579014
SMR,San Marino,2020,10.25551033
SMR,San Marino,2019,11.22083473
SMR,San Marino,2018,11.11235237
SMR,San Marino,2017,12.38630009
SMR,San Marino,2016,12.36561584
SMR,San Marino,2015,13.6021862
SMR,San Marino,2014,11.97679806
SMR,San Marino,2013,10.94138432
SMR,San Marino,2012,11.33550167
SMR,San Marino,2011,11.24539852
SMR,San Marino,2010,13.73352718
SMR,San Marino,2009,19.14743805
SMR,San Marino,2008,19.69917297
SMR,San Marino,2007,20.02647018
SMR,San Marino,2006,21.09648323
SMR,San Marino,2005,21.86989975
SMR,San Marino,2004,22.97556496
SMR,San Marino,2003,23.76210976
SMR,San Marino,2002,25.19379616
SMR,San Marino,2001,24.39905548
SMR,San Marino,2000,25.60515976
STP,Sao Tome and Principe,2024,
STP,Sao Tome and Principe,2023,
STP,Sao Tome and Principe,2022,11.97192383
STP,Sao Tome and Principe,2021,11.65572834
STP,Sao Tome and Principe,2020,11.84764099
STP,Sao Tome and Principe,2019,16.99124527
STP,Sao Tome and Principe,2018,15.81694221
STP,Sao Tome and Principe,2017,14.75731373
STP,Sao Tome and Principe,2016,13.91362
STP,Sao Tome and Principe,2015,16.01808739
STP,Sao Tome and Principe,2014,15.04175091
STP,Sao Tome and Principe,2013,14.24345207
STP,Sao Tome and Principe,2012,17.79582024
STP,Sao Tome and Principe,2011,23.79325676
STP,Sao Tome and Principe,2010,25.69589424
STP,Sao Tome and Principe,2009,27.40145493
STP,Sao Tome and Principe,2008,30.23218536
STP,Sao Tome and Principe,2007,35.33236694
STP,Sao Tome and Principe,2006,39.90423965
STP,Sao Tome and Principe,2005,33.3951149
STP,Sao Tome and Principe,2004,35.27906418
STP,Sao Tome and Principe,2003,31.92261124
STP,Sao Tome and Principe,2002,41.91096497
STP,Sao Tome and Principe,2001,43.62086487
STP,Sao Tome and Principe,2000,43.84104919
SAU,Saudi Arabia,2024,
SAU,Saudi Arabia,2023,
SAU,Saudi Arabia,2022,11.01618004
SAU,Saudi Arabia,2021,10.15629482
SAU,Saudi Arabia,2020,10.08158016
SAU,Saudi Arabia,2019,11.40407372
SAU,Saudi Arabia,2018,15.89835358
SAU,Saudi Arabia,2017,14.3235302
SAU,Saudi Arabia,2016,14.45141983
SAU,Saudi Arabia,2015,14.38336658
SAU,Saudi Arabia,2014,13.13586998
SAU,Saudi Arabia,2013,14.35986423
SAU,Saudi Arabia,2012,15.15621376
SAU,Saudi Arabia,2011,15.62115383
SAU,Saudi Arabia,2010,18.94513893
SAU,Saudi Arabia,2009,18.35076332
SAU,Saudi Arabia,2008,19.36904335
SAU,Saudi Arabia,2007,16.73869896
SAU,Saudi Arabia,2006,15.39395142
SAU,Saudi Arabia,2005,16.49158669
SAU,Saudi Arabia,2004,18.15097046
SAU,Saudi Arabia,2003,17.94919586
SAU,Saudi Arabia,2002,18.45171165
SAU,Saudi Arabia,2001,18.03369141
SAU,Saudi Arabia,2000,18.46246338
SEN,Senegal,2024,
SEN,Senegal,2023,
SEN,Senegal,2022,48.82735062
SEN,Senegal,2021,46.87754822
SEN,Senegal,2020,41.57304764
SEN,Senegal,2019,48.74660873
SEN,Senegal,2018,48.3353653
SEN,Senegal,2017,48.89573669
SEN,Senegal,2016,51.14096832
SEN,Senegal,2015,50.83868027
SEN,Senegal,2014,50.37561798
SEN,Senegal,2013,55.23880005
SEN,Senegal,2012,52.77386093
SEN,Senegal,2011,50.79880142
SEN,Senegal,2010,48.67733765
SEN,Senegal,2009,45.61538315
SEN,Senegal,2008,41.62781525
SEN,Senegal,2007,44.27264023
SEN,Senegal,2006,37.43950653
SEN,Senegal,2005,39.51602173
SEN,Senegal,2004,55.0913887
SEN,Senegal,2003,54.93058014
SEN,Senegal,2002,55.32962799
SEN,Senegal,2001,52.76372147
SEN,Senegal,2000,55.66883087
SRB,Serbia,2024,
SRB,Serbia,2023,
SRB,Serbia,2022,36.53276062
SRB,Serbia,2021,35.76088715
SRB,Serbia,2020,36.03842545
SRB,Serbia,2019,37.03557587
SRB,Serbia,2018,38.31092453
SRB,Serbia,2017,40.63934708
SRB,Serbia,2016,40.4536705
SRB,Serbia,2015,40.58773422
SRB,Serbia,2014,39.94474792
SRB,Serbia,2013,37.86663818
SRB,Serbia,2012,35.43024063
SRB,Serbia,2011,36.40478897
SRB,Serbia,2010,36.40253448
SRB,Serbia,2009,35.16513443
SRB,Serbia,2008,35.14710617
SRB,Serbia,2007,34.712883
SRB,Serbia,2006,32.84013367
SRB,Serbia,2005,29.81834602
SRB,Serbia,2004,27.29331207
SRB,Serbia,2003,24.97764397
SRB,Serbia,2002,23.83035851
SRB,Serbia,2001,28.48953629
SRB,Serbia,2000,29.62187195
SYC,Seychelles,2024,
SYC,Seychelles,2023,
SYC,Seychelles,2022,24.40646935
SYC,Seychelles,2021,22.8623085
SYC,Seychelles,2020,21.04442215
SYC,Seychelles,2019,25.06139374
SYC,Seychelles,2018,25.1419239
SYC,Seychelles,2017,24.59942627
SYC,Seychelles,2016,25.30701828
SYC,Seychelles,2015,27.18510437
SYC,Seychelles,2014,32.44335938
SYC,Seychelles,2013,31.75071144
SYC,Seychelles,2012,31.46470642
SYC,Seychelles,2011,37.32476044
SYC,Seychelles,2010,35.97537231
SYC,Seychelles,2009,45.58841324
SYC,Seychelles,2008,47.19174957
SYC,Seychelles,2007,31.98498726
SYC,Seychelles,2006,32.79404831
SYC,Seychelles,2005,30.03814125
SYC,Seychelles,2004,26.7990551
SYC,Seychelles,2003,23.85485268
SYC,Seychelles,2002,21.97309303
SYC,Seychelles,2001,28.93580627
SYC,Seychelles,2000,17.88831902
SLE,Sierra Leone,2024,
SLE,Sierra Leone,2023,
SLE,Sierra Leone,2022,52.65649033
SLE,Sierra Leone,2021,51.40983582
SLE,Sierra Leone,2020,52.34044266
SLE,Sierra Leone,2019,52.88983917
SLE,Sierra Leone,2018,60.98888779
SLE,Sierra Leone,2017,54.49611282
SLE,Sierra Leone,2016,43.49287415
SLE,Sierra Leone,2015,35.59750748
SLE,Sierra Leone,2014,35.03469467
SLE,Sierra Leone,2013,62.77908325
SLE,Sierra Leone,2012,67.80901337
SLE,Sierra Leone,2011,60.26411819
SLE,Sierra Leone,2010,56.25852203
SLE,Sierra Leone,2009,65.43760681
SLE,Sierra Leone,2008,71.17670441
SLE,Sierra Leone,2007,71.99151611
SLE,Sierra Leone,2006,65.75159454
SLE,Sierra Leone,2005,67.53406525
SLE,Sierra Leone,2004,71.54428864
SLE,Sierra Leone,2003,75.80448914
SLE,Sierra Leone,2002,68.63653564
SLE,Sierra Leone,2001,77.28430176
SLE,Sierra Leone,2000,85.05291748
SGP,Singapore,2024,
SGP,Singapore,2023,
SGP,Singapore,2022,24.73981285
SGP,Singapore,2021,24.14021111
SGP,Singapore,2020,24.76644135
SGP,Singapore,2019,28.73529243
SGP,Singapore,2018,29.47838593
SGP,Singapore,2017,32.45282364
SGP,Singapore,2016,32.94464874
SGP,Singapore,2015,33.08611679
SGP,Singapore,2014,33.30002975
SGP,Singapore,2013,36.19911575
SGP,Singapore,2012,37.69818878
SGP,Singapore,2011,39.56052399
SGP,Singapore,2010,41.51569366
SGP,Singapore,2009,43.34909058
SGP,Singapore,2008,46.45778656
SGP,Singapore,2007,48.46814346
SGP,Singapore,2006,48.83466721
SGP,Singapore,2005,49.99448395
SGP,Singapore,2004,51.00744247
SGP,Singapore,2003,48.45797729
SGP,Singapore,2002,53.08752823
SGP,Singapore,2001,55.58973694
SGP,Singapore,2000,48.17884064
SXM,Sint Maarten (Dutch part),2024,
SXM,Sint Maarten (Dutch part),2023,
SXM,Sint Maarten (Dutch part),2022,
SXM,Sint Maarten (Dutch part),2021,
SXM,Sint Maarten (Dutch part),2020,
SXM,Sint Maarten (Dutch part),2019,
SXM,Sint Maarten (Dutch part),2018,
SXM,Sint Maarten (Dutch part),2017,
SXM,Sint Maarten (Dutch part),2016,
SXM,Sint Maarten (Dutch part),2015,
SXM,Sint Maarten (Dutch part),2014,
SXM,Sint Maarten (Dutch part),2013,
SXM,Sint Maarten (Dutch part),2012,
SXM,Sint Maarten (Dutch part),2011,
SXM,Sint Maarten (Dutch part),2010,
SXM,Sint Maarten (Dutch part),2009,
SXM,Sint Maarten (Dutch part),2008,
SXM,Sint Maarten (Dutch part),2007,
SXM,Sint Maarten (Dutch part),2006,
SXM,Sint Maarten (Dutch part),2005,
SXM,Sint Maarten (Dutch part),2004,
SXM,Sint Maarten (Dutch part),2003,
SXM,Sint Maarten (Dutch part),2002,
SXM,Sint Maarten (Dutch part),2001,
SXM,Sint Maarten (Dutch part),2000,
SVK,Slovak Republic,2024,
SVK,Slovak Republic,2023,
SVK,Slovak Republic,2022,19.26242447
SVK,Slovak Republic,2021,19.40410614
SVK,Slovak Republic,2020,18.75167656
SVK,Slovak Republic,2019,19.15936279
SVK,Slovak Republic,2018,18.90781784
SVK,Slovak Republic,2017,18.71241951
SVK,Slovak Republic,2016,17.88862991
SVK,Slovak Republic,2015,18.443573
SVK,Slovak Republic,2014,18.00793076
SVK,Slovak Republic,2013,23.32164955
SVK,Slovak Republic,2012,23.23308945
SVK,Slovak Republic,2011,23.57159042
SVK,Slovak Republic,2010,22.8006134
SVK,Slovak Republic,2009,22.41773987
SVK,Slovak Republic,2008,21.02014542
SVK,Slovak Republic,2007,27.370327
SVK,Slovak Republic,2006,26.58822823
SVK,Slovak Republic,2005,23.60951996
SVK,Slovak Republic,2004,21.23348236
SVK,Slovak Republic,2003,12.21277809
SVK,Slovak Republic,2002,11.01689148
SVK,Slovak Republic,2001,10.90437698
SVK,Slovak Republic,2000,10.83896732
SVN,Slovenia,2024,
SVN,Slovenia,2023,12.91975498
SVN,Slovenia,2022,12.43187141
SVN,Slovenia,2021,12.8761549
SVN,Slovenia,2020,12.47413063
SVN,Slovenia,2019,11.66123962
SVN,Slovenia,2018,11.98157787
SVN,Slovenia,2017,12.32243347
SVN,Slovenia,2016,11.98103619
SVN,Slovenia,2015,12.49877739
SVN,Slovenia,2014,12.98344612
SVN,Slovenia,2013,12.4548645
SVN,Slovenia,2012,12.45996571
SVN,Slovenia,2011,12.19664192
SVN,Slovenia,2010,12.64016342
SVN,Slovenia,2009,12.77988815
SVN,Slovenia,2008,12.63994503
SVN,Slovenia,2007,13.63123608
SVN,Slovenia,2006,12.27804375
SVN,Slovenia,2005,13.01937485
SVN,Slovenia,2004,12.16907501
SVN,Slovenia,2003,12.48665047
SVN,Slovenia,2002,12.55521679
SVN,Slovenia,2001,12.90347767
SVN,Slovenia,2000,13.27326965
SLB,Solomon Islands,2024,
SLB,Solomon Islands,2023,
SLB,Solomon Islands,2022,3.71732569
SLB,Solomon Islands,2021,3.63642001
SLB,Solomon Islands,2020,3.42718005
SLB,Solomon Islands,2019,3.58858848
SLB,Solomon Islands,2018,3.61343431
SLB,Solomon Islands,2017,3.14581633
SLB,Solomon Islands,2016,2.98277402
SLB,Solomon Islands,2015,3.09120011
SLB,Solomon Islands,2014,2.8979218
SLB,Solomon Islands,2013,3.17734814
SLB,Solomon Islands,2012,3.02450585
SLB,Solomon Islands,2011,3.23423767
SLB,Solomon Islands,2010,4.094244
SLB,Solomon Islands,2009,2.71928191
SLB,Solomon Islands,2008,3.70001936
SLB,Solomon Islands,2007,2.91755891
SLB,Solomon Islands,2006,2.65755868
SLB,Solomon Islands,2005,2.1723609
SLB,Solomon Islands,2004,2.65560007
SLB,Solomon Islands,2003,2.92560577
SLB,Solomon Islands,2002,2.58890796
SLB,Solomon Islands,2001,4.63365555
SLB,Solomon Islands,2000,5.39587259
SOM,"Somalia, Fed. Rep.",2024,
SOM,"Somalia, Fed. Rep.",2023,
SOM,"Somalia, Fed. Rep.",2022,42.14455032
SOM,"Somalia, Fed. Rep.",2021,42.59476852
SOM,"Somalia, Fed. Rep.",2020,48.49442291
SOM,"Somalia, Fed. Rep.",2019,45.40616226
SOM,"Somalia, Fed. Rep.",2018,43.46372223
SOM,"Somalia, Fed. Rep.",2017,39.84605026
SOM,"Somalia, Fed. Rep.",2016,45.16386414
SOM,"Somalia, Fed. Rep.",2015,37.60215378
SOM,"Somalia, Fed. Rep.",2014,39.70158768
SOM,"Somalia, Fed. Rep.",2013,38.32801437
SOM,"Somalia, Fed. Rep.",2012,
SOM,"Somalia, Fed. Rep.",2011,
SOM,"Somalia, Fed. Rep.",2010,
SOM,"Somalia, Fed. Rep.",2009,
SOM,"Somalia, Fed. Rep.",2008,
SOM,"Somalia, Fed. Rep.",2007,
SOM,"Somalia, Fed. Rep.",2006,
SOM,"Somalia, Fed. Rep.",2005,
SOM,"Somalia, Fed. Rep.",2004,
SOM,"Somalia, Fed. Rep.",2003,
SOM,"Somalia, Fed. Rep.",2002,
SOM,"Somalia, Fed. Rep.",2001,
SOM,"Somalia, Fed. Rep.",2000,
ZAF,South Africa,2024,
ZAF,South Africa,2023,
ZAF,South Africa,2022,6.71138716
ZAF,South Africa,2021,6.60582685
ZAF,South Africa,2020,6.42942715
ZAF,South Africa,2019,5.74111605
ZAF,South Africa,2018,5.84666252
ZAF,South Africa,2017,5.83464336
ZAF,South Africa,2016,5.78551388
ZAF,South Africa,2015,5.73639154
ZAF,South Africa,2014,5.66398144
ZAF,South Africa,2013,7.61004734
ZAF,South Africa,2012,7.72201967
ZAF,South Africa,2011,7.75090933
ZAF,South Africa,2010,7.99506283
ZAF,South Africa,2009,8.10977173
ZAF,South Africa,2008,8.84287548
ZAF,South Africa,2007,9.70289135
ZAF,South Africa,2006,10.58286381
ZAF,South Africa,2005,11.31283569
ZAF,South Africa,2004,11.84590149
ZAF,South Africa,2003,12.32614422
ZAF,South Africa,2002,13.55776787
ZAF,South Africa,2001,14.12628174
ZAF,South Africa,2000,14.46151733
SSD,South Sudan,2024,
SSD,South Sudan,2023,
SSD,South Sudan,2022,34.39799881
SSD,South Sudan,2021,31.08550262
SSD,South Sudan,2020,39.62005615
SSD,South Sudan,2019,42.32468796
SSD,South Sudan,2018,25.75858116
SSD,South Sudan,2017,19.19281387
SSD,South Sudan,2016,
SSD,South Sudan,2015,
SSD,South Sudan,2014,
SSD,South Sudan,2013,
SSD,South Sudan,2012,
SSD,South Sudan,2011,
SSD,South Sudan,2010,
SSD,South Sudan,2009,
SSD,South Sudan,2008,
SSD,South Sudan,2007,
SSD,South Sudan,2006,
SSD,South Sudan,2005,
SSD,South Sudan,2004,
SSD,South Sudan,2003,
SSD,South Sudan,2002,
SSD,South Sudan,2001,
SSD,South Sudan,2000,
ESP,Spain,2024,
ESP,Spain,2023,
ESP,Spain,2022,19.17667389
ESP,Spain,2021,19.34410477
ESP,Spain,2020,19.73453331
ESP,Spain,2019,21.85766602
ESP,Spain,2018,22.24018097
ESP,Spain,2017,22.24162483
ESP,Spain,2016,21.95563507
ESP,Spain,2015,22.29291916
ESP,Spain,2014,23.13002586
ESP,Spain,2013,22.76995277
ESP,Spain,2012,21.8030777
ESP,Spain,2011,20.39198112
ESP,Spain,2010,20.29029274
ESP,Spain,2009,19.01673317
ESP,Spain,2008,20.64075851
ESP,Spain,2007,20.73307991
ESP,Spain,2006,21.02472496
ESP,Spain,2005,21.74241066
ESP,Spain,2004,22.18163681
ESP,Spain,2003,22.45717621
ESP,Spain,2002,24.59955215
ESP,Spain,2001,24.85228729
ESP,Spain,2000,24.32431793
LKA,Sri Lanka,2024,
LKA,Sri Lanka,2023,
LKA,Sri Lanka,2022,40.2233963
LKA,Sri Lanka,2021,42.98878479
LKA,Sri Lanka,2020,43.76281738
LKA,Sri Lanka,2019,45.50741196
LKA,Sri Lanka,2018,46.81987
LKA,Sri Lanka,2017,49.25233078
LKA,Sri Lanka,2016,50.1216011
LKA,Sri Lanka,2015,48.93215179
LKA,Sri Lanka,2014,48.68254089
LKA,Sri Lanka,2013,48.93375397
LKA,Sri Lanka,2012,51.93098831
LKA,Sri Lanka,2011,51.22101593
LKA,Sri Lanka,2010,53.29795074
LKA,Sri Lanka,2009,53.28553009
LKA,Sri Lanka,2008,50.640728
LKA,Sri Lanka,2007,44.8517952
LKA,Sri Lanka,2006,40.94941711
LKA,Sri Lanka,2005,40.50283051
LKA,Sri Lanka,2004,41.03234863
LKA,Sri Lanka,2003,37.60930634
LKA,Sri Lanka,2002,40.45339584
LKA,Sri Lanka,2001,41.09132385
LKA,Sri Lanka,2000,40.04385376
KNA,St. Kitts and Nevis,2024,
KNA,St. Kitts and Nevis,2023,
KNA,St. Kitts and Nevis,2022,43.28757858
KNA,St. Kitts and Nevis,2021,38.84815598
KNA,St. Kitts and Nevis,2020,42.20227051
KNA,St. Kitts and Nevis,2019,46.36796951
KNA,St. Kitts and Nevis,2018,49.38157272
KNA,St. Kitts and Nevis,2017,53.38910675
KNA,St. Kitts and Nevis,2016,54.89627075
KNA,St. Kitts and Nevis,2015,57.08949661
KNA,St. Kitts and Nevis,2014,53.73818207
KNA,St. Kitts and Nevis,2013,56.48266983
KNA,St. Kitts and Nevis,2012,55.4070816
KNA,St. Kitts and Nevis,2011,55.53620529
KNA,St. Kitts and Nevis,2010,55.21491623
KNA,St. Kitts and Nevis,2009,54.68263245
KNA,St. Kitts and Nevis,2008,56.86151123
KNA,St. Kitts and Nevis,2007,51.09035492
KNA,St. Kitts and Nevis,2006,50.0489769
KNA,St. Kitts and Nevis,2005,47.98293304
KNA,St. Kitts and Nevis,2004,46.12797928
KNA,St. Kitts and Nevis,2003,50.64527893
KNA,St. Kitts and Nevis,2002,51.3453331
KNA,St. Kitts and Nevis,2001,51.0695076
KNA,St. Kitts and Nevis,2000,52.63879395
LCA,St. Lucia,2024,
LCA,St. Lucia,2023,
LCA,St. Lucia,2022,38.72670364
LCA,St. Lucia,2021,37.22053146
LCA,St. Lucia,2020,35.66007996
LCA,St. Lucia,2019,42.85055542
LCA,St. Lucia,2018,46.11191177
LCA,St. Lucia,2017,47.03280258
LCA,St. Lucia,2016,46.14039612
LCA,St. Lucia,2015,48.76869583
LCA,St. Lucia,2014,51.96446609
LCA,St. Lucia,2013,51.55638885
LCA,St. Lucia,2012,51.08925247
LCA,St. Lucia,2011,54.83355713
LCA,St. Lucia,2010,54.76262665
LCA,St. Lucia,2009,57.42234802
LCA,St. Lucia,2008,59.58971405
LCA,St. Lucia,2007,63.93407059
LCA,St. Lucia,2006,58.68156815
LCA,St. Lucia,2005,55.96851349
LCA,St. Lucia,2004,57.44703674
LCA,St. Lucia,2003,59.63883591
LCA,St. Lucia,2002,56.90605164
LCA,St. Lucia,2001,56.87899399
LCA,St. Lucia,2000,58.86487961
MAF,St. Martin (French part),2024,
MAF,St. Martin (French part),2023,
MAF,St. Martin (French part),2022,
MAF,St. Martin (French part),2021,
MAF,St. Martin (French part),2020,
MAF,St. Martin (French part),2019,
MAF,St. Martin (French part),2018,
MAF,St. Martin (French part),2017,
MAF,St. Martin (French part),2016,
MAF,St. Martin (French part),2015,
MAF,St. Martin (French part),2014,
MAF,St. Martin (French part),2013,
MAF,St. Martin (French part),2012,
MAF,St. Martin (French part),2011,
MAF,St. Martin (French part),2010,
MAF,St. Martin (French part),2009,
MAF,St. Martin (French part),2008,
MAF,St. Martin (French part),2007,
MAF,St. Martin (French part),2006,
MAF,St. Martin (French part),2005,
MAF,St. Martin (French part),2004,
MAF,St. Martin (French part),2003,
MAF,St. Martin (French part),2002,
MAF,St. Martin (French part),2001,
MAF,St. Martin (French part),2000,
VCT,St. Vincent and the Grenadines,2024,
VCT,St. Vincent and the Grenadines,2023,
VCT,St. Vincent and the Grenadines,2022,27.62330246
VCT,St. Vincent and the Grenadines,2021,26.19330788
VCT,St. Vincent and the Grenadines,2020,26.89971542
VCT,St. Vincent and the Grenadines,2019,28.08990097
VCT,St. Vincent and the Grenadines,2018,30.61053658
VCT,St. Vincent and the Grenadines,2017,31.84617996
VCT,St. Vincent and the Grenadines,2016,32.95585251
VCT,St. Vincent and the Grenadines,2015,33.55331802
VCT,St. Vincent and the Grenadines,2014,34.01258087
VCT,St. Vincent and the Grenadines,2013,32.12154007
VCT,St. Vincent and the Grenadines,2012,31.8572464
VCT,St. Vincent and the Grenadines,2011,32.65782547
VCT,St. Vincent and the Grenadines,2010,32.23464203
VCT,St. Vincent and the Grenadines,2009,33.37075806
VCT,St. Vincent and the Grenadines,2008,34.43722916
VCT,St. Vincent and the Grenadines,2007,35.81621552
VCT,St. Vincent and the Grenadines,2006,34.94708633
VCT,St. Vincent and the Grenadines,2005,33.55260849
VCT,St. Vincent and the Grenadines,2004,32.7504158
VCT,St. Vincent and the Grenadines,2003,30.43560791
VCT,St. Vincent and the Grenadines,2002,28.45888138
VCT,St. Vincent and the Grenadines,2001,28.61110878
VCT,St. Vincent and the Grenadines,2000,27.27936745
SDN,Sudan,2024,
SDN,Sudan,2023,
SDN,Sudan,2022,51.41895676
SDN,Sudan,2021,56.85788345
SDN,Sudan,2020,52.96360779
SDN,Sudan,2019,67.37359619
SDN,Sudan,2018,66.95339966
SDN,Sudan,2017,72.54642487
SDN,Sudan,2016,71.1858902
SDN,Sudan,2015,79.40106964
SDN,Sudan,2014,67.03178406
SDN,Sudan,2013,74.83428192
SDN,Sudan,2012,65.45468903
SDN,Sudan,2011,65.93135071
SDN,Sudan,2010,61.31344604
SDN,Sudan,2009,52.47582245
SDN,Sudan,2008,62.40304947
SDN,Sudan,2007,58.00177002
SDN,Sudan,2006,55.78925323
SDN,Sudan,2005,54.63094711
SDN,Sudan,2004,57.1778717
SDN,Sudan,2003,62.56050873
SDN,Sudan,2002,61.42131805
SDN,Sudan,2001,62.28070068
SDN,Sudan,2000,61.82265854
SUR,Suriname,2024,
SUR,Suriname,2023,
SUR,Suriname,2022,23.09218407
SUR,Suriname,2021,24.40632057
SUR,Suriname,2020,20.23723793
SUR,Suriname,2019,16.59336281
SUR,Suriname,2018,18.44023705
SUR,Suriname,2017,26.37959099
SUR,Suriname,2016,21.82023811
SUR,Suriname,2015,21.99853134
SUR,Suriname,2014,28.98274994
SUR,Suriname,2013,27.87244797
SUR,Suriname,2012,28.27469635
SUR,Suriname,2011,27.20149231
SUR,Suriname,2010,23.58067322
SUR,Suriname,2009,21.96848106
SUR,Suriname,2008,24.28281212
SUR,Suriname,2007,19.49966431
SUR,Suriname,2006,18.08366013
SUR,Suriname,2005,20.86314392
SUR,Suriname,2004,20.6982193
SUR,Suriname,2003,23.54932213
SUR,Suriname,2002,23.0086174
SUR,Suriname,2001,27.32730865
SUR,Suriname,2000,15.39642048
SWE,Sweden,2024,
SWE,Sweden,2023,12.67632294
SWE,Sweden,2022,12.87391567
SWE,Sweden,2021,12.8021841
SWE,Sweden,2020,12.83151436
SWE,Sweden,2019,13.71330547
SWE,Sweden,2018,13.95882416
SWE,Sweden,2017,14.08661652
SWE,Sweden,2016,14.491889
SWE,Sweden,2015,14.90281487
SWE,Sweden,2014,14.91894722
SWE,Sweden,2013,14.93118763
SWE,Sweden,2012,14.80989265
SWE,Sweden,2011,14.55464077
SWE,Sweden,2010,16.378582
SWE,Sweden,2009,16.40327263
SWE,Sweden,2008,16.32570076
SWE,Sweden,2007,16.33683968
SWE,Sweden,2006,16.5416832
SWE,Sweden,2005,16.6356926
SWE,Sweden,2004,16.28187943
SWE,Sweden,2003,15.88181114
SWE,Sweden,2002,16.509552
SWE,Sweden,2001,16.87992668
SWE,Sweden,2000,14.46247768
CHE,Switzerland,2024,
CHE,Switzerland,2023,
CHE,Switzerland,2022,21.58273506
CHE,Switzerland,2021,21.28902435
CHE,Switzerland,2020,20.65158081
CHE,Switzerland,2019,21.8964119
CHE,Switzerland,2018,21.94914818
CHE,Switzerland,2017,21.64155197
CHE,Switzerland,2016,21.29368019
CHE,Switzerland,2015,22.02448845
CHE,Switzerland,2014,22.59694481
CHE,Switzerland,2013,22.75039864
CHE,Switzerland,2012,23.28746414
CHE,Switzerland,2011,23.47214127
CHE,Switzerland,2010,23.98251724
CHE,Switzerland,2009,26.20129585
CHE,Switzerland,2008,26.49785995
CHE,Switzerland,2007,27.33333206
CHE,Switzerland,2006,27.3494606
CHE,Switzerland,2005,27.14404869
CHE,Switzerland,2004,28.75733566
CHE,Switzerland,2003,28.62252808
CHE,Switzerland,2002,29.04967117
CHE,Switzerland,2001,30.11981773
CHE,Switzerland,2000,31.04061699
SYR,Syrian Arab Republic,2024,
SYR,Syrian Arab Republic,2023,
SYR,Syrian Arab Republic,2022,45.73065948
SYR,Syrian Arab Republic,2021,48.29789352
SYR,Syrian Arab Republic,2020,47.76223755
SYR,Syrian Arab Republic,2019,41.80766678
SYR,Syrian Arab Republic,2018,43.79974365
SYR,Syrian Arab Republic,2017,44.88306808
SYR,Syrian Arab Republic,2016,46.86003876
SYR,Syrian Arab Republic,2015,47.14176941
SYR,Syrian Arab Republic,2014,49.41709137
SYR,Syrian Arab Republic,2013,47.45888138
SYR,Syrian Arab Republic,2012,53.6898613
SYR,Syrian Arab Republic,2011,53.36600494
SYR,Syrian Arab Republic,2010,54.0
SYR,Syrian Arab Republic,2009,54.0
SYR,Syrian Arab Republic,2008,53.0120163
SYR,Syrian Arab Republic,2007,51.91991425
SYR,Syrian Arab Republic,2006,51.46001053
SYR,Syrian Arab Republic,2005,49.49593735
SYR,Syrian Arab Republic,2004,52.02073669
SYR,Syrian Arab Republic,2003,51.73560333
SYR,Syrian Arab Republic,2002,54.17683411
SYR,Syrian Arab Republic,2001,58.37926865
SYR,Syrian Arab Republic,2000,64.32570648
TJK,Tajikistan,2024,
TJK,Tajikistan,2023,
TJK,Tajikistan,2022,65.18047333
TJK,Tajikistan,2021,65.13356018
TJK,Tajikistan,2020,67.958992
TJK,Tajikistan,2019,71.2230072
TJK,Tajikistan,2018,68.41996002
TJK,Tajikistan,2017,63.15241241
TJK,Tajikistan,2016,66.00267029
TJK,Tajikistan,2015,62.57888794
TJK,Tajikistan,2014,62.18501282
TJK,Tajikistan,2013,61.91825485
TJK,Tajikistan,2012,63.93601608
TJK,Tajikistan,2011,62.54403687
TJK,Tajikistan,2010,70.43351746
TJK,Tajikistan,2009,69.63989258
TJK,Tajikistan,2008,68.58421326
TJK,Tajikistan,2007,70.61388397
TJK,Tajikistan,2006,68.79291534
TJK,Tajikistan,2005,66.09986115
TJK,Tajikistan,2004,71.73569489
TJK,Tajikistan,2003,73.30263519
TJK,Tajikistan,2002,78.16711426
TJK,Tajikistan,2001,76.52173615
TJK,Tajikistan,2000,79.15172577
TZA,Tanzania,2024,
TZA,Tanzania,2023,
TZA,Tanzania,2022,28.69367599
TZA,Tanzania,2021,25.50231934
TZA,Tanzania,2020,29.07090378
TZA,Tanzania,2019,21.82902527
TZA,Tanzania,2018,20.81168556
TZA,Tanzania,2017,21.26132393
TZA,Tanzania,2016,21.89363289
TZA,Tanzania,2015,25.82907295
TZA,Tanzania,2014,25.98152733
TZA,Tanzania,2013,24.09046745
TZA,Tanzania,2012,24.69026947
TZA,Tanzania,2011,27.95462036
TZA,Tanzania,2010,31.89402771
TZA,Tanzania,2009,34.64831161
TZA,Tanzania,2008,32.58509827
TZA,Tanzania,2007,28.474226
TZA,Tanzania,2006,25.77189636
TZA,Tanzania,2005,33.71459198
TZA,Tanzania,2004,37.37134552
TZA,Tanzania,2003,40.01274109
TZA,Tanzania,2002,42.51955414
TZA,Tanzania,2001,40.90833664
TZA,Tanzania,2000,38.47019196
THA,Thailand,2024,
THA,Thailand,2023,
THA,Thailand,2022,9.21155357
THA,Thailand,2021,9.04449558
THA,Thailand,2020,10.54276752
THA,Thailand,2019,8.66960335
THA,Thailand,2018,10.11109638
THA,Thailand,2017,11.83790398
THA,Thailand,2016,10.8130331
THA,Thailand,2015,11.91061687
THA,Thailand,2014,12.85608101
THA,Thailand,2013,12.54023266
THA,Thailand,2012,13.42186832
THA,Thailand,2011,13.00871277
THA,Thailand,2010,14.4973793
THA,Thailand,2009,15.90248966
THA,Thailand,2008,14.7017622
THA,Thailand,2007,14.81379414
THA,Thailand,2006,17.65686226
THA,Thailand,2005,27.58306313
THA,Thailand,2004,26.40885162
THA,Thailand,2003,27.1678009
THA,Thailand,2002,27.89708328
THA,Thailand,2001,33.98860931
THA,Thailand,2000,34.18558884
TLS,Timor-Leste,2024,
TLS,Timor-Leste,2023,
TLS,Timor-Leste,2022,5.47778559
TLS,Timor-Leste,2021,5.89094496
TLS,Timor-Leste,2020,6.68425894
TLS,Timor-Leste,2019,10.48759174
TLS,Timor-Leste,2018,10.1566391
TLS,Timor-Leste,2017,8.34491539
TLS,Timor-Leste,2016,7.90464401
TLS,Timor-Leste,2015,7.35929489
TLS,Timor-Leste,2014,7.90607214
TLS,Timor-Leste,2013,6.96823168
TLS,Timor-Leste,2012,9.49340153
TLS,Timor-Leste,2011,9.9248476
TLS,Timor-Leste,2010,11.56462669
TLS,Timor-Leste,2009,8.84477043
TLS,Timor-Leste,2008,11.52039433
TLS,Timor-Leste,2007,18.25991249
TLS,Timor-Leste,2006,22.01938629
TLS,Timor-Leste,2005,33.20261765
TLS,Timor-Leste,2004,34.59072113
TLS,Timor-Leste,2003,40.93309021
TLS,Timor-Leste,2002,
TLS,Timor-Leste,2001,
TLS,Timor-Leste,2000,
TGO,Togo,2024,
TGO,Togo,2023,
TGO,Togo,2022,63.19364166
TGO,Togo,2021,69.00460052
TGO,Togo,2020,64.32513428
TGO,Togo,2019,66.20977783
TGO,Togo,2018,64.66403961
TGO,Togo,2017,61.4656601
TGO,Togo,2016,63.23613739
TGO,Togo,2015,66.80448914
TGO,Togo,2014,57.30480576
TGO,Togo,2013,57.86953354
TGO,Togo,2012,59.24895859
TGO,Togo,2011,62.1470108
TGO,Togo,2010,62.2700119
TGO,Togo,2009,65.38478851
TGO,Togo,2008,66.34605408
TGO,Togo,2007,67.00376129
TGO,Togo,2006,68.180336
TGO,Togo,2005,70.53235626
TGO,Togo,2004,72.31853485
TGO,Togo,2003,74.95979309
TGO,Togo,2002,76.77102661
TGO,Togo,2001,77.67759705
TGO,Togo,2000,79.00323486
TON,Tonga,2024,
TON,Tonga,2023,
TON,Tonga,2022,2.94085217
TON,Tonga,2021,3.48527002
TON,Tonga,2020,4.45182133
TON,Tonga,2019,4.72885847
TON,Tonga,2018,4.53076029
TON,Tonga,2017,4.70635796
TON,Tonga,2016,5.09620237
TON,Tonga,2015,6.3742156
TON,Tonga,2014,6.20349836
TON,Tonga,2013,8.19892025
TON,Tonga,2012,4.53488827
TON,Tonga,2011,7.70251465
TON,Tonga,2010,8.50191402
TON,Tonga,2009,11.39478874
TON,Tonga,2008,7.46881771
TON,Tonga,2007,9.83129501
TON,Tonga,2006,7.91320801
TON,Tonga,2005,10.64437962
TON,Tonga,2004,9.97274303
TON,Tonga,2003,12.78207302
TON,Tonga,2002,12.37388992
TON,Tonga,2001,12.057827
TON,Tonga,2000,14.48639488
TTO,Trinidad and Tobago,2024,
TTO,Trinidad and Tobago,2023,
TTO,Trinidad and Tobago,2022,49.23382568
TTO,Trinidad and Tobago,2021,46.85574341
TTO,Trinidad and Tobago,2020,46.0721817
TTO,Trinidad and Tobago,2019,46.91285706
TTO,Trinidad and Tobago,2018,44.8896904
TTO,Trinidad and Tobago,2017,40.80586243
TTO,Trinidad and Tobago,2016,43.11694717
TTO,Trinidad and Tobago,2015,41.30602264
TTO,Trinidad and Tobago,2014,42.83146667
TTO,Trinidad and Tobago,2013,43.17301941
TTO,Trinidad and Tobago,2012,44.68572998
TTO,Trinidad and Tobago,2011,44.81612396
TTO,Trinidad and Tobago,2010,46.56803513
TTO,Trinidad and Tobago,2009,47.51119995
TTO,Trinidad and Tobago,2008,46.72016144
TTO,Trinidad and Tobago,2007,49.28312302
TTO,Trinidad and Tobago,2006,49.32506561
TTO,Trinidad and Tobago,2005,46.24819565
TTO,Trinidad and Tobago,2004,52.94176102
TTO,Trinidad and Tobago,2003,48.58372498
TTO,Trinidad and Tobago,2002,52.28602982
TTO,Trinidad and Tobago,2001,51.31262207
TTO,Trinidad and Tobago,2000,57.34558868
TUN,Tunisia,2024,
TUN,Tunisia,2023,
TUN,Tunisia,2022,33.86546326
TUN,Tunisia,2021,33.77783585
TUN,Tunisia,2020,33.43321228
TUN,Tunisia,2019,35.57650757
TUN,Tunisia,2018,41.91517639
TUN,Tunisia,2017,40.51967239
TUN,Tunisia,2016,39.75572586
TUN,Tunisia,2015,39.67178345
TUN,Tunisia,2014,38.00471115
TUN,Tunisia,2013,39.06398773
TUN,Tunisia,2012,40.97820663
TUN,Tunisia,2011,41.58300018
TUN,Tunisia,2010,42.10583115
TUN,Tunisia,2009,42.52130127
TUN,Tunisia,2008,42.79279327
TUN,Tunisia,2007,42.86813354
TUN,Tunisia,2006,42.67474365
TUN,Tunisia,2005,42.11570358
TUN,Tunisia,2004,41.51860428
TUN,Tunisia,2003,40.89640045
TUN,Tunisia,2002,40.20476532
TUN,Tunisia,2001,39.44773865
TUN,Tunisia,2000,38.62985992
TUR,Turkiye,2024,
TUR,Turkiye,2023,
TUR,Turkiye,2022,19.47843933
TUR,Turkiye,2021,16.27120399
TUR,Turkiye,2020,16.43061447
TUR,Turkiye,2019,17.04763412
TUR,Turkiye,2018,17.49141884
TUR,Turkiye,2017,17.38420105
TUR,Turkiye,2016,16.46614456
TUR,Turkiye,2015,16.94873238
TUR,Turkiye,2014,17.72542191
TUR,Turkiye,2013,16.92680168
TUR,Turkiye,2012,15.9315958
TUR,Turkiye,2011,15.89518452
TUR,Turkiye,2010,16.87221718
TUR,Turkiye,2009,14.5079031
TUR,Turkiye,2008,19.18195724
TUR,Turkiye,2007,23.88428879
TUR,Turkiye,2006,23.6489296
TUR,Turkiye,2005,24.17697906
TUR,Turkiye,2004,20.18101692
TUR,Turkiye,2003,18.93056297
TUR,Turkiye,2002,20.32076836
TUR,Turkiye,2001,23.43206978
TUR,Turkiye,2000,28.60040474
TKM,Turkmenistan,2024,
TKM,Turkmenistan,2023,
TKM,Turkmenistan,2022,79.22116089
TKM,Turkmenistan,2021,77.47677612
TKM,Turkmenistan,2020,76.36035919
TKM,Turkmenistan,2019,76.63578796
TKM,Turkmenistan,2018,76.62548828
TKM,Turkmenistan,2017,73.06459045
TKM,Turkmenistan,2016,76.15638733
TKM,Turkmenistan,2015,71.07138062
TKM,Turkmenistan,2014,68.20838928
TKM,Turkmenistan,2013,66.84680176
TKM,Turkmenistan,2012,68.28610992
TKM,Turkmenistan,2011,68.97086334
TKM,Turkmenistan,2010,70.99906921
TKM,Turkmenistan,2009,70.73177338
TKM,Turkmenistan,2008,78.47992706
TKM,Turkmenistan,2007,68.99675751
TKM,Turkmenistan,2006,76.42288208
TKM,Turkmenistan,2005,73.8278656
TKM,Turkmenistan,2004,72.19020081
TKM,Turkmenistan,2003,63.6992836
TKM,Turkmenistan,2002,61.13518524
TKM,Turkmenistan,2001,61.2654686
TKM,Turkmenistan,2000,50.0068779
TCA,Turks and Caicos Islands,2024,
TCA,Turks and Caicos Islands,2023,
TCA,Turks and Caicos Islands,2022,
TCA,Turks and Caicos Islands,2021,
TCA,Turks and Caicos Islands,2020,
TCA,Turks and Caicos Islands,2019,
TCA,Turks and Caicos Islands,2018,
TCA,Turks and Caicos Islands,2017,
TCA,Turks and Caicos Islands,2016,
TCA,Turks and Caicos Islands,2015,
TCA,Turks and Caicos Islands,2014,
TCA,Turks and Caicos Islands,2013,
TCA,Turks and Caicos Islands,2012,
TCA,Turks and Caicos Islands,2011,
TCA,Turks and Caicos Islands,2010,
TCA,Turks and Caicos Islands,2009,
TCA,Turks and Caicos Islands,2008,
TCA,Turks and Caicos Islands,2007,
TCA,Turks and Caicos Islands,2006,
TCA,Turks and Caicos Islands,2005,
TCA,Turks and Caicos Islands,2004,
TCA,Turks and Caicos Islands,2003,
TCA,Turks and Caicos Islands,2002,
TCA,Turks and Caicos Islands,2001,
TCA,Turks and Caicos Islands,2000,
TUV,Tuvalu,2024,
TUV,Tuvalu,2023,
TUV,Tuvalu,2022,0.3685762
TUV,Tuvalu,2021,0.36240649
TUV,Tuvalu,2020,0.39560601
TUV,Tuvalu,2019,0.30657509
TUV,Tuvalu,2018,0.36382055
TUV,Tuvalu,2017,0.33394411
TUV,Tuvalu,2016,0.52702904
TUV,Tuvalu,2015,0.25895005
TUV,Tuvalu,2014,0.70091647
TUV,Tuvalu,2013,0.76762533
TUV,Tuvalu,2012,0.83952266
TUV,Tuvalu,2011,0.81230164
TUV,Tuvalu,2010,0.65677679
TUV,Tuvalu,2009,0.8210507
TUV,Tuvalu,2008,1.25452697
TUV,Tuvalu,2007,1.08669734
TUV,Tuvalu,2006,0.77290833
TUV,Tuvalu,2005,1.32937753
TUV,Tuvalu,2004,1.48584533
TUV,Tuvalu,2003,1.25236821
TUV,Tuvalu,2002,1.24833608
TUV,Tuvalu,2001,0.71357
TUV,Tuvalu,2000,0.1043973
UGA,Uganda,2024,
UGA,Uganda,2023,
UGA,Uganda,2022,34.09155273
UGA,Uganda,2021,27.35579681
UGA,Uganda,2020,29.9383831
UGA,Uganda,2019,38.26028442
UGA,Uganda,2018,35.62893295
UGA,Uganda,2017,38.08950424
UGA,Uganda,2016,40.60963821
UGA,Uganda,2015,39.4708519
UGA,Uganda,2014,40.14643478
UGA,Uganda,2013,42.51777649
UGA,Uganda,2012,37.51226807
UGA,Uganda,2011,33.01004791
UGA,Uganda,2010,37.39066696
UGA,Uganda,2009,42.84917831
UGA,Uganda,2008,52.74209213
UGA,Uganda,2007,54.4838562
UGA,Uganda,2006,54.05342484
UGA,Uganda,2005,48.59907532
UGA,Uganda,2004,38.37801743
UGA,Uganda,2003,45.41866302
UGA,Uganda,2002,44.01240921
UGA,Uganda,2001,43.3909874
UGA,Uganda,2000,43.03155518
UKR,Ukraine,2024,
UKR,Ukraine,2023,
UKR,Ukraine,2022,
UKR,Ukraine,2021,45.29367447
UKR,Ukraine,2020,47.86013412
UKR,Ukraine,2019,51.11891937
UKR,Ukraine,2018,50.65900421
UKR,Ukraine,2017,49.17758942
UKR,Ukraine,2016,48.35792542
UKR,Ukraine,2015,48.23913574
UKR,Ukraine,2014,48.13210297
UKR,Ukraine,2013,48.15446091
UKR,Ukraine,2012,43.93354416
UKR,Ukraine,2011,46.30967712
UKR,Ukraine,2010,41.84223938
UKR,Ukraine,2009,37.39500427
UKR,Ukraine,2008,37.78808594
UKR,Ukraine,2007,36.4568634
UKR,Ukraine,2006,36.13279724
UKR,Ukraine,2005,37.95809555
UKR,Ukraine,2004,41.40994263
UKR,Ukraine,2003,41.02519226
UKR,Ukraine,2002,45.11745834
UKR,Ukraine,2001,47.16529846
UKR,Ukraine,2000,48.39265442
ARE,United Arab Emirates,2024,
ARE,United Arab Emirates,2023,
ARE,United Arab Emirates,2022,12.28839397
ARE,United Arab Emirates,2021,10.46759415
ARE,United Arab Emirates,2020,11.21054459
ARE,United Arab Emirates,2019,12.23162079
ARE,United Arab Emirates,2018,12.69611263
ARE,United Arab Emirates,2017,11.41661835
ARE,United Arab Emirates,2016,15.99159431
ARE,United Arab Emirates,2015,17.78964996
ARE,United Arab Emirates,2014,17.807827
ARE,United Arab Emirates,2013,17.15579414
ARE,United Arab Emirates,2012,16.73880386
ARE,United Arab Emirates,2011,16.88403702
ARE,United Arab Emirates,2010,17.94574356
ARE,United Arab Emirates,2009,16.1003685
ARE,United Arab Emirates,2008,25.13651848
ARE,United Arab Emirates,2007,28.87625122
ARE,United Arab Emirates,2006,29.70960617
ARE,United Arab Emirates,2005,30.13919067
ARE,United Arab Emirates,2004,30.40838051
ARE,United Arab Emirates,2003,27.45693016
ARE,United Arab Emirates,2002,28.04150772
ARE,United Arab Emirates,2001,15.08593273
ARE,United Arab Emirates,2000,22.08343506
GBR,United Kingdom,2024,
GBR,United Kingdom,2023,13.82068539
GBR,United Kingdom,2022,13.28877258
GBR,United Kingdom,2021,12.38995743
GBR,United Kingdom,2020,11.45006847
GBR,United Kingdom,2019,15.79803181
GBR,United Kingdom,2018,15.65719795
GBR,United Kingdom,2017,14.88585949
GBR,United Kingdom,2016,14.74468613
GBR,United Kingdom,2015,14.9425621
GBR,United Kingdom,2014,15.08153248
GBR,United Kingdom,2013,15.61746502
GBR,United Kingdom,2012,14.11429119
GBR,United Kingdom,2011,13.21516514
GBR,United Kingdom,2010,13.06795883
GBR,United Kingdom,2009,12.34822655
GBR,United Kingdom,2008,13.42934227
GBR,United Kingdom,2007,14.26776218
GBR,United Kingdom,2006,12.27602577
GBR,United Kingdom,2005,13.43397236
GBR,United Kingdom,2004,14.73699188
GBR,United Kingdom,2003,16.29587173
GBR,United Kingdom,2002,17.45946312
GBR,United Kingdom,2001,18.13444138
GBR,United Kingdom,2000,18.21953773
USA,United States,2024,
USA,United States,2023,
USA,United States,2022,11.09916687
USA,United States,2021,10.83278561
USA,United States,2020,10.05207443
USA,United States,2019,11.29409218
USA,United States,2018,11.30616665
USA,United States,2017,11.34053135
USA,United States,2016,11.61496162
USA,United States,2015,11.75443649
USA,United States,2014,11.97649956
USA,United States,2013,12.28310108
USA,United States,2012,12.33532715
USA,United States,2011,12.32011223
USA,United States,2010,12.36788559
USA,United States,2009,12.64764786
USA,United States,2008,13.35935974
USA,United States,2007,13.59674549
USA,United States,2006,13.67793274
USA,United States,2005,13.9126749
USA,United States,2004,13.973526
USA,United States,2003,14.1500597
USA,United States,2002,14.32717609
USA,United States,2001,14.41595078
USA,United States,2000,15.11737442
URY,Uruguay,2024,
URY,Uruguay,2023,
URY,Uruguay,2022,16.32697678
URY,Uruguay,2021,15.81417942
URY,Uruguay,2020,16.74065208
URY,Uruguay,2019,15.46145821
URY,Uruguay,2018,16.24662781
URY,Uruguay,2017,16.49806786
URY,Uruguay,2016,16.43923569
URY,Uruguay,2015,16.92112732
URY,Uruguay,2014,17.09544182
URY,Uruguay,2013,17.69369507
URY,Uruguay,2012,18.46465111
URY,Uruguay,2011,19.43045425
URY,Uruguay,2010,20.47283554
URY,Uruguay,2009,20.75167656
URY,Uruguay,2008,21.29285431
URY,Uruguay,2007,23.36310577
URY,Uruguay,2006,23.76896477
URY,Uruguay,2005,25.94186974
URY,Uruguay,2004,24.29566574
URY,Uruguay,2003,21.3585186
URY,Uruguay,2002,21.69647217
URY,Uruguay,2001,24.06306839
URY,Uruguay,2000,25.16670609
UZB,Uzbekistan,2024,
UZB,Uzbekistan,2023,
UZB,Uzbekistan,2022,65.29790497
UZB,Uzbekistan,2021,60.31319046
UZB,Uzbekistan,2020,53.11314392
UZB,Uzbekistan,2019,57.68497086
UZB,Uzbekistan,2018,60.34236145
UZB,Uzbekistan,2017,56.68790817
UZB,Uzbekistan,2016,54.65854645
UZB,Uzbekistan,2015,48.41368866
UZB,Uzbekistan,2014,45.40990829
UZB,Uzbekistan,2013,56.05225754
UZB,Uzbekistan,2012,56.24570847
UZB,Uzbekistan,2011,58.18222427
UZB,Uzbekistan,2010,58.04501724
UZB,Uzbekistan,2009,56.41966629
UZB,Uzbekistan,2008,57.3164978
UZB,Uzbekistan,2007,58.1313591
UZB,Uzbekistan,2006,56.89520645
UZB,Uzbekistan,2005,57.62801743
UZB,Uzbekistan,2004,59.55812836
UZB,Uzbekistan,2003,59.28883362
UZB,Uzbekistan,2002,62.07057571
UZB,Uzbekistan,2001,60.84382248
UZB,Uzbekistan,2000,60.58262634
VUT,Vanuatu,2024,
VUT,Vanuatu,2023,
VUT,Vanuatu,2022,7.5762167
VUT,Vanuatu,2021,7.21374941
VUT,Vanuatu,2020,8.40006351
VUT,Vanuatu,2019,7.65779018
VUT,Vanuatu,2018,8.26295662
VUT,Vanuatu,2017,10.36509609
VUT,Vanuatu,2016,10.50645065
VUT,Vanuatu,2015,7.64015007
VUT,Vanuatu,2014,8.84150028
VUT,Vanuatu,2013,7.25230932
VUT,Vanuatu,2012,8.01056385
VUT,Vanuatu,2011,8.49025154
VUT,Vanuatu,2010,8.85383415
VUT,Vanuatu,2009,8.95444775
VUT,Vanuatu,2008,8.96869183
VUT,Vanuatu,2007,9.4282608
VUT,Vanuatu,2006,9.12537479
VUT,Vanuatu,2005,9.79648972
VUT,Vanuatu,2004,9.40912914
VUT,Vanuatu,2003,9.62882996
VUT,Vanuatu,2002,8.86371326
VUT,Vanuatu,2001,10.89243984
VUT,Vanuatu,2000,10.398283
VEN,"Venezuela, RB",2024,
VEN,"Venezuela, RB",2023,
VEN,"Venezuela, RB",2022,24.88783646
VEN,"Venezuela, RB",2021,28.05523682
VEN,"Venezuela, RB",2020,28.95287514
VEN,"Venezuela, RB",2019,34.12151718
VEN,"Venezuela, RB",2018,36.90224457
VEN,"Venezuela, RB",2017,
VEN,"Venezuela, RB",2016,
VEN,"Venezuela, RB",2015,
VEN,"Venezuela, RB",2014,
VEN,"Venezuela, RB",2013,
VEN,"Venezuela, RB",2012,
VEN,"Venezuela, RB",2011,
VEN,"Venezuela, RB",2010,
VEN,"Venezuela, RB",2009,
VEN,"Venezuela, RB",2008,
VEN,"Venezuela, RB",2007,
VEN,"Venezuela, RB",2006,
VEN,"Venezuela, RB",2005,
VEN,"Venezuela, RB",2004,
VEN,"Venezuela, RB",2003,
VEN,"Venezuela, RB",2002,
VEN,"Venezuela, RB",2001,
VEN,"Venezuela, RB",2000,
VNM,Viet Nam,2024,
VNM,Viet Nam,2023,
VNM,Viet Nam,2022,39.5451889
VNM,Viet Nam,2021,40.46693039
VNM,Viet Nam,2020,42.40335083
VNM,Viet Nam,2019,45.11730576
VNM,Viet Nam,2018,44.58100891
VNM,Viet Nam,2017,42.58786774
VNM,Viet Nam,2016,41.35647964
VNM,Viet Nam,2015,42.13227844
VNM,Viet Nam,2014,41.02820969
VNM,Viet Nam,2013,41.58710098
VNM,Viet Nam,2012,40.77892303
VNM,Viet Nam,2011,34.68690491
VNM,Viet Nam,2010,34.67405701
VNM,Viet Nam,2009,34.63538361
VNM,Viet Nam,2008,34.57612991
VNM,Viet Nam,2007,34.66907883
VNM,Viet Nam,2006,34.69738388
VNM,Viet Nam,2005,34.64176559
VNM,Viet Nam,2004,34.6751709
VNM,Viet Nam,2003,34.54283524
VNM,Viet Nam,2002,34.54223251
VNM,Viet Nam,2001,29.7014904
VNM,Viet Nam,2000,34.58065033
VIR,Virgin Islands (U.S.),2024,
VIR,Virgin Islands (U.S.),2023,
VIR,Virgin Islands (U.S.),2022,
VIR,Virgin Islands (U.S.),2021,
VIR,Virgin Islands (U.S.),2020,
VIR,Virgin Islands (U.S.),2019,
VIR,Virgin Islands (U.S.),2018,
VIR,Virgin Islands (U.S.),2017,
VIR,Virgin Islands (U.S.),2016,
VIR,Virgin Islands (U.S.),2015,
VIR,Virgin Islands (U.S.),2014,
VIR,Virgin Islands (U.S.),2013,
VIR,Virgin Islands (U.S.),2012,
VIR,Virgin Islands (U.S.),2011,
VIR,Virgin Islands (U.S.),2010,
VIR,Virgin Islands (U.S.),2009,
VIR,Virgin Islands (U.S.),2008,
VIR,Virgin Islands (U.S.),2007,
VIR,Virgin Islands (U.S.),2006,
VIR,Virgin Islands (U.S.),2005,
VIR,Virgin Islands (U.S.),2004,
VIR,Virgin Islands (U.S.),2003,
VIR,Virgin Islands (U.S.),2002,
VIR,Virgin Islands (U.S.),2001,
VIR,Virgin Islands (U.S.),2000,
PSE,West Bank and Gaza,2024,
PSE,West Bank and Gaza,2023,
PSE,West Bank and Gaza,2022,33.55230331
PSE,West Bank and Gaza,2021,33.39273071
PSE,West Bank and Gaza,2020,38.39196014
PSE,West Bank and Gaza,2019,38.69657516
PSE,West Bank and Gaza,2018,39.49508286
PSE,West Bank and Gaza,2017,41.73205948
PSE,West Bank and Gaza,2016,42.70000076
PSE,West Bank and Gaza,2015,44.79999924
PSE,West Bank and Gaza,2014,44.40000153
PSE,West Bank and Gaza,2013,42.70000076
PSE,West Bank and Gaza,2012,43.79999924
PSE,West Bank and Gaza,2011,44.59999847
PSE,West Bank and Gaza,2010,36.0
PSE,West Bank and Gaza,2009,39.20000076
PSE,West Bank and Gaza,2008,35.79999924
PSE,West Bank and Gaza,2007,37.29999924
PSE,West Bank and Gaza,2006,41.29999924
PSE,West Bank and Gaza,2005,37.0
PSE,West Bank and Gaza,2004,36.20000076
PSE,West Bank and Gaza,2003,40.29999924
PSE,West Bank and Gaza,2002,36.0
PSE,West Bank and Gaza,2001,40.0
PSE,West Bank and Gaza,2000,38.5
YEM,"Yemen, Rep.",2024,
YEM,"Yemen, Rep.",2023,
YEM,"Yemen, Rep.",2022,70.20210266
YEM,"Yemen, Rep.",2021,72.10394287
YEM,"Yemen, Rep.",2020,69.91931152
YEM,"Yemen, Rep.",2019,73.29613495
YEM,"Yemen, Rep.",2018,75.94067383
YEM,"Yemen, Rep.",2017,82.77057648
YEM,"Yemen, Rep.",2016,77.87443542
YEM,"Yemen, Rep.",2015,80.95723724
YEM,"Yemen, Rep.",2014,76.41697693
YEM,"Yemen, Rep.",2013,74.58348083
YEM,"Yemen, Rep.",2012,71.61329651
YEM,"Yemen, Rep.",2011,72.48513031
YEM,"Yemen, Rep.",2010,74.01689911
YEM,"Yemen, Rep.",2009,74.21583557
YEM,"Yemen, Rep.",2008,68.61846161
YEM,"Yemen, Rep.",2007,69.15579987
YEM,"Yemen, Rep.",2006,65.89186859
YEM,"Yemen, Rep.",2005,64.78065491
YEM,"Yemen, Rep.",2004,60.45806122
YEM,"Yemen, Rep.",2003,54.26419067
YEM,"Yemen, Rep.",2002,46.67703247
YEM,"Yemen, Rep.",2001,44.62617874
YEM,"Yemen, Rep.",2000,43.49330139
ZMB,Zambia,2024,
ZMB,Zambia,2023,
ZMB,Zambia,2022,9.69076443
ZMB,Zambia,2021,7.07829428
ZMB,Zambia,2020,8.11366367
ZMB,Zambia,2019,7.25238276
ZMB,Zambia,2018,10.27590275
ZMB,Zambia,2017,10.65581131
ZMB,Zambia,2016,12.13953686
ZMB,Zambia,2015,12.25534916
ZMB,Zambia,2014,13.8197403
ZMB,Zambia,2013,11.70914459
ZMB,Zambia,2012,12.6315794
ZMB,Zambia,2011,12.19155598
ZMB,Zambia,2010,14.8048296
ZMB,Zambia,2009,14.88439369
ZMB,Zambia,2008,20.535326
ZMB,Zambia,2007,24.72501183
ZMB,Zambia,2006,25.69581223
ZMB,Zambia,2005,26.0978756
ZMB,Zambia,2004,30.96240425
ZMB,Zambia,2003,28.41941071
ZMB,Zambia,2002,28.43986702
ZMB,Zambia,2001,38.39976501
ZMB,Zambia,2000,44.93043518
ZWE,Zimbabwe,2024,
ZWE,Zimbabwe,2023,
ZWE,Zimbabwe,2022,8.15721226
ZWE,Zimbabwe,2021,10.23992252
ZWE,Zimbabwe,2020,10.40830708
ZWE,Zimbabwe,2019,9.08337116
ZWE,Zimbabwe,2018,8.79635429
ZWE,Zimbabwe,2017,10.54844856
ZWE,Zimbabwe,2016,23.95567131
ZWE,Zimbabwe,2015,25.78641701
ZWE,Zimbabwe,2014,24.83175468
ZWE,Zimbabwe,2013,29.75596428
ZWE,Zimbabwe,2012,34.9685173
ZWE,Zimbabwe,2011,37.2208252
ZWE,Zimbabwe,2010,34.43103409
ZWE,Zimbabwe,2009,
ZWE,Zimbabwe,2008,
ZWE,Zimbabwe,2007,
ZWE,Zimbabwe,2006,
ZWE,Zimbabwe,2005,
ZWE,Zimbabwe,2004,
ZWE,Zimbabwe,2003,
ZWE,Zimbabwe,2002,
ZWE,Zimbabwe,2001,
ZWE,Zimbabwe,2000,
