iso3c,country,year,value
AFE,Africa Eastern and Southern,2024,7.7727048111679
AFE,Africa Eastern and Southern,2023,7.80641078366466
AFE,Africa Eastern and Southern,2022,7.98520225155097
AFE,Africa Eastern and Southern,2021,8.57738499231761
AFE,Africa Eastern and Southern,2020,8.19139491127414
AFE,Africa Eastern and Southern,2019,7.58441879909928
AFE,Africa Eastern and Southern,2018,7.3605131044333
AFE,Africa Eastern and Southern,2017,7.34633063442169
AFE,Africa Eastern and Southern,2016,7.19466599460041
AFE,Africa Eastern and Southern,2015,7.03635682492423
AFE,Africa Eastern and Southern,2014,6.94701073401333
AFE,Africa Eastern and Southern,2013,6.98673270309414
AFE,Africa Eastern and Southern,2012,7.18160807948002
AFE,Africa Eastern and Southern,2011,7.42793993618157
AFE,Africa Eastern and Southern,2010,7.40306130661224
AFE,Africa Eastern and Southern,2009,7.15588066169117
AFE,Africa Eastern and Southern,2008,7.07670978821918
AFE,Africa Eastern and Southern,2007,7.10223115357479
AFE,Africa Eastern and Southern,2006,7.15895834527989
AFE,Africa Eastern and Southern,2005,7.21879262795258
AFE,Africa Eastern and Southern,2004,7.39564818381754
AFE,Africa Eastern and Southern,2003,7.58688283691332
AFE,Africa Eastern and Southern,2002,7.63233006754872
AFE,Africa Eastern and Southern,2001,7.67695520899306
AFE,Africa Eastern and Southern,2000,7.78831690275509
AFW,Africa Western and Central,2024,3.21831342109344
AFW,Africa Western and Central,2023,3.27724546605141
AFW,Africa Western and Central,2022,3.65857318082157
AFW,Africa Western and Central,2021,4.73673176237333
AFW,Africa Western and Central,2020,4.8523927005513
AFW,Africa Western and Central,2019,4.39527121076193
AFW,Africa Western and Central,2018,4.32363095413829
AFW,Africa Western and Central,2017,4.27419620395302
AFW,Africa Western and Central,2016,4.15757437388452
AFW,Africa Western and Central,2015,4.16446707837468
AFW,Africa Western and Central,2014,3.88139571396106
AFW,Africa Western and Central,2013,3.70385320108226
AFW,Africa Western and Central,2012,3.98216256621059
AFW,Africa Western and Central,2011,3.96902733010755
AFW,Africa Western and Central,2010,3.9915945374515
AFW,Africa Western and Central,2009,4.000386882162
AFW,Africa Western and Central,2008,3.96854217730079
AFW,Africa Western and Central,2007,3.95064260570811
AFW,Africa Western and Central,2006,3.97409484853549
AFW,Africa Western and Central,2005,4.10069950284306
AFW,Africa Western and Central,2004,4.09473808884134
AFW,Africa Western and Central,2003,4.18011071095659
AFW,Africa Western and Central,2002,4.2858537189934
AFW,Africa Western and Central,2001,4.47997712328447
AFW,Africa Western and Central,2000,4.55111905984559
ARB,Arab World,2024,9.45986362744839
ARB,Arab World,2023,9.58139714330623
ARB,Arab World,2022,9.9535706462442
ARB,Arab World,2021,10.8896587837575
ARB,Arab World,2020,11.3256125416623
ARB,Arab World,2019,10.2160980238311
ARB,Arab World,2018,10.6597396349929
ARB,Arab World,2017,11.1131075474704
ARB,Arab World,2016,10.8562902038262
ARB,Arab World,2015,11.1489135724281
ARB,Arab World,2014,11.0374017204054
ARB,Arab World,2013,11.0437281019774
ARB,Arab World,2012,11.074941957709
ARB,Arab World,2011,10.6932959358852
ARB,Arab World,2010,9.57747395203384
ARB,Arab World,2009,9.46639460138819
ARB,Arab World,2008,9.88041977711216
ARB,Arab World,2007,10.1508222413371
ARB,Arab World,2006,10.5232380711627
ARB,Arab World,2005,11.2407250571004
ARB,Arab World,2004,11.4330020298883
ARB,Arab World,2003,12.4563510932562
ARB,Arab World,2002,12.512529502018
ARB,Arab World,2001,12.5058820000806
ARB,Arab World,2000,12.6274870577085
CSS,Caribbean small states,2024,7.42393891631139
CSS,Caribbean small states,2023,7.82188402128467
CSS,Caribbean small states,2022,8.38855235263485
CSS,Caribbean small states,2021,9.53894339285438
CSS,Caribbean small states,2020,9.86550041950631
CSS,Caribbean small states,2019,8.16211430457681
CSS,Caribbean small states,2018,8.42228555555843
CSS,Caribbean small states,2017,8.22060887050551
CSS,Caribbean small states,2016,8.49871900649743
CSS,Caribbean small states,2015,8.1973314669975
CSS,Caribbean small states,2014,8.58616864157887
CSS,Caribbean small states,2013,8.84996062325217
CSS,Caribbean small states,2012,8.9741939670799
CSS,Caribbean small states,2011,8.80300976727811
CSS,Caribbean small states,2010,8.78766547316244
CSS,Caribbean small states,2009,9.17081028787377
CSS,Caribbean small states,2008,7.85876783447128
CSS,Caribbean small states,2007,8.18796995695813
CSS,Caribbean small states,2006,8.68164396270797
CSS,Caribbean small states,2005,9.9723173887585
CSS,Caribbean small states,2004,10.2845474905662
CSS,Caribbean small states,2003,11.5352879341881
CSS,Caribbean small states,2002,11.3094603641708
CSS,Caribbean small states,2001,11.1879650638686
CSS,Caribbean small states,2000,11.7524596222052
CEB,Central Europe and the Baltics,2024,3.86713329021602
CEB,Central Europe and the Baltics,2023,4.01423392069468
CEB,Central Europe and the Baltics,2022,3.98390653964054
CEB,Central Europe and the Baltics,2021,4.46083553017949
CEB,Central Europe and the Baltics,2020,4.36148161141545
CEB,Central Europe and the Baltics,2019,3.77015348175842
CEB,Central Europe and the Baltics,2018,4.30369562786882
CEB,Central Europe and the Baltics,2017,5.28282284018742
CEB,Central Europe and the Baltics,2016,6.48009996873257
CEB,Central Europe and the Baltics,2015,7.8140295868824
CEB,Central Europe and the Baltics,2014,8.87627586503652
CEB,Central Europe and the Baltics,2013,10.0753236166626
CEB,Central Europe and the Baltics,2012,10.0088988365559
CEB,Central Europe and the Baltics,2011,9.80886284662704
CEB,Central Europe and the Baltics,2010,9.92654756624789
CEB,Central Europe and the Baltics,2009,8.51651568379027
CEB,Central Europe and the Baltics,2008,6.60004823198757
CEB,Central Europe and the Baltics,2007,7.80513723734556
CEB,Central Europe and the Baltics,2006,10.1172085305052
CEB,Central Europe and the Baltics,2005,12.0310571699923
CEB,Central Europe and the Baltics,2004,12.8766296492385
CEB,Central Europe and the Baltics,2003,13.2635590108026
CEB,Central Europe and the Baltics,2002,13.9571015257378
CEB,Central Europe and the Baltics,2001,13.5050590063258
CEB,Central Europe and the Baltics,2000,12.1661215560372
EAR,Early-demographic dividend,2024,5.29873898579239
EAR,Early-demographic dividend,2023,5.26002950548057
EAR,Early-demographic dividend,2022,5.71415089065227
EAR,Early-demographic dividend,2021,6.78633395860379
EAR,Early-demographic dividend,2020,7.41080978209992
EAR,Early-demographic dividend,2019,6.33471130423578
EAR,Early-demographic dividend,2018,6.79972998966452
EAR,Early-demographic dividend,2017,6.74512514660323
EAR,Early-demographic dividend,2016,6.75915198816923
EAR,Early-demographic dividend,2015,6.82125833182971
EAR,Early-demographic dividend,2014,6.64658238879271
EAR,Early-demographic dividend,2013,6.71768093948525
EAR,Early-demographic dividend,2012,6.73913255945519
EAR,Early-demographic dividend,2011,6.64163269370553
EAR,Early-demographic dividend,2010,6.72549254045243
EAR,Early-demographic dividend,2009,6.92207663381963
EAR,Early-demographic dividend,2008,6.79874005728352
EAR,Early-demographic dividend,2007,6.84170820607528
EAR,Early-demographic dividend,2006,6.90690971756036
EAR,Early-demographic dividend,2005,7.13189877369064
EAR,Early-demographic dividend,2004,7.22075925807152
EAR,Early-demographic dividend,2003,7.33857822367171
EAR,Early-demographic dividend,2002,7.44663197295669
EAR,Early-demographic dividend,2001,7.20100761030258
EAR,Early-demographic dividend,2000,7.11472249654015
EAS,East Asia & Pacific,2024,3.78321987995003
EAS,East Asia & Pacific,2023,3.8577137184564
EAS,East Asia & Pacific,2022,4.08954331640933
EAS,East Asia & Pacific,2021,4.05434580285896
EAS,East Asia & Pacific,2020,4.28969803870281
EAS,East Asia & Pacific,2019,3.81471982611766
EAS,East Asia & Pacific,2018,3.74497476910225
EAS,East Asia & Pacific,2017,3.86565024174878
EAS,East Asia & Pacific,2016,3.99580515839642
EAS,East Asia & Pacific,2015,4.08251292816983
EAS,East Asia & Pacific,2014,4.01783996091461
EAS,East Asia & Pacific,2013,4.03852869929477
EAS,East Asia & Pacific,2012,4.05312532673054
EAS,East Asia & Pacific,2011,4.12281542064571
EAS,East Asia & Pacific,2010,4.21713753627349
EAS,East Asia & Pacific,2009,4.46622743993614
EAS,East Asia & Pacific,2008,4.37313894233402
EAS,East Asia & Pacific,2007,4.2946239136738
EAS,East Asia & Pacific,2006,4.34189971837131
EAS,East Asia & Pacific,2005,4.46538303958669
EAS,East Asia & Pacific,2004,4.42042962261375
EAS,East Asia & Pacific,2003,4.46994570713792
EAS,East Asia & Pacific,2002,4.25600174706397
EAS,East Asia & Pacific,2001,3.95674303523231
EAS,East Asia & Pacific,2000,3.55420828634154
EAP,East Asia & Pacific (excluding high income),2024,3.88578969882738
EAP,East Asia & Pacific (excluding high income),2023,3.97239658895814
EAP,East Asia & Pacific (excluding high income),2022,4.22329838547477
EAP,East Asia & Pacific (excluding high income),2021,4.12248591657027
EAP,East Asia & Pacific (excluding high income),2020,4.36073968094378
EAP,East Asia & Pacific (excluding high income),2019,3.89330553057754
EAP,East Asia & Pacific (excluding high income),2018,3.8023437834359
EAP,East Asia & Pacific (excluding high income),2017,3.91171481452964
EAP,East Asia & Pacific (excluding high income),2016,4.03404292652506
EAP,East Asia & Pacific (excluding high income),2015,4.11636992397966
EAP,East Asia & Pacific (excluding high income),2014,4.04186575779653
EAP,East Asia & Pacific (excluding high income),2013,4.04644374340581
EAP,East Asia & Pacific (excluding high income),2012,4.04454083172618
EAP,East Asia & Pacific (excluding high income),2011,4.10579979256748
EAP,East Asia & Pacific (excluding high income),2010,4.15545539099385
EAP,East Asia & Pacific (excluding high income),2009,4.41621948931768
EAP,East Asia & Pacific (excluding high income),2008,4.43458690180373
EAP,East Asia & Pacific (excluding high income),2007,4.35381700814466
EAP,East Asia & Pacific (excluding high income),2006,4.37346271691852
EAP,East Asia & Pacific (excluding high income),2005,4.47985327360328
EAP,East Asia & Pacific (excluding high income),2004,4.40081751899498
EAP,East Asia & Pacific (excluding high income),2003,4.40610012542102
EAP,East Asia & Pacific (excluding high income),2002,4.15890418582549
EAP,East Asia & Pacific (excluding high income),2001,3.84548126641516
EAP,East Asia & Pacific (excluding high income),2000,3.42330379281354
TEA,East Asia & Pacific (IDA & IBRD countries),2024,3.90185859989858
TEA,East Asia & Pacific (IDA & IBRD countries),2023,3.99023937769226
TEA,East Asia & Pacific (IDA & IBRD countries),2022,4.24554875686717
TEA,East Asia & Pacific (IDA & IBRD countries),2021,4.13976979107785
TEA,East Asia & Pacific (IDA & IBRD countries),2020,4.38272643965065
TEA,East Asia & Pacific (IDA & IBRD countries),2019,3.91055814607334
TEA,East Asia & Pacific (IDA & IBRD countries),2018,3.8185338900756
TEA,East Asia & Pacific (IDA & IBRD countries),2017,3.9281651171289
TEA,East Asia & Pacific (IDA & IBRD countries),2016,4.05094529389803
TEA,East Asia & Pacific (IDA & IBRD countries),2015,4.13498800489396
TEA,East Asia & Pacific (IDA & IBRD countries),2014,4.05946116233141
TEA,East Asia & Pacific (IDA & IBRD countries),2013,4.06337163020856
TEA,East Asia & Pacific (IDA & IBRD countries),2012,4.06150735915238
TEA,East Asia & Pacific (IDA & IBRD countries),2011,4.12394805623432
TEA,East Asia & Pacific (IDA & IBRD countries),2010,4.17562491797747
TEA,East Asia & Pacific (IDA & IBRD countries),2009,4.43930711068683
TEA,East Asia & Pacific (IDA & IBRD countries),2008,4.45784019112314
TEA,East Asia & Pacific (IDA & IBRD countries),2007,4.37489660023347
TEA,East Asia & Pacific (IDA & IBRD countries),2006,4.39475180578743
TEA,East Asia & Pacific (IDA & IBRD countries),2005,4.50231259783126
TEA,East Asia & Pacific (IDA & IBRD countries),2004,4.42148007967952
TEA,East Asia & Pacific (IDA & IBRD countries),2003,4.42626048911676
TEA,East Asia & Pacific (IDA & IBRD countries),2002,4.17566545663043
TEA,East Asia & Pacific (IDA & IBRD countries),2001,3.85717166136865
TEA,East Asia & Pacific (IDA & IBRD countries),2000,3.42896287038122
EMU,Euro area,2024,6.41456670355239
EMU,Euro area,2023,6.5647698836445
EMU,Euro area,2022,6.75630041139587
EMU,Euro area,2021,7.72235228907323
EMU,Euro area,2020,7.82955559700518
EMU,Euro area,2019,7.51936142254261
EMU,Euro area,2018,8.15855629448959
EMU,Euro area,2017,9.06984529942784
EMU,Euro area,2016,10.033463178174
EMU,Euro area,2015,10.8831519353622
EMU,Euro area,2014,11.6261765228596
EMU,Euro area,2013,11.9982760867162
EMU,Euro area,2012,11.4149113927429
EMU,Euro area,2011,10.2589409954022
EMU,Euro area,2010,10.1735036090983
EMU,Euro area,2009,9.63276496031515
EMU,Euro area,2008,7.54387898457331
EMU,Euro area,2007,7.53678965173941
EMU,Euro area,2006,8.42908540808872
EMU,Euro area,2005,9.14955743402771
EMU,Euro area,2004,9.28985762130963
EMU,Euro area,2003,9.0208405343962
EMU,Euro area,2002,8.67989167075215
EMU,Euro area,2001,8.41873260562831
EMU,Euro area,2000,9.47224221882325
ECS,Europe & Central Asia,2024,5.36753794530394
ECS,Europe & Central Asia,2023,5.58670763201265
ECS,Europe & Central Asia,2022,5.86004068753744
ECS,Europe & Central Asia,2021,6.90930078593098
ECS,Europe & Central Asia,2020,7.11145083106866
ECS,Europe & Central Asia,2019,6.64351889327326
ECS,Europe & Central Asia,2018,6.89692098364632
ECS,Europe & Central Asia,2017,7.49712655156225
ECS,Europe & Central Asia,2016,8.09007236956833
ECS,Europe & Central Asia,2015,8.56892232999767
ECS,Europe & Central Asia,2014,8.95355246075943
ECS,Europe & Central Asia,2013,9.27136919726065
ECS,Europe & Central Asia,2012,9.07689951547521
ECS,Europe & Central Asia,2011,8.85621943906051
ECS,Europe & Central Asia,2010,9.11862363914561
ECS,Europe & Central Asia,2009,9.05843891845681
ECS,Europe & Central Asia,2008,7.16220455678739
ECS,Europe & Central Asia,2007,7.23096763684341
ECS,Europe & Central Asia,2006,8.1528495787367
ECS,Europe & Central Asia,2005,8.71915129217189
ECS,Europe & Central Asia,2004,9.04883693016551
ECS,Europe & Central Asia,2003,9.11002365789452
ECS,Europe & Central Asia,2002,9.07711633146445
ECS,Europe & Central Asia,2001,9.05974009819758
ECS,Europe & Central Asia,2000,9.68992008060941
ECA,Europe & Central Asia (excluding high income),2024,6.9068039628902
ECA,Europe & Central Asia (excluding high income),2023,7.32795666468699
ECA,Europe & Central Asia (excluding high income),2022,7.81152824791031
ECA,Europe & Central Asia (excluding high income),2021,9.00694262356147
ECA,Europe & Central Asia (excluding high income),2020,9.31305476539785
ECA,Europe & Central Asia (excluding high income),2019,9.16141263309841
ECA,Europe & Central Asia (excluding high income),2018,8.65685007116391
ECA,Europe & Central Asia (excluding high income),2017,8.98684331356228
ECA,Europe & Central Asia (excluding high income),2016,9.08715573478527
ECA,Europe & Central Asia (excluding high income),2015,9.00928832926573
ECA,Europe & Central Asia (excluding high income),2014,9.00339164445519
ECA,Europe & Central Asia (excluding high income),2013,8.60292354696247
ECA,Europe & Central Asia (excluding high income),2012,8.6416048696886
ECA,Europe & Central Asia (excluding high income),2011,8.915331955385
ECA,Europe & Central Asia (excluding high income),2010,9.55793535586369
ECA,Europe & Central Asia (excluding high income),2009,10.1898182867484
ECA,Europe & Central Asia (excluding high income),2008,8.55147985690813
ECA,Europe & Central Asia (excluding high income),2007,8.55021046052096
ECA,Europe & Central Asia (excluding high income),2006,9.0830267439186
ECA,Europe & Central Asia (excluding high income),2005,9.57056994537054
ECA,Europe & Central Asia (excluding high income),2004,10.1062398812308
ECA,Europe & Central Asia (excluding high income),2003,10.2782186342322
ECA,Europe & Central Asia (excluding high income),2002,10.6903128740959
ECA,Europe & Central Asia (excluding high income),2001,10.6399597923014
ECA,Europe & Central Asia (excluding high income),2000,10.7484483274832
TEC,Europe & Central Asia (IDA & IBRD countries),2024,4.72766303570866
TEC,Europe & Central Asia (IDA & IBRD countries),2023,5.15608827143809
TEC,Europe & Central Asia (IDA & IBRD countries),2022,5.68131119463324
TEC,Europe & Central Asia (IDA & IBRD countries),2021,6.82993701862492
TEC,Europe & Central Asia (IDA & IBRD countries),2020,7.23984099845427
TEC,Europe & Central Asia (IDA & IBRD countries),2019,6.7395614203963
TEC,Europe & Central Asia (IDA & IBRD countries),2018,6.68381689056803
TEC,Europe & Central Asia (IDA & IBRD countries),2017,7.1229269404505
TEC,Europe & Central Asia (IDA & IBRD countries),2016,7.47202324270353
TEC,Europe & Central Asia (IDA & IBRD countries),2015,7.63847088587282
TEC,Europe & Central Asia (IDA & IBRD countries),2014,7.65568345195076
TEC,Europe & Central Asia (IDA & IBRD countries),2013,7.71339501262852
TEC,Europe & Central Asia (IDA & IBRD countries),2012,7.65731579322706
TEC,Europe & Central Asia (IDA & IBRD countries),2011,8.12135370910361
TEC,Europe & Central Asia (IDA & IBRD countries),2010,8.68768383545242
TEC,Europe & Central Asia (IDA & IBRD countries),2009,9.10456034631184
TEC,Europe & Central Asia (IDA & IBRD countries),2008,7.37099265588776
TEC,Europe & Central Asia (IDA & IBRD countries),2007,7.56763449504919
TEC,Europe & Central Asia (IDA & IBRD countries),2006,8.66814807340215
TEC,Europe & Central Asia (IDA & IBRD countries),2005,9.29208362545358
TEC,Europe & Central Asia (IDA & IBRD countries),2004,9.94923352336291
TEC,Europe & Central Asia (IDA & IBRD countries),2003,10.2946380818144
TEC,Europe & Central Asia (IDA & IBRD countries),2002,10.5333866655627
TEC,Europe & Central Asia (IDA & IBRD countries),2001,10.7472838740452
TEC,Europe & Central Asia (IDA & IBRD countries),2000,11.0252036761132
EUU,European Union,2024,5.91852671448482
EUU,European Union,2023,6.02967537304754
EUU,European Union,2022,6.14902028996126
EUU,European Union,2021,7.0141845372126
EUU,European Union,2020,7.05350210339032
EUU,European Union,2019,6.68857556375924
EUU,European Union,2018,7.25592359475734
EUU,European Union,2017,8.13407491332889
EUU,European Union,2016,9.10766131721785
EUU,European Union,2015,10.018398713185
EUU,European Union,2014,10.8266686494913
EUU,European Union,2013,11.3499080660671
EUU,European Union,2012,10.8752261644437
EUU,European Union,2011,9.92759950838198
EUU,European Union,2010,9.8727209377786
EUU,European Union,2009,9.21098128007764
EUU,European Union,2008,7.24140110289056
EUU,European Union,2007,7.50180506167496
EUU,European Union,2006,8.68652334151983
EUU,European Union,2005,9.63148127948681
EUU,European Union,2004,9.85574243526537
EUU,European Union,2003,9.70354629905559
EUU,European Union,2002,9.56474012915663
EUU,European Union,2001,9.21023289249237
EUU,European Union,2000,9.70649119804801
FCS,Fragile and conflict affected situations,2024,5.02124845086415
FCS,Fragile and conflict affected situations,2023,5.20087833966654
FCS,Fragile and conflict affected situations,2022,5.60917621194441
FCS,Fragile and conflict affected situations,2021,6.77761944075494
FCS,Fragile and conflict affected situations,2020,6.65180755643263
FCS,Fragile and conflict affected situations,2019,5.87910736649221
FCS,Fragile and conflict affected situations,2018,5.82973963441826
FCS,Fragile and conflict affected situations,2017,5.83065194153996
FCS,Fragile and conflict affected situations,2016,5.61701548557091
FCS,Fragile and conflict affected situations,2015,5.47064138133532
FCS,Fragile and conflict affected situations,2014,5.37407223056533
FCS,Fragile and conflict affected situations,2013,5.23081343093215
FCS,Fragile and conflict affected situations,2012,5.24340820566146
FCS,Fragile and conflict affected situations,2011,5.17980481339294
FCS,Fragile and conflict affected situations,2010,5.13393632566262
FCS,Fragile and conflict affected situations,2009,5.05816095420724
FCS,Fragile and conflict affected situations,2008,5.00330426897512
FCS,Fragile and conflict affected situations,2007,4.96680136077522
FCS,Fragile and conflict affected situations,2006,5.04106352666451
FCS,Fragile and conflict affected situations,2005,5.17532128815233
FCS,Fragile and conflict affected situations,2004,5.48617912534708
FCS,Fragile and conflict affected situations,2003,5.64180971833322
FCS,Fragile and conflict affected situations,2002,5.77082847201375
FCS,Fragile and conflict affected situations,2001,5.80264993621776
FCS,Fragile and conflict affected situations,2000,5.88813224341885
HPC,Heavily indebted poor countries (HIPC),2024,4.21260389549363
HPC,Heavily indebted poor countries (HIPC),2023,4.22661765181006
HPC,Heavily indebted poor countries (HIPC),2022,4.44664203690213
HPC,Heavily indebted poor countries (HIPC),2021,4.99025451599025
HPC,Heavily indebted poor countries (HIPC),2020,5.08466986799381
HPC,Heavily indebted poor countries (HIPC),2019,4.35891138556294
HPC,Heavily indebted poor countries (HIPC),2018,4.3509884503825
HPC,Heavily indebted poor countries (HIPC),2017,4.38423696813415
HPC,Heavily indebted poor countries (HIPC),2016,4.37144771498706
HPC,Heavily indebted poor countries (HIPC),2015,4.42867097391046
HPC,Heavily indebted poor countries (HIPC),2014,4.2863349936028
HPC,Heavily indebted poor countries (HIPC),2013,4.28006264560717
HPC,Heavily indebted poor countries (HIPC),2012,4.55787405742502
HPC,Heavily indebted poor countries (HIPC),2011,4.74938707940846
HPC,Heavily indebted poor countries (HIPC),2010,4.78976425103905
HPC,Heavily indebted poor countries (HIPC),2009,4.57426523463948
HPC,Heavily indebted poor countries (HIPC),2008,4.53294980065855
HPC,Heavily indebted poor countries (HIPC),2007,4.5512927797348
HPC,Heavily indebted poor countries (HIPC),2006,4.60600204258665
HPC,Heavily indebted poor countries (HIPC),2005,4.69477294260221
HPC,Heavily indebted poor countries (HIPC),2004,4.85956399044133
HPC,Heavily indebted poor countries (HIPC),2003,4.99978241919788
HPC,Heavily indebted poor countries (HIPC),2002,5.04907920082407
HPC,Heavily indebted poor countries (HIPC),2001,5.08284361969071
HPC,Heavily indebted poor countries (HIPC),2000,5.15456136215711
IBD,IBRD only,2024,5.10811423830388
IBD,IBRD only,2023,5.16442258848731
IBD,IBRD only,2022,5.60126891405961
IBD,IBRD only,2021,6.33864692540996
IBD,IBRD only,2020,6.97182202204261
IBD,IBRD only,2019,6.08042359288293
IBD,IBRD only,2018,6.29397536643084
IBD,IBRD only,2017,6.4025451138926
IBD,IBRD only,2016,6.42522431878189
IBD,IBRD only,2015,6.31459557460321
IBD,IBRD only,2014,6.18086369790396
IBD,IBRD only,2013,6.20412816538928
IBD,IBRD only,2012,6.195672529639
IBD,IBRD only,2011,6.27930588236174
IBD,IBRD only,2010,6.39002749580693
IBD,IBRD only,2009,6.63425354680695
IBD,IBRD only,2008,6.31796376394052
IBD,IBRD only,2007,6.34227162110407
IBD,IBRD only,2006,6.52808507480571
IBD,IBRD only,2005,6.75346798322029
IBD,IBRD only,2004,6.83290388467106
IBD,IBRD only,2003,6.9971889965357
IBD,IBRD only,2002,6.9284161843995
IBD,IBRD only,2001,6.70906109810062
IBD,IBRD only,2000,6.55733674014356
IBT,IDA & IBRD total,2024,4.9757341917256
IBT,IDA & IBRD total,2023,5.03528850795442
IBT,IDA & IBRD total,2022,5.42368900893862
IBT,IDA & IBRD total,2021,6.17146922477733
IBT,IDA & IBRD total,2020,6.64356253032983
IBT,IDA & IBRD total,2019,5.7827394388757
IBT,IDA & IBRD total,2018,5.92416033898862
IBT,IDA & IBRD total,2017,5.9886545110052
IBT,IDA & IBRD total,2016,5.96532738871875
IBT,IDA & IBRD total,2015,5.90556536116967
IBT,IDA & IBRD total,2014,5.73810817523886
IBT,IDA & IBRD total,2013,5.7804173740311
IBT,IDA & IBRD total,2012,5.81552031423144
IBT,IDA & IBRD total,2011,5.81915504047038
IBT,IDA & IBRD total,2010,5.90445607325616
IBT,IDA & IBRD total,2009,6.12041508143813
IBT,IDA & IBRD total,2008,5.86055207241041
IBT,IDA & IBRD total,2007,5.86969397610107
IBT,IDA & IBRD total,2006,6.02685240430217
IBT,IDA & IBRD total,2005,6.24361042096154
IBT,IDA & IBRD total,2004,6.33249459112751
IBT,IDA & IBRD total,2003,6.48936010288448
IBT,IDA & IBRD total,2002,6.44386319273026
IBT,IDA & IBRD total,2001,6.27401236486395
IBT,IDA & IBRD total,2000,6.15636406177533
IDB,IDA blend,2024,4.3746184268031
IDB,IDA blend,2023,4.41508975162298
IDB,IDA blend,2022,4.81132260612793
IDB,IDA blend,2021,5.83078658675916
IDB,IDA blend,2020,5.8479266368036
IDB,IDA blend,2019,5.07726731486215
IDB,IDA blend,2018,4.75853025423067
IDB,IDA blend,2017,4.35036064625553
IDB,IDA blend,2016,3.73220096434547
IDB,IDA blend,2015,4.00256086115621
IDB,IDA blend,2014,3.38375043080768
IDB,IDA blend,2013,3.705673609113
IDB,IDA blend,2012,4.08586102574122
IDB,IDA blend,2011,3.2001076424385
IDB,IDA blend,2010,3.15075868914399
IDB,IDA blend,2009,3.10443697601357
IDB,IDA blend,2008,3.05091706507754
IDB,IDA blend,2007,3.02212277890581
IDB,IDA blend,2006,3.15103963611934
IDB,IDA blend,2005,3.24788003665024
IDB,IDA blend,2004,3.30601942667226
IDB,IDA blend,2003,3.4598257877624
IDB,IDA blend,2002,3.58269986998492
IDB,IDA blend,2001,3.77320553404109
IDB,IDA blend,2000,3.87282545639613
IDX,IDA only,2024,4.66770531869599
IDX,IDA only,2023,4.74814682878326
IDX,IDA only,2022,4.89088034774433
IDX,IDA only,2021,5.51777492910716
IDX,IDA only,2020,5.42444214786479
IDX,IDA only,2019,4.61871804976572
IDX,IDA only,2018,4.60604470067005
IDX,IDA only,2017,4.66530360307427
IDX,IDA only,2016,4.68946609332404
IDX,IDA only,2015,4.69585150361335
IDX,IDA only,2014,4.56038422576037
IDX,IDA only,2013,4.53605970306917
IDX,IDA only,2012,4.59649591873703
IDX,IDA only,2011,4.59514473940937
IDX,IDA only,2010,4.56611206743664
IDX,IDA only,2009,4.70186635633499
IDX,IDA only,2008,4.61717966516759
IDX,IDA only,2007,4.50885950209726
IDX,IDA only,2006,4.46352223978516
IDX,IDA only,2005,4.65201012791298
IDX,IDA only,2004,4.79011193026394
IDX,IDA only,2003,4.87242794277145
IDX,IDA only,2002,4.8534318024416
IDX,IDA only,2001,4.78021565904134
IDX,IDA only,2000,4.73854637649963
IDA,IDA total,2024,4.55941592794588
IDA,IDA total,2023,4.6258035699256
IDA,IDA total,2022,4.86219567413107
IDA,IDA total,2021,5.63088102209668
IDA,IDA total,2020,5.57685316149891
IDA,IDA total,2019,4.78267538138002
IDA,IDA total,2018,4.66056541533335
IDA,IDA total,2017,4.55217864686985
IDA,IDA total,2016,4.34425658266458
IDA,IDA total,2015,4.44600881534174
IDA,IDA total,2014,4.13935624675978
IDA,IDA total,2013,4.23966362366824
IDA,IDA total,2012,4.41473029452787
IDA,IDA total,2011,4.10062761471477
IDA,IDA total,2010,4.06419605108702
IDA,IDA total,2009,4.13694636655913
IDA,IDA total,2008,4.0650109547676
IDA,IDA total,2007,3.98627700895223
IDA,IDA total,2006,4.00351816054756
IDA,IDA total,2005,4.16028760037333
IDA,IDA total,2004,4.2705304394433
IDA,IDA total,2003,4.37881771014038
IDA,IDA total,2002,4.41008767057407
IDA,IDA total,2001,4.42897478791304
IDA,IDA total,2000,4.43736752604206
LTE,Late-demographic dividend,2024,4.64925082241822
LTE,Late-demographic dividend,2023,4.80483181877953
LTE,Late-demographic dividend,2022,5.1820798343178
LTE,Late-demographic dividend,2021,5.49439716094102
LTE,Late-demographic dividend,2020,5.91814324936933
LTE,Late-demographic dividend,2019,5.18446264170282
LTE,Late-demographic dividend,2018,5.03902164845988
LTE,Late-demographic dividend,2017,5.25961154650091
LTE,Late-demographic dividend,2016,5.26877645974683
LTE,Late-demographic dividend,2015,5.09967072800369
LTE,Late-demographic dividend,2014,4.92729848882244
LTE,Late-demographic dividend,2013,4.99886950471842
LTE,Late-demographic dividend,2012,5.018266384951
LTE,Late-demographic dividend,2011,5.1068390846253
LTE,Late-demographic dividend,2010,5.23950660656473
LTE,Late-demographic dividend,2009,5.56632674579842
LTE,Late-demographic dividend,2008,5.13665502190525
LTE,Late-demographic dividend,2007,5.1047663227494
LTE,Late-demographic dividend,2006,5.36881866209802
LTE,Late-demographic dividend,2005,5.62015574834697
LTE,Late-demographic dividend,2004,5.69586904075348
LTE,Late-demographic dividend,2003,5.8902181874939
LTE,Late-demographic dividend,2002,5.65373560300308
LTE,Late-demographic dividend,2001,5.46861267600564
LTE,Late-demographic dividend,2000,5.28526433408884
LCN,Latin America & Caribbean,2024,6.23851971173158
LCN,Latin America & Caribbean,2023,6.207431309296
LCN,Latin America & Caribbean,2022,6.91530044010831
LCN,Latin America & Caribbean,2021,9.15752046126518
LCN,Latin America & Caribbean,2020,10.2142815871263
LCN,Latin America & Caribbean,2019,8.000433574947
LCN,Latin America & Caribbean,2018,7.93247090440124
LCN,Latin America & Caribbean,2017,8.02899418957499
LCN,Latin America & Caribbean,2016,7.72985155496638
LCN,Latin America & Caribbean,2015,6.6687343072812
LCN,Latin America & Caribbean,2014,6.17554620201644
LCN,Latin America & Caribbean,2013,6.36984382898005
LCN,Latin America & Caribbean,2012,6.41475370048616
LCN,Latin America & Caribbean,2011,6.70856267966967
LCN,Latin America & Caribbean,2010,7.21088765979969
LCN,Latin America & Caribbean,2009,7.81388307206222
LCN,Latin America & Caribbean,2008,6.83866675691087
LCN,Latin America & Caribbean,2007,7.22595307624675
LCN,Latin America & Caribbean,2006,7.61474207480055
LCN,Latin America & Caribbean,2005,8.23794709018145
LCN,Latin America & Caribbean,2004,8.75123322039467
LCN,Latin America & Caribbean,2003,9.26710791882219
LCN,Latin America & Caribbean,2002,9.40654864245774
LCN,Latin America & Caribbean,2001,9.06712263436888
LCN,Latin America & Caribbean,2000,9.461823301645
LAC,Latin America & Caribbean (excluding high income),2024,6.14112553187049
LAC,Latin America & Caribbean (excluding high income),2023,6.1015898433551
LAC,Latin America & Caribbean (excluding high income),2022,6.86330650089905
LAC,Latin America & Caribbean (excluding high income),2021,9.18066102897673
LAC,Latin America & Caribbean (excluding high income),2020,10.2177163550783
LAC,Latin America & Caribbean (excluding high income),2019,8.0906886809704
LAC,Latin America & Caribbean (excluding high income),2018,8.06200187359744
LAC,Latin America & Caribbean (excluding high income),2017,8.21728420302436
LAC,Latin America & Caribbean (excluding high income),2016,7.89043282541356
LAC,Latin America & Caribbean (excluding high income),2015,6.67673199247896
LAC,Latin America & Caribbean (excluding high income),2014,6.07533618689757
LAC,Latin America & Caribbean (excluding high income),2013,6.27313913353293
LAC,Latin America & Caribbean (excluding high income),2012,6.34515471758365
LAC,Latin America & Caribbean (excluding high income),2011,6.62343403628948
LAC,Latin America & Caribbean (excluding high income),2010,7.13900255202872
LAC,Latin America & Caribbean (excluding high income),2009,7.76215501745444
LAC,Latin America & Caribbean (excluding high income),2008,6.77925524939317
LAC,Latin America & Caribbean (excluding high income),2007,7.17995658720799
LAC,Latin America & Caribbean (excluding high income),2006,7.49962397783838
LAC,Latin America & Caribbean (excluding high income),2005,8.05362186792351
LAC,Latin America & Caribbean (excluding high income),2004,8.37197823234649
LAC,Latin America & Caribbean (excluding high income),2003,8.82999881074147
LAC,Latin America & Caribbean (excluding high income),2002,9.00182206115519
LAC,Latin America & Caribbean (excluding high income),2001,8.79177573811364
LAC,Latin America & Caribbean (excluding high income),2000,9.21166599301642
TLA,Latin America & the Caribbean (IDA & IBRD countries),2024,6.31153788497579
TLA,Latin America & the Caribbean (IDA & IBRD countries),2023,6.27705803055615
TLA,Latin America & the Caribbean (IDA & IBRD countries),2022,6.99769011843402
TLA,Latin America & the Caribbean (IDA & IBRD countries),2021,9.27350464000943
TLA,Latin America & the Caribbean (IDA & IBRD countries),2020,10.3522494542699
TLA,Latin America & the Caribbean (IDA & IBRD countries),2019,8.10424349109534
TLA,Latin America & the Caribbean (IDA & IBRD countries),2018,8.03324720484733
TLA,Latin America & the Caribbean (IDA & IBRD countries),2017,8.12755696513525
TLA,Latin America & the Caribbean (IDA & IBRD countries),2016,7.81136575474109
TLA,Latin America & the Caribbean (IDA & IBRD countries),2015,6.71903446791338
TLA,Latin America & the Caribbean (IDA & IBRD countries),2014,6.19961332563731
TLA,Latin America & the Caribbean (IDA & IBRD countries),2013,6.38397300585286
TLA,Latin America & the Caribbean (IDA & IBRD countries),2012,6.42754223490827
TLA,Latin America & the Caribbean (IDA & IBRD countries),2011,6.72806886463518
TLA,Latin America & the Caribbean (IDA & IBRD countries),2010,7.2528256939654
TLA,Latin America & the Caribbean (IDA & IBRD countries),2009,7.89307673077
TLA,Latin America & the Caribbean (IDA & IBRD countries),2008,6.9150729963141
TLA,Latin America & the Caribbean (IDA & IBRD countries),2007,7.31182267651702
TLA,Latin America & the Caribbean (IDA & IBRD countries),2006,7.70840648299537
TLA,Latin America & the Caribbean (IDA & IBRD countries),2005,8.34427692112872
TLA,Latin America & the Caribbean (IDA & IBRD countries),2004,8.88137929271328
TLA,Latin America & the Caribbean (IDA & IBRD countries),2003,9.39491060952861
TLA,Latin America & the Caribbean (IDA & IBRD countries),2002,9.52040262401159
TLA,Latin America & the Caribbean (IDA & IBRD countries),2001,9.16163876964607
TLA,Latin America & the Caribbean (IDA & IBRD countries),2000,9.54724386782
LDC,Least developed countries: UN classification,2024,4.89153403312394
LDC,Least developed countries: UN classification,2023,4.94642314711997
LDC,Least developed countries: UN classification,2022,5.0884445684594
LDC,Least developed countries: UN classification,2021,5.75302416584841
LDC,Least developed countries: UN classification,2020,5.63912879862034
LDC,Least developed countries: UN classification,2019,4.88614655379023
LDC,Least developed countries: UN classification,2018,4.8870235507301
LDC,Least developed countries: UN classification,2017,4.96947310302949
LDC,Least developed countries: UN classification,2016,4.90683769238846
LDC,Least developed countries: UN classification,2015,4.83938455097352
LDC,Least developed countries: UN classification,2014,4.75129356604226
LDC,Least developed countries: UN classification,2013,4.79478604222837
LDC,Least developed countries: UN classification,2012,4.84468039187204
LDC,Least developed countries: UN classification,2011,4.86193896689137
LDC,Least developed countries: UN classification,2010,4.76194435567874
LDC,Least developed countries: UN classification,2009,4.88648869121684
LDC,Least developed countries: UN classification,2008,4.79588302722657
LDC,Least developed countries: UN classification,2007,4.73851508145321
LDC,Least developed countries: UN classification,2006,4.67780142276993
LDC,Least developed countries: UN classification,2005,4.79334197333449
LDC,Least developed countries: UN classification,2004,4.85500517442508
LDC,Least developed countries: UN classification,2003,4.89718421087389
LDC,Least developed countries: UN classification,2002,4.82174153665723
LDC,Least developed countries: UN classification,2001,4.73001281601625
LDC,Least developed countries: UN classification,2000,4.69621008348711
LMY,Low & middle income,2024,5.0410495238854
LMY,Low & middle income,2023,5.0873847975487
LMY,Low & middle income,2022,5.48428671802243
LMY,Low & middle income,2021,6.22573569680244
LMY,Low & middle income,2020,6.69062566233473
LMY,Low & middle income,2019,5.86061432749514
LMY,Low & middle income,2018,6.00069622131288
LMY,Low & middle income,2017,6.05442234215458
LMY,Low & middle income,2016,6.00794796506189
LMY,Low & middle income,2015,5.92605686886144
LMY,Low & middle income,2014,5.74192095868959
LMY,Low & middle income,2013,5.7665835831229
LMY,Low & middle income,2012,5.80917771157177
LMY,Low & middle income,2011,5.77701736158249
LMY,Low & middle income,2010,5.83764436485052
LMY,Low & middle income,2009,6.04700312899164
LMY,Low & middle income,2008,5.85753182553363
LMY,Low & middle income,2007,5.84477719601267
LMY,Low & middle income,2006,5.92741307116865
LMY,Low & middle income,2005,6.10664440000856
LMY,Low & middle income,2004,6.13534858862572
LMY,Low & middle income,2003,6.26431456051982
LMY,Low & middle income,2002,6.21042591601952
LMY,Low & middle income,2001,6.01843188587325
LMY,Low & middle income,2000,5.85745437733787
MEA,"Middle East, North Africa, Afghanistan & Pakistan",2024,8.01234636616063
MEA,"Middle East, North Africa, Afghanistan & Pakistan",2023,8.07886442606783
MEA,"Middle East, North Africa, Afghanistan & Pakistan",2022,8.41864578048354
MEA,"Middle East, North Africa, Afghanistan & Pakistan",2021,9.02712223286196
MEA,"Middle East, North Africa, Afghanistan & Pakistan",2020,9.21442251170226
MEA,"Middle East, North Africa, Afghanistan & Pakistan",2019,8.33464243815053
MEA,"Middle East, North Africa, Afghanistan & Pakistan",2018,8.54016358979852
MEA,"Middle East, North Africa, Afghanistan & Pakistan",2017,8.52284906342449
MEA,"Middle East, North Africa, Afghanistan & Pakistan",2016,8.07484104448856
MEA,"Middle East, North Africa, Afghanistan & Pakistan",2015,8.36391402124447
MEA,"Middle East, North Africa, Afghanistan & Pakistan",2014,7.6447924712629
MEA,"Middle East, North Africa, Afghanistan & Pakistan",2013,7.92949830432798
MEA,"Middle East, North Africa, Afghanistan & Pakistan",2012,8.34716998400222
MEA,"Middle East, North Africa, Afghanistan & Pakistan",2011,7.23291287147858
MEA,"Middle East, North Africa, Afghanistan & Pakistan",2010,6.85497900968114
MEA,"Middle East, North Africa, Afghanistan & Pakistan",2009,6.71205646358504
MEA,"Middle East, North Africa, Afghanistan & Pakistan",2008,6.58349916553751
MEA,"Middle East, North Africa, Afghanistan & Pakistan",2007,6.81944574522502
MEA,"Middle East, North Africa, Afghanistan & Pakistan",2006,7.22131232301538
MEA,"Middle East, North Africa, Afghanistan & Pakistan",2005,7.65825065984446
MEA,"Middle East, North Africa, Afghanistan & Pakistan",2004,7.55392179293235
MEA,"Middle East, North Africa, Afghanistan & Pakistan",2003,8.30876134247653
MEA,"Middle East, North Africa, Afghanistan & Pakistan",2002,8.49640444104174
MEA,"Middle East, North Africa, Afghanistan & Pakistan",2001,8.43347969250442
MEA,"Middle East, North Africa, Afghanistan & Pakistan",2000,8.42365049272417
MNA,"Middle East, North Africa, Afghanistan & Pakistan (excluding high income)",2024,8.88964406729558
MNA,"Middle East, North Africa, Afghanistan & Pakistan (excluding high income)",2023,8.91907614245528
MNA,"Middle East, North Africa, Afghanistan & Pakistan (excluding high income)",2022,9.14578482177534
MNA,"Middle East, North Africa, Afghanistan & Pakistan (excluding high income)",2021,9.71798229506527
MNA,"Middle East, North Africa, Afghanistan & Pakistan (excluding high income)",2020,9.84929376390015
MNA,"Middle East, North Africa, Afghanistan & Pakistan (excluding high income)",2019,9.06863358861821
MNA,"Middle East, North Africa, Afghanistan & Pakistan (excluding high income)",2018,9.28717424735234
MNA,"Middle East, North Africa, Afghanistan & Pakistan (excluding high income)",2017,9.25655934010819
MNA,"Middle East, North Africa, Afghanistan & Pakistan (excluding high income)",2016,8.75509697935282
MNA,"Middle East, North Africa, Afghanistan & Pakistan (excluding high income)",2015,9.0493766192428
MNA,"Middle East, North Africa, Afghanistan & Pakistan (excluding high income)",2014,8.14748466087832
MNA,"Middle East, North Africa, Afghanistan & Pakistan (excluding high income)",2013,8.46078673520129
MNA,"Middle East, North Africa, Afghanistan & Pakistan (excluding high income)",2012,8.88870328463669
MNA,"Middle East, North Africa, Afghanistan & Pakistan (excluding high income)",2011,7.57824275611375
MNA,"Middle East, North Africa, Afghanistan & Pakistan (excluding high income)",2010,7.12093020637766
MNA,"Middle East, North Africa, Afghanistan & Pakistan (excluding high income)",2009,6.94556551783072
MNA,"Middle East, North Africa, Afghanistan & Pakistan (excluding high income)",2008,6.84316326711223
MNA,"Middle East, North Africa, Afghanistan & Pakistan (excluding high income)",2007,7.01719474058021
MNA,"Middle East, North Africa, Afghanistan & Pakistan (excluding high income)",2006,7.39103017430245
MNA,"Middle East, North Africa, Afghanistan & Pakistan (excluding high income)",2005,7.8494722326067
MNA,"Middle East, North Africa, Afghanistan & Pakistan (excluding high income)",2004,7.70124640806126
MNA,"Middle East, North Africa, Afghanistan & Pakistan (excluding high income)",2003,8.52899180087148
MNA,"Middle East, North Africa, Afghanistan & Pakistan (excluding high income)",2002,8.75769176433919
MNA,"Middle East, North Africa, Afghanistan & Pakistan (excluding high income)",2001,8.72773359280116
MNA,"Middle East, North Africa, Afghanistan & Pakistan (excluding high income)",2000,8.72688772666045
TMN,"Middle East, North Africa, Afghanistan & Pakistan (IDA & IBRD)",2024,8.88964406729558
TMN,"Middle East, North Africa, Afghanistan & Pakistan (IDA & IBRD)",2023,8.91907614245528
TMN,"Middle East, North Africa, Afghanistan & Pakistan (IDA & IBRD)",2022,9.0450147693182
TMN,"Middle East, North Africa, Afghanistan & Pakistan (IDA & IBRD)",2021,9.6131462683231
TMN,"Middle East, North Africa, Afghanistan & Pakistan (IDA & IBRD)",2020,9.75371979626131
TMN,"Middle East, North Africa, Afghanistan & Pakistan (IDA & IBRD)",2019,8.96706656274344
TMN,"Middle East, North Africa, Afghanistan & Pakistan (IDA & IBRD)",2018,9.18412651966035
TMN,"Middle East, North Africa, Afghanistan & Pakistan (IDA & IBRD)",2017,9.15719119395182
TMN,"Middle East, North Africa, Afghanistan & Pakistan (IDA & IBRD)",2016,8.66473993207583
TMN,"Middle East, North Africa, Afghanistan & Pakistan (IDA & IBRD)",2015,8.96675665236927
TMN,"Middle East, North Africa, Afghanistan & Pakistan (IDA & IBRD)",2014,8.07789982220357
TMN,"Middle East, North Africa, Afghanistan & Pakistan (IDA & IBRD)",2013,8.39803170756744
TMN,"Middle East, North Africa, Afghanistan & Pakistan (IDA & IBRD)",2012,8.83294357656985
TMN,"Middle East, North Africa, Afghanistan & Pakistan (IDA & IBRD)",2011,7.52505958378966
TMN,"Middle East, North Africa, Afghanistan & Pakistan (IDA & IBRD)",2010,7.04902894071952
TMN,"Middle East, North Africa, Afghanistan & Pakistan (IDA & IBRD)",2009,6.87878016649715
TMN,"Middle East, North Africa, Afghanistan & Pakistan (IDA & IBRD)",2008,6.76445601841533
TMN,"Middle East, North Africa, Afghanistan & Pakistan (IDA & IBRD)",2007,6.96244023677181
TMN,"Middle East, North Africa, Afghanistan & Pakistan (IDA & IBRD)",2006,7.33683499171053
TMN,"Middle East, North Africa, Afghanistan & Pakistan (IDA & IBRD)",2005,7.79327111184214
TMN,"Middle East, North Africa, Afghanistan & Pakistan (IDA & IBRD)",2004,7.63063107105577
TMN,"Middle East, North Africa, Afghanistan & Pakistan (IDA & IBRD)",2003,8.46215380807294
TMN,"Middle East, North Africa, Afghanistan & Pakistan (IDA & IBRD)",2002,8.67775686726868
TMN,"Middle East, North Africa, Afghanistan & Pakistan (IDA & IBRD)",2001,8.67272076903608
TMN,"Middle East, North Africa, Afghanistan & Pakistan (IDA & IBRD)",2000,8.71795660306332
MIC,Middle income,2024,5.03729410307044
MIC,Middle income,2023,5.07130646251323
MIC,Middle income,2022,5.48416887610184
MIC,Middle income,2021,6.23172076635192
MIC,Middle income,2020,6.73502937586073
MIC,Middle income,2019,5.88573671715386
MIC,Middle income,2018,6.03451477144987
MIC,Middle income,2017,6.08058072656873
MIC,Middle income,2016,6.03647644591292
MIC,Middle income,2015,5.95520037319164
MIC,Middle income,2014,5.76696469638959
MIC,Middle income,2013,5.78993504084756
MIC,Middle income,2012,5.82089580714213
MIC,Middle income,2011,5.79465778291785
MIC,Middle income,2010,5.8630492149064
MIC,Middle income,2009,6.09938671106268
MIC,Middle income,2008,5.8872966224633
MIC,Middle income,2007,5.88378519714051
MIC,Middle income,2006,5.97443584583588
MIC,Middle income,2005,6.16699303335848
MIC,Middle income,2004,6.18863858020801
MIC,Middle income,2003,6.31702175983668
MIC,Middle income,2002,6.25572400756497
MIC,Middle income,2001,6.0504921733429
MIC,Middle income,2000,5.88369075893232
NAC,North America,2024,4.37803269034256
NAC,North America,2023,3.84073751321764
NAC,North America,2022,3.83303148633239
NAC,North America,2021,5.59210979982087
NAC,North America,2020,8.23059990715153
NAC,North America,2019,3.890566885067
NAC,North America,2018,4.10721429919148
NAC,North America,2017,4.57971738602629
NAC,North America,2016,5.10340701910414
NAC,North America,2015,5.4606408215288
NAC,North America,2014,6.26083245211775
NAC,North America,2013,7.34976348971497
NAC,North America,2012,7.99588953313322
NAC,North America,2011,8.80784798616693
NAC,North America,2010,9.47758645184374
NAC,North America,2009,9.16994852137916
NAC,North America,2008,5.83652846325955
NAC,North America,2007,4.78243165759455
NAC,North America,2006,4.81614395081572
NAC,North America,2005,5.25750859640354
NAC,North America,2004,5.70124819512877
NAC,North America,2003,6.15326151532504
NAC,North America,2002,5.97486412366027
NAC,North America,2001,4.97961964201139
NAC,North America,2000,4.27316817166147
OED,OECD members,2024,4.90604918113983
OED,OECD members,2023,4.82668656090304
OED,OECD members,2022,4.98748164975021
OED,OECD members,2021,6.1932467809272
OED,OECD members,2020,7.15060604516315
OED,OECD members,2019,5.38836710225049
OED,OECD members,2018,5.47670371615499
OED,OECD members,2017,5.91549282646415
OED,OECD members,2016,6.4323263145077
OED,OECD members,2015,6.85549826253017
OED,OECD members,2014,7.4083510536305
OED,OECD members,2013,7.9862535059651
OED,OECD members,2012,8.10091624876963
OED,OECD members,2011,8.11763477556162
OED,OECD members,2010,8.51487068018885
OED,OECD members,2009,8.37829865486612
OED,OECD members,2008,6.20345473101714
OED,OECD members,2007,5.88615307721628
OED,OECD members,2006,6.34243532040212
OED,OECD members,2005,6.82980813146613
OED,OECD members,2004,7.17286822314695
OED,OECD members,2003,7.27360910815385
OED,OECD members,2002,7.1399456971387
OED,OECD members,2001,6.61935054527954
OED,OECD members,2000,6.71539711222802
OSS,Other small states,2024,8.42835126637849
OSS,Other small states,2023,8.43569113968255
OSS,Other small states,2022,8.78777403836868
OSS,Other small states,2021,9.44212639660639
OSS,Other small states,2020,9.92399055106642
OSS,Other small states,2019,8.32651485903715
OSS,Other small states,2018,8.75857755591488
OSS,Other small states,2017,9.25877632700963
OSS,Other small states,2016,9.70223948505676
OSS,Other small states,2015,9.9956444757919
OSS,Other small states,2014,10.4619996031783
OSS,Other small states,2013,10.7680988187154
OSS,Other small states,2012,10.5325717269013
OSS,Other small states,2011,10.5292398177405
OSS,Other small states,2010,11.1278847172681
OSS,Other small states,2009,10.729863322166
OSS,Other small states,2008,8.87232548956314
OSS,Other small states,2007,9.05878802820282
OSS,Other small states,2006,9.68991787099098
OSS,Other small states,2005,10.5068034923477
OSS,Other small states,2004,10.6324817354858
OSS,Other small states,2003,10.6435034690251
OSS,Other small states,2002,10.2560199642635
OSS,Other small states,2001,10.9520871210997
OSS,Other small states,2000,11.0263212491537
PSS,Pacific island small states,2024,3.1400708014776
PSS,Pacific island small states,2023,3.18108550777285
PSS,Pacific island small states,2022,3.26376412674194
PSS,Pacific island small states,2021,3.18377728754444
PSS,Pacific island small states,2020,3.17937127710219
PSS,Pacific island small states,2019,3.21394324925117
PSS,Pacific island small states,2018,3.27563360735952
PSS,Pacific island small states,2017,3.36772015164207
PSS,Pacific island small states,2016,3.37055657306124
PSS,Pacific island small states,2015,3.38209145071285
PSS,Pacific island small states,2014,3.40086552977605
PSS,Pacific island small states,2013,3.42909052402725
PSS,Pacific island small states,2012,3.54931121864559
PSS,Pacific island small states,2011,3.44531957197195
PSS,Pacific island small states,2010,3.50620034965321
PSS,Pacific island small states,2009,3.60583093381717
PSS,Pacific island small states,2008,3.66277533564379
PSS,Pacific island small states,2007,3.76053041512131
PSS,Pacific island small states,2006,3.81596429114785
PSS,Pacific island small states,2005,3.84431242747139
PSS,Pacific island small states,2004,4.34717323461528
PSS,Pacific island small states,2003,4.51735002076316
PSS,Pacific island small states,2002,4.62060117504242
PSS,Pacific island small states,2001,4.52736511167007
PSS,Pacific island small states,2000,4.41758167634957
PST,Post-demographic dividend,2024,4.63490050303173
PST,Post-demographic dividend,2023,4.46746332357827
PST,Post-demographic dividend,2022,4.51723738560728
PST,Post-demographic dividend,2021,5.80367198892416
PST,Post-demographic dividend,2020,6.72755283833562
PST,Post-demographic dividend,2019,4.94120866062315
PST,Post-demographic dividend,2018,5.29692564326402
PST,Post-demographic dividend,2017,5.84858451769472
PST,Post-demographic dividend,2016,6.40939893395146
PST,Post-demographic dividend,2015,6.88321186520209
PST,Post-demographic dividend,2014,7.46149391332047
PST,Post-demographic dividend,2013,7.99359933869061
PST,Post-demographic dividend,2012,8.11576608458466
PST,Post-demographic dividend,2011,8.05897811947472
PST,Post-demographic dividend,2010,8.34475295912791
PST,Post-demographic dividend,2009,8.06977814854251
PST,Post-demographic dividend,2008,5.8998512918332
PST,Post-demographic dividend,2007,5.56862575688478
PST,Post-demographic dividend,2006,5.990189094555
PST,Post-demographic dividend,2005,6.40587796091292
PST,Post-demographic dividend,2004,6.67143280696036
PST,Post-demographic dividend,2003,6.86150604984552
PST,Post-demographic dividend,2002,6.77525180433419
PST,Post-demographic dividend,2001,6.38204713403136
PST,Post-demographic dividend,2000,6.53497084664272
PRE,Pre-demographic dividend,2024,4.5643996480652
PRE,Pre-demographic dividend,2023,4.7006079328224
PRE,Pre-demographic dividend,2022,5.002037370392
PRE,Pre-demographic dividend,2021,5.82347555930522
PRE,Pre-demographic dividend,2020,5.96007768628016
PRE,Pre-demographic dividend,2019,5.42309463719319
PRE,Pre-demographic dividend,2018,5.35138602677923
PRE,Pre-demographic dividend,2017,5.28460931909098
PRE,Pre-demographic dividend,2016,5.02089106580963
PRE,Pre-demographic dividend,2015,4.93719170079883
PRE,Pre-demographic dividend,2014,4.85983538761961
PRE,Pre-demographic dividend,2013,4.87145374854621
PRE,Pre-demographic dividend,2012,5.05832362422156
PRE,Pre-demographic dividend,2011,5.15144102764935
PRE,Pre-demographic dividend,2010,5.09948599044902
PRE,Pre-demographic dividend,2009,4.90483524144252
PRE,Pre-demographic dividend,2008,4.87564079411637
PRE,Pre-demographic dividend,2007,4.87990854311306
PRE,Pre-demographic dividend,2006,4.91968270930922
PRE,Pre-demographic dividend,2005,4.94170598396397
PRE,Pre-demographic dividend,2004,4.97351590533429
PRE,Pre-demographic dividend,2003,5.05616718801451
PRE,Pre-demographic dividend,2002,5.08169612714231
PRE,Pre-demographic dividend,2001,5.12822077808316
PRE,Pre-demographic dividend,2000,5.14246869302464
SST,Small states,2024,7.56700147625526
SST,Small states,2023,7.6698267520013
SST,Small states,2022,8.04039111683461
SST,Small states,2021,8.72082538333154
SST,Small states,2020,9.11283654873109
SST,Small states,2019,7.69114842257148
SST,Small states,2018,8.03500355150924
SST,Small states,2017,8.3160620718913
SST,Small states,2016,8.6652955889096
SST,Small states,2015,8.77737734641461
SST,Small states,2014,9.16548101538691
SST,Small states,2013,9.42121433337902
SST,Small states,2012,9.30843122726105
SST,Small states,2011,9.24744925614147
SST,Small states,2010,9.63635203632562
SST,Small states,2009,9.49045809768783
SST,Small states,2008,7.99929891372552
SST,Small states,2007,8.21151774869796
SST,Small states,2006,8.74190535147062
SST,Small states,2005,9.58944393613101
SST,Small states,2004,9.80196449534085
SST,Small states,2003,10.1514052331923
SST,Small states,2002,9.85718963705435
SST,Small states,2001,10.2502729377571
SST,Small states,2000,10.4312985611267
SAS,South Asia,2024,4.34169478016955
SAS,South Asia,2023,4.30525176596245
SAS,South Asia,2022,4.86939303422721
SAS,South Asia,2021,6.31491744065143
SAS,South Asia,2020,7.61279541968533
SAS,South Asia,2019,6.29818732290556
SAS,South Asia,2018,7.27732361933033
SAS,South Asia,2017,7.24285531206769
SAS,South Asia,2016,7.24257568376138
SAS,South Asia,2015,7.27520961888065
SAS,South Asia,2014,7.30971277654185
SAS,South Asia,2013,7.34259938893269
SAS,South Asia,2012,7.25563099986403
SAS,South Asia,2011,7.18076513949419
SAS,South Asia,2010,7.18135687960395
SAS,South Asia,2009,7.38712070830336
SAS,South Asia,2008,7.31884202003306
SAS,South Asia,2007,7.20195680088499
SAS,South Asia,2006,7.16049652159206
SAS,South Asia,2005,7.24934458725831
SAS,South Asia,2004,7.33040099588789
SAS,South Asia,2003,7.37495745147481
SAS,South Asia,2002,7.40892084951567
SAS,South Asia,2001,7.26926147600098
SAS,South Asia,2000,7.20741819718825
TSA,South Asia (IDA & IBRD),2024,4.34169478016955
TSA,South Asia (IDA & IBRD),2023,4.30525176596245
TSA,South Asia (IDA & IBRD),2022,4.86939303422721
TSA,South Asia (IDA & IBRD),2021,6.31491744065143
TSA,South Asia (IDA & IBRD),2020,7.61279541968533
TSA,South Asia (IDA & IBRD),2019,6.29818732290556
TSA,South Asia (IDA & IBRD),2018,7.27732361933033
TSA,South Asia (IDA & IBRD),2017,7.24285531206769
TSA,South Asia (IDA & IBRD),2016,7.24257568376138
TSA,South Asia (IDA & IBRD),2015,7.27520961888065
TSA,South Asia (IDA & IBRD),2014,7.30971277654185
TSA,South Asia (IDA & IBRD),2013,7.34259938893269
TSA,South Asia (IDA & IBRD),2012,7.25563099986403
TSA,South Asia (IDA & IBRD),2011,7.18076513949419
TSA,South Asia (IDA & IBRD),2010,7.18135687960395
TSA,South Asia (IDA & IBRD),2009,7.38712070830336
TSA,South Asia (IDA & IBRD),2008,7.31884202003306
TSA,South Asia (IDA & IBRD),2007,7.20195680088499
TSA,South Asia (IDA & IBRD),2006,7.16049652159206
TSA,South Asia (IDA & IBRD),2005,7.2493445872583
TSA,South Asia (IDA & IBRD),2004,7.33040099588789
TSA,South Asia (IDA & IBRD),2003,7.37495745147481
TSA,South Asia (IDA & IBRD),2002,7.40892084951567
TSA,South Asia (IDA & IBRD),2001,7.26926147600098
TSA,South Asia (IDA & IBRD),2000,7.20741819718825
SSF,Sub-Saharan Africa,2024,5.82352963342453
SSF,Sub-Saharan Africa,2023,5.88775732180003
SSF,Sub-Saharan Africa,2022,6.19801853183662
SSF,Sub-Saharan Africa,2021,6.9876633959167
SSF,Sub-Saharan Africa,2020,6.803309525677
SSF,Sub-Saharan Africa,2019,6.2679212107601
SSF,Sub-Saharan Africa,2018,6.10632797505626
SSF,Sub-Saharan Africa,2017,6.07750640915143
SSF,Sub-Saharan Africa,2016,5.94167376890049
SSF,Sub-Saharan Africa,2015,5.85502520009926
SSF,Sub-Saharan Africa,2014,5.68478814422323
SSF,Sub-Saharan Africa,2013,5.63909163230502
SSF,Sub-Saharan Africa,2012,5.86268616241881
SSF,Sub-Saharan Africa,2011,5.99794499838192
SSF,Sub-Saharan Africa,2010,5.98391462400052
SSF,Sub-Saharan Africa,2009,5.8462403600109
SSF,Sub-Saharan Africa,2008,5.78696446868704
SSF,Sub-Saharan Africa,2007,5.79344921286178
SSF,Sub-Saharan Africa,2006,5.83613435279527
SSF,Sub-Saharan Africa,2005,5.92348756573701
SSF,Sub-Saharan Africa,2004,6.02286521636931
SSF,Sub-Saharan Africa,2003,6.16858501848866
SSF,Sub-Saharan Africa,2002,6.23732127397936
SSF,Sub-Saharan Africa,2001,6.34143297444931
SSF,Sub-Saharan Africa,2000,6.43551093234137
SSA,Sub-Saharan Africa (excluding high income),2024,6.11345685595871
SSA,Sub-Saharan Africa (excluding high income),2023,6.18145608112511
SSA,Sub-Saharan Africa (excluding high income),2022,6.5221629747893
SSA,Sub-Saharan Africa (excluding high income),2021,7.34354021984689
SSA,Sub-Saharan Africa (excluding high income),2020,7.13766119717959
SSA,Sub-Saharan Africa (excluding high income),2019,6.67205825988269
SSA,Sub-Saharan Africa (excluding high income),2018,6.5114416268507
SSA,Sub-Saharan Africa (excluding high income),2017,6.50236338418262
SSA,Sub-Saharan Africa (excluding high income),2016,6.36651364149837
SSA,Sub-Saharan Africa (excluding high income),2015,6.28769454104184
SSA,Sub-Saharan Africa (excluding high income),2014,6.11103054888978
SSA,Sub-Saharan Africa (excluding high income),2013,6.07493493087422
SSA,Sub-Saharan Africa (excluding high income),2012,6.32198183902121
SSA,Sub-Saharan Africa (excluding high income),2011,6.46674509508785
SSA,Sub-Saharan Africa (excluding high income),2010,6.44517898572217
SSA,Sub-Saharan Africa (excluding high income),2009,6.27933526684852
SSA,Sub-Saharan Africa (excluding high income),2008,6.20706100243538
SSA,Sub-Saharan Africa (excluding high income),2007,6.20867009522794
SSA,Sub-Saharan Africa (excluding high income),2006,6.25225679459257
SSA,Sub-Saharan Africa (excluding high income),2005,6.32974173268449
SSA,Sub-Saharan Africa (excluding high income),2004,6.40673283691414
SSA,Sub-Saharan Africa (excluding high income),2003,6.54075529848913
SSA,Sub-Saharan Africa (excluding high income),2002,6.60824820548621
SSA,Sub-Saharan Africa (excluding high income),2001,6.70938197520792
SSA,Sub-Saharan Africa (excluding high income),2000,6.77607559206987
TSS,Sub-Saharan Africa (IDA & IBRD countries),2024,5.82352963342453
TSS,Sub-Saharan Africa (IDA & IBRD countries),2023,5.88775732180003
TSS,Sub-Saharan Africa (IDA & IBRD countries),2022,6.19801853183662
TSS,Sub-Saharan Africa (IDA & IBRD countries),2021,6.9876633959167
TSS,Sub-Saharan Africa (IDA & IBRD countries),2020,6.803309525677
TSS,Sub-Saharan Africa (IDA & IBRD countries),2019,6.2679212107601
TSS,Sub-Saharan Africa (IDA & IBRD countries),2018,6.10632797505626
TSS,Sub-Saharan Africa (IDA & IBRD countries),2017,6.07750640915143
TSS,Sub-Saharan Africa (IDA & IBRD countries),2016,5.94167376890049
TSS,Sub-Saharan Africa (IDA & IBRD countries),2015,5.85502520009926
TSS,Sub-Saharan Africa (IDA & IBRD countries),2014,5.68478814422323
TSS,Sub-Saharan Africa (IDA & IBRD countries),2013,5.63909163230502
TSS,Sub-Saharan Africa (IDA & IBRD countries),2012,5.86268616241881
TSS,Sub-Saharan Africa (IDA & IBRD countries),2011,5.99794499838192
TSS,Sub-Saharan Africa (IDA & IBRD countries),2010,5.98391462400052
TSS,Sub-Saharan Africa (IDA & IBRD countries),2009,5.8462403600109
TSS,Sub-Saharan Africa (IDA & IBRD countries),2008,5.78696446868704
TSS,Sub-Saharan Africa (IDA & IBRD countries),2007,5.79344921286178
TSS,Sub-Saharan Africa (IDA & IBRD countries),2006,5.83613435279527
TSS,Sub-Saharan Africa (IDA & IBRD countries),2005,5.92348756573701
TSS,Sub-Saharan Africa (IDA & IBRD countries),2004,6.02286521636931
TSS,Sub-Saharan Africa (IDA & IBRD countries),2003,6.16858501848866
TSS,Sub-Saharan Africa (IDA & IBRD countries),2002,6.23732127397936
TSS,Sub-Saharan Africa (IDA & IBRD countries),2001,6.34143297444931
TSS,Sub-Saharan Africa (IDA & IBRD countries),2000,6.43551093234137
WLD,World,2024,4.89145022830775
WLD,World,2023,4.91591850673826
WLD,World,2022,5.26065959317207
WLD,World,2021,6.06432744368016
WLD,World,2020,6.60899733931892
WLD,World,2019,5.59832702067321
WLD,World,2018,5.76822319767346
WLD,World,2017,5.90633669468431
WLD,World,2016,5.97741387230325
WLD,World,2015,6.0057537674447
WLD,World,2014,5.96527696883228
WLD,World,2013,6.10718936442262
WLD,World,2012,6.16014528673695
WLD,World,2011,6.15719558247294
WLD,World,2010,6.28651108706876
WLD,World,2009,6.4196954524381
WLD,World,2008,5.83235587932696
WLD,World,2007,5.77755042637603
WLD,World,2006,5.97627855172262
WLD,World,2005,6.22716961910876
WLD,World,2004,6.33762684871413
WLD,World,2003,6.49552474826159
WLD,World,2002,6.42825656435428
WLD,World,2001,6.20224785742248
WLD,World,2000,6.12304074094227
AFG,Afghanistan,2024,13.295
AFG,Afghanistan,2023,13.991
AFG,Afghanistan,2022,14.1
AFG,Afghanistan,2021,11.994
AFG,Afghanistan,2020,11.71
AFG,Afghanistan,2019,11.185
AFG,Afghanistan,2018,11.196
AFG,Afghanistan,2017,11.184
AFG,Afghanistan,2016,10.133
AFG,Afghanistan,2015,9.052
AFG,Afghanistan,2014,7.915
AFG,Afghanistan,2013,7.93
AFG,Afghanistan,2012,7.856
AFG,Afghanistan,2011,7.784
AFG,Afghanistan,2010,7.753
AFG,Afghanistan,2009,7.754
AFG,Afghanistan,2008,7.878
AFG,Afghanistan,2007,7.817
AFG,Afghanistan,2006,7.914
AFG,Afghanistan,2005,7.885
AFG,Afghanistan,2004,7.899
AFG,Afghanistan,2003,7.88
AFG,Afghanistan,2002,7.93
AFG,Afghanistan,2001,7.953
AFG,Afghanistan,2000,7.935
ALB,Albania,2024,10.25
ALB,Albania,2023,10.108
ALB,Albania,2022,10.137
ALB,Albania,2021,11.474
ALB,Albania,2020,11.69
ALB,Albania,2019,11.466
ALB,Albania,2018,12.304
ALB,Albania,2017,13.616
ALB,Albania,2016,15.418
ALB,Albania,2015,17.193
ALB,Albania,2014,18.055
ALB,Albania,2013,15.866
ALB,Albania,2012,13.376
ALB,Albania,2011,13.481
ALB,Albania,2010,14.086
ALB,Albania,2009,13.674
ALB,Albania,2008,13.06
ALB,Albania,2007,15.966
ALB,Albania,2006,15.626
ALB,Albania,2005,15.966
ALB,Albania,2004,16.306
ALB,Albania,2003,16.985
ALB,Albania,2002,17.891
ALB,Albania,2001,18.57
ALB,Albania,2000,19.023
DZA,Algeria,2024,11.427
DZA,Algeria,2023,11.701
DZA,Algeria,2022,12.346
DZA,Algeria,2021,13.63
DZA,Algeria,2020,14.057
DZA,Algeria,2019,12.259
DZA,Algeria,2018,12.137
DZA,Algeria,2017,12.0
DZA,Algeria,2016,10.202
DZA,Algeria,2015,11.206
DZA,Algeria,2014,10.207
DZA,Algeria,2013,9.82
DZA,Algeria,2012,10.97
DZA,Algeria,2011,9.96
DZA,Algeria,2010,9.96
DZA,Algeria,2009,10.16
DZA,Algeria,2008,11.33
DZA,Algeria,2007,13.79
DZA,Algeria,2006,12.27
DZA,Algeria,2005,15.27
DZA,Algeria,2004,17.65
DZA,Algeria,2003,23.72
DZA,Algeria,2002,25.9
DZA,Algeria,2001,27.3
DZA,Algeria,2000,29.77
ASM,American Samoa,2024,
ASM,American Samoa,2023,
ASM,American Samoa,2022,
ASM,American Samoa,2021,
ASM,American Samoa,2020,
ASM,American Samoa,2019,
ASM,American Samoa,2018,
ASM,American Samoa,2017,
ASM,American Samoa,2016,
ASM,American Samoa,2015,
ASM,American Samoa,2014,
ASM,American Samoa,2013,
ASM,American Samoa,2012,
ASM,American Samoa,2011,
ASM,American Samoa,2010,
ASM,American Samoa,2009,
ASM,American Samoa,2008,
ASM,American Samoa,2007,
ASM,American Samoa,2006,
ASM,American Samoa,2005,
ASM,American Samoa,2004,
ASM,American Samoa,2003,
ASM,American Samoa,2002,
ASM,American Samoa,2001,
ASM,American Samoa,2000,
AND,Andorra,2024,
AND,Andorra,2023,
AND,Andorra,2022,
AND,Andorra,2021,
AND,Andorra,2020,
AND,Andorra,2019,
AND,Andorra,2018,
AND,Andorra,2017,
AND,Andorra,2016,
AND,Andorra,2015,
AND,Andorra,2014,
AND,Andorra,2013,
AND,Andorra,2012,
AND,Andorra,2011,
AND,Andorra,2010,
AND,Andorra,2009,
AND,Andorra,2008,
AND,Andorra,2007,
AND,Andorra,2006,
AND,Andorra,2005,
AND,Andorra,2004,
AND,Andorra,2003,
AND,Andorra,2002,
AND,Andorra,2001,
AND,Andorra,2000,
AGO,Angola,2024,14.464
AGO,Angola,2023,14.537
AGO,Angola,2022,14.602
AGO,Angola,2021,15.799
AGO,Angola,2020,16.69
AGO,Angola,2019,16.497
AGO,Angola,2018,16.594
AGO,Angola,2017,16.61
AGO,Angola,2016,16.575
AGO,Angola,2015,16.49
AGO,Angola,2014,16.406
AGO,Angola,2013,16.492
AGO,Angola,2012,16.562
AGO,Angola,2011,16.77
AGO,Angola,2010,16.618
AGO,Angola,2009,16.431
AGO,Angola,2008,16.228
AGO,Angola,2007,16.153
AGO,Angola,2006,16.206
AGO,Angola,2005,16.36
AGO,Angola,2004,16.378
AGO,Angola,2003,16.498
AGO,Angola,2002,16.488
AGO,Angola,2001,16.7
AGO,Angola,2000,16.682
ATG,Antigua and Barbuda,2024,
ATG,Antigua and Barbuda,2023,
ATG,Antigua and Barbuda,2022,
ATG,Antigua and Barbuda,2021,
ATG,Antigua and Barbuda,2020,
ATG,Antigua and Barbuda,2019,
ATG,Antigua and Barbuda,2018,
ATG,Antigua and Barbuda,2017,
ATG,Antigua and Barbuda,2016,
ATG,Antigua and Barbuda,2015,
ATG,Antigua and Barbuda,2014,
ATG,Antigua and Barbuda,2013,
ATG,Antigua and Barbuda,2012,
ATG,Antigua and Barbuda,2011,
ATG,Antigua and Barbuda,2010,
ATG,Antigua and Barbuda,2009,
ATG,Antigua and Barbuda,2008,
ATG,Antigua and Barbuda,2007,
ATG,Antigua and Barbuda,2006,
ATG,Antigua and Barbuda,2005,
ATG,Antigua and Barbuda,2004,
ATG,Antigua and Barbuda,2003,
ATG,Antigua and Barbuda,2002,
ATG,Antigua and Barbuda,2001,
ATG,Antigua and Barbuda,2000,
ARG,Argentina,2024,7.876
ARG,Argentina,2023,6.139
ARG,Argentina,2022,6.805
ARG,Argentina,2021,8.736
ARG,Argentina,2020,11.461
ARG,Argentina,2019,9.843
ARG,Argentina,2018,9.22
ARG,Argentina,2017,8.347
ARG,Argentina,2016,8.085
ARG,Argentina,2015,7.579
ARG,Argentina,2014,7.268
ARG,Argentina,2013,7.1
ARG,Argentina,2012,7.217
ARG,Argentina,2011,7.18
ARG,Argentina,2010,7.714
ARG,Argentina,2009,8.645
ARG,Argentina,2008,7.837
ARG,Argentina,2007,8.47
ARG,Argentina,2006,10.078
ARG,Argentina,2005,11.506
ARG,Argentina,2004,13.522
ARG,Argentina,2003,15.36
ARG,Argentina,2002,19.59
ARG,Argentina,2001,17.32
ARG,Argentina,2000,15.0
ARM,Armenia,2024,13.329
ARM,Armenia,2023,13.245
ARM,Armenia,2022,13.379
ARM,Armenia,2021,15.469
ARM,Armenia,2020,18.175
ARM,Armenia,2019,18.304
ARM,Armenia,2018,18.966
ARM,Armenia,2017,17.704
ARM,Armenia,2016,17.617
ARM,Armenia,2015,18.261
ARM,Armenia,2014,17.498
ARM,Armenia,2013,16.576
ARM,Armenia,2012,17.511
ARM,Armenia,2011,18.884
ARM,Armenia,2010,19.523
ARM,Armenia,2009,19.295
ARM,Armenia,2008,17.1
ARM,Armenia,2007,10.394
ARM,Armenia,2006,10.465
ARM,Armenia,2005,10.54
ARM,Armenia,2004,10.617
ARM,Armenia,2003,10.705
ARM,Armenia,2002,10.833
ARM,Armenia,2001,10.992
ARM,Armenia,2000,11.095
ABW,Aruba,2024,
ABW,Aruba,2023,
ABW,Aruba,2022,
ABW,Aruba,2021,
ABW,Aruba,2020,
ABW,Aruba,2019,
ABW,Aruba,2018,
ABW,Aruba,2017,
ABW,Aruba,2016,
ABW,Aruba,2015,
ABW,Aruba,2014,
ABW,Aruba,2013,
ABW,Aruba,2012,
ABW,Aruba,2011,
ABW,Aruba,2010,
ABW,Aruba,2009,
ABW,Aruba,2008,
ABW,Aruba,2007,
ABW,Aruba,2006,
ABW,Aruba,2005,
ABW,Aruba,2004,
ABW,Aruba,2003,
ABW,Aruba,2002,
ABW,Aruba,2001,
ABW,Aruba,2000,
AUS,Australia,2024,4.072
AUS,Australia,2023,3.668
AUS,Australia,2022,3.728
AUS,Australia,2021,5.116
AUS,Australia,2020,6.456
AUS,Australia,2019,5.159
AUS,Australia,2018,5.3
AUS,Australia,2017,5.592
AUS,Australia,2016,5.711
AUS,Australia,2015,6.055
AUS,Australia,2014,6.078
AUS,Australia,2013,5.663
AUS,Australia,2012,5.225
AUS,Australia,2011,5.083
AUS,Australia,2010,5.214
AUS,Australia,2009,5.565
AUS,Australia,2008,4.242
AUS,Australia,2007,4.381
AUS,Australia,2006,4.785
AUS,Australia,2005,5.036
AUS,Australia,2004,5.399
AUS,Australia,2003,5.933
AUS,Australia,2002,6.375
AUS,Australia,2001,6.747
AUS,Australia,2000,6.288
AUT,Austria,2024,5.439
AUT,Austria,2023,5.264
AUT,Austria,2022,4.992
AUT,Austria,2021,6.459
AUT,Austria,2020,5.201
AUT,Austria,2019,4.56
AUT,Austria,2018,4.933
AUT,Austria,2017,5.561
AUT,Austria,2016,6.064
AUT,Austria,2015,5.802
AUT,Austria,2014,5.674
AUT,Austria,2013,5.367
AUT,Austria,2012,4.909
AUT,Austria,2011,4.637
AUT,Austria,2010,4.883
AUT,Austria,2009,5.371
AUT,Austria,2008,4.198
AUT,Austria,2007,4.909
AUT,Austria,2006,5.32
AUT,Austria,2005,5.682
AUT,Austria,2004,5.969
AUT,Austria,2003,4.779
AUT,Austria,2002,4.852
AUT,Austria,2001,4.007
AUT,Austria,2000,4.687
AZE,Azerbaijan,2024,5.594
AZE,Azerbaijan,2023,5.636
AZE,Azerbaijan,2022,5.65
AZE,Azerbaijan,2021,6.04
AZE,Azerbaijan,2020,7.24
AZE,Azerbaijan,2019,5.0
AZE,Azerbaijan,2018,4.9
AZE,Azerbaijan,2017,5.0
AZE,Azerbaijan,2016,5.0
AZE,Azerbaijan,2015,4.96
AZE,Azerbaijan,2014,4.91
AZE,Azerbaijan,2013,4.97
AZE,Azerbaijan,2012,5.19
AZE,Azerbaijan,2011,5.42
AZE,Azerbaijan,2010,5.63
AZE,Azerbaijan,2009,5.74
AZE,Azerbaijan,2008,5.86
AZE,Azerbaijan,2007,6.33
AZE,Azerbaijan,2006,6.62
AZE,Azerbaijan,2005,7.26
AZE,Azerbaijan,2004,7.99
AZE,Azerbaijan,2003,9.17
AZE,Azerbaijan,2002,10.04
AZE,Azerbaijan,2001,10.91
AZE,Azerbaijan,2000,11.78
BHS,"Bahamas, The",2024,8.463
BHS,"Bahamas, The",2023,8.643
BHS,"Bahamas, The",2022,9.272
BHS,"Bahamas, The",2021,11.032
BHS,"Bahamas, The",2020,12.027
BHS,"Bahamas, The",2019,9.336
BHS,"Bahamas, The",2018,10.0
BHS,"Bahamas, The",2017,9.8
BHS,"Bahamas, The",2016,12.7
BHS,"Bahamas, The",2015,12.0
BHS,"Bahamas, The",2014,13.8
BHS,"Bahamas, The",2013,16.18
BHS,"Bahamas, The",2012,14.02
BHS,"Bahamas, The",2011,14.52
BHS,"Bahamas, The",2010,14.432
BHS,"Bahamas, The",2009,14.25
BHS,"Bahamas, The",2008,8.18
BHS,"Bahamas, The",2007,7.88
BHS,"Bahamas, The",2006,7.54
BHS,"Bahamas, The",2005,10.2
BHS,"Bahamas, The",2004,10.2
BHS,"Bahamas, The",2003,10.84
BHS,"Bahamas, The",2002,9.05
BHS,"Bahamas, The",2001,6.87
BHS,"Bahamas, The",2000,7.12
BHR,Bahrain,2024,1.102
BHR,Bahrain,2023,1.154
BHR,Bahrain,2022,1.326
BHR,Bahrain,2021,1.541
BHR,Bahrain,2020,1.781
BHR,Bahrain,2019,1.223
BHR,Bahrain,2018,1.2
BHR,Bahrain,2017,1.194
BHR,Bahrain,2016,1.192
BHR,Bahrain,2015,1.16
BHR,Bahrain,2014,1.141
BHR,Bahrain,2013,1.182
BHR,Bahrain,2012,1.2
BHR,Bahrain,2011,1.21
BHR,Bahrain,2010,1.13
BHR,Bahrain,2009,1.07
BHR,Bahrain,2008,1.014
BHR,Bahrain,2007,1.006
BHR,Bahrain,2006,1.021
BHR,Bahrain,2005,1.021
BHR,Bahrain,2004,1.065
BHR,Bahrain,2003,1.128
BHR,Bahrain,2002,1.139
BHR,Bahrain,2001,1.12
BHR,Bahrain,2000,1.083
BGD,Bangladesh,2024,4.68
BGD,Bangladesh,2023,4.454
BGD,Bangladesh,2022,4.593
BGD,Bangladesh,2021,5.327
BGD,Bangladesh,2020,5.436
BGD,Bangladesh,2019,4.441
BGD,Bangladesh,2018,4.407
BGD,Bangladesh,2017,4.372
BGD,Bangladesh,2016,4.35
BGD,Bangladesh,2015,4.396
BGD,Bangladesh,2014,4.416
BGD,Bangladesh,2013,4.426
BGD,Bangladesh,2012,4.071
BGD,Bangladesh,2011,3.736
BGD,Bangladesh,2010,3.379
BGD,Bangladesh,2009,5.0
BGD,Bangladesh,2008,4.492
BGD,Bangladesh,2007,4.017
BGD,Bangladesh,2006,3.591
BGD,Bangladesh,2005,4.25
BGD,Bangladesh,2004,4.314
BGD,Bangladesh,2003,4.32
BGD,Bangladesh,2002,3.966
BGD,Bangladesh,2001,3.61
BGD,Bangladesh,2000,3.27
BRB,Barbados,2024,7.529
BRB,Barbados,2023,7.878
BRB,Barbados,2022,8.365
BRB,Barbados,2021,9.433
BRB,Barbados,2020,9.777
BRB,Barbados,2019,8.412
BRB,Barbados,2018,8.322
BRB,Barbados,2017,8.622
BRB,Barbados,2016,8.247
BRB,Barbados,2015,9.803
BRB,Barbados,2014,12.17
BRB,Barbados,2013,11.55
BRB,Barbados,2012,11.59
BRB,Barbados,2011,11.19
BRB,Barbados,2010,10.69
BRB,Barbados,2009,10.02
BRB,Barbados,2008,8.12
BRB,Barbados,2007,7.41
BRB,Barbados,2006,8.73
BRB,Barbados,2005,9.08
BRB,Barbados,2004,9.57
BRB,Barbados,2003,11.0
BRB,Barbados,2002,10.32
BRB,Barbados,2001,9.85
BRB,Barbados,2000,9.35
BLR,Belarus,2024,3.361
BLR,Belarus,2023,3.461
BLR,Belarus,2022,3.574
BLR,Belarus,2021,3.9
BLR,Belarus,2020,4.049
BLR,Belarus,2019,4.165
BLR,Belarus,2018,4.763
BLR,Belarus,2017,5.648
BLR,Belarus,2016,5.844
BLR,Belarus,2015,5.881
BLR,Belarus,2014,5.902
BLR,Belarus,2013,5.937
BLR,Belarus,2012,5.946
BLR,Belarus,2011,6.022
BLR,Belarus,2010,6.045
BLR,Belarus,2009,6.1
BLR,Belarus,2008,6.698
BLR,Belarus,2007,7.38
BLR,Belarus,2006,8.024
BLR,Belarus,2005,8.728
BLR,Belarus,2004,9.452
BLR,Belarus,2003,10.215
BLR,Belarus,2002,10.908
BLR,Belarus,2001,11.609
BLR,Belarus,2000,12.224
BEL,Belgium,2024,5.488
BEL,Belgium,2023,5.528
BEL,Belgium,2022,5.57
BEL,Belgium,2021,6.248
BEL,Belgium,2020,5.545
BEL,Belgium,2019,5.364
BEL,Belgium,2018,5.941
BEL,Belgium,2017,7.09
BEL,Belgium,2016,7.83
BEL,Belgium,2015,8.482
BEL,Belgium,2014,8.523
BEL,Belgium,2013,8.425
BEL,Belgium,2012,7.542
BEL,Belgium,2011,7.14
BEL,Belgium,2010,8.293
BEL,Belgium,2009,7.908
BEL,Belgium,2008,6.976
BEL,Belgium,2007,7.459
BEL,Belgium,2006,8.246
BEL,Belgium,2005,8.44
BEL,Belgium,2004,7.363
BEL,Belgium,2003,7.68
BEL,Belgium,2002,6.91
BEL,Belgium,2001,6.178
BEL,Belgium,2000,6.586
BLZ,Belize,2024,7.0
BLZ,Belize,2023,8.267
BLZ,Belize,2022,8.763
BLZ,Belize,2021,10.322
BLZ,Belize,2020,10.784
BLZ,Belize,2019,9.053
BLZ,Belize,2018,7.896
BLZ,Belize,2017,6.596
BLZ,Belize,2016,7.0
BLZ,Belize,2015,7.578
BLZ,Belize,2014,8.244
BLZ,Belize,2013,8.349
BLZ,Belize,2012,8.379
BLZ,Belize,2011,8.43
BLZ,Belize,2010,8.416
BLZ,Belize,2009,8.328
BLZ,Belize,2008,8.18
BLZ,Belize,2007,8.51
BLZ,Belize,2006,9.39
BLZ,Belize,2005,10.91
BLZ,Belize,2004,10.584
BLZ,Belize,2003,10.343
BLZ,Belize,2002,10.04
BLZ,Belize,2001,9.07
BLZ,Belize,2000,10.836
BEN,Benin,2024,1.722
BEN,Benin,2023,1.657
BEN,Benin,2022,1.685
BEN,Benin,2021,1.779
BEN,Benin,2020,1.502
BEN,Benin,2019,1.214
BEN,Benin,2018,1.41
BEN,Benin,2017,1.659
BEN,Benin,2016,1.784
BEN,Benin,2015,1.82
BEN,Benin,2014,1.872
BEN,Benin,2013,2.099
BEN,Benin,2012,2.406
BEN,Benin,2011,2.647
BEN,Benin,2010,1.04
BEN,Benin,2009,0.949
BEN,Benin,2008,0.894
BEN,Benin,2007,0.902
BEN,Benin,2006,0.889
BEN,Benin,2005,0.86
BEN,Benin,2004,0.79
BEN,Benin,2003,0.747
BEN,Benin,2002,0.69
BEN,Benin,2001,0.765
BEN,Benin,2000,0.864
BMU,Bermuda,2024,
BMU,Bermuda,2023,
BMU,Bermuda,2022,
BMU,Bermuda,2021,
BMU,Bermuda,2020,
BMU,Bermuda,2019,
BMU,Bermuda,2018,
BMU,Bermuda,2017,
BMU,Bermuda,2016,
BMU,Bermuda,2015,
BMU,Bermuda,2014,
BMU,Bermuda,2013,
BMU,Bermuda,2012,
BMU,Bermuda,2011,
BMU,Bermuda,2010,
BMU,Bermuda,2009,
BMU,Bermuda,2008,
BMU,Bermuda,2007,
BMU,Bermuda,2006,
BMU,Bermuda,2005,
BMU,Bermuda,2004,
BMU,Bermuda,2003,
BMU,Bermuda,2002,
BMU,Bermuda,2001,
BMU,Bermuda,2000,
BTN,Bhutan,2024,2.856
BTN,Bhutan,2023,3.126
BTN,Bhutan,2022,5.947
BTN,Bhutan,2021,4.803
BTN,Bhutan,2020,5.03
BTN,Bhutan,2019,2.72
BTN,Bhutan,2018,3.35
BTN,Bhutan,2017,3.016
BTN,Bhutan,2016,2.705
BTN,Bhutan,2015,2.45
BTN,Bhutan,2014,2.63
BTN,Bhutan,2013,2.87
BTN,Bhutan,2012,2.05
BTN,Bhutan,2011,3.23
BTN,Bhutan,2010,3.32
BTN,Bhutan,2009,3.96
BTN,Bhutan,2008,3.842
BTN,Bhutan,2007,3.7
BTN,Bhutan,2006,3.13
BTN,Bhutan,2005,3.1
BTN,Bhutan,2004,2.49
BTN,Bhutan,2003,1.8
BTN,Bhutan,2002,1.853
BTN,Bhutan,2001,1.9
BTN,Bhutan,2000,1.66
BOL,Bolivia,2024,3.091
BOL,Bolivia,2023,3.024
BOL,Bolivia,2022,3.552
BOL,Bolivia,2021,5.089
BOL,Bolivia,2020,7.903
BOL,Bolivia,2019,3.682
BOL,Bolivia,2018,3.519
BOL,Bolivia,2017,3.655
BOL,Bolivia,2016,3.498
BOL,Bolivia,2015,3.111
BOL,Bolivia,2014,2.021
BOL,Bolivia,2013,2.437
BOL,Bolivia,2012,2.066
BOL,Bolivia,2011,2.255
BOL,Bolivia,2010,2.608
BOL,Bolivia,2009,2.973
BOL,Bolivia,2008,2.603
BOL,Bolivia,2007,2.616
BOL,Bolivia,2006,2.577
BOL,Bolivia,2005,2.603
BOL,Bolivia,2004,2.622
BOL,Bolivia,2003,2.664
BOL,Bolivia,2002,2.613
BOL,Bolivia,2001,2.636
BOL,Bolivia,2000,2.447
BIH,Bosnia and Herzegovina,2024,10.723
BIH,Bosnia and Herzegovina,2023,10.668
BIH,Bosnia and Herzegovina,2022,12.657
BIH,Bosnia and Herzegovina,2021,14.897
BIH,Bosnia and Herzegovina,2020,15.868
BIH,Bosnia and Herzegovina,2019,15.692
BIH,Bosnia and Herzegovina,2018,18.4
BIH,Bosnia and Herzegovina,2017,20.527
BIH,Bosnia and Herzegovina,2016,25.408
BIH,Bosnia and Herzegovina,2015,27.695
BIH,Bosnia and Herzegovina,2014,27.517
BIH,Bosnia and Herzegovina,2013,27.49
BIH,Bosnia and Herzegovina,2012,28.01
BIH,Bosnia and Herzegovina,2011,27.582
BIH,Bosnia and Herzegovina,2010,27.312
BIH,Bosnia and Herzegovina,2009,24.068
BIH,Bosnia and Herzegovina,2008,23.405
BIH,Bosnia and Herzegovina,2007,28.984
BIH,Bosnia and Herzegovina,2006,31.11
BIH,Bosnia and Herzegovina,2005,30.227
BIH,Bosnia and Herzegovina,2004,29.276
BIH,Bosnia and Herzegovina,2003,28.447
BIH,Bosnia and Herzegovina,2002,27.312
BIH,Bosnia and Herzegovina,2001,26.289
BIH,Bosnia and Herzegovina,2000,25.187
BWA,Botswana,2024,23.138
BWA,Botswana,2023,23.381
BWA,Botswana,2022,23.615
BWA,Botswana,2021,23.106
BWA,Botswana,2020,21.017
BWA,Botswana,2019,20.094
BWA,Botswana,2018,19.681
BWA,Botswana,2017,19.664
BWA,Botswana,2016,19.329
BWA,Botswana,2015,18.93
BWA,Botswana,2014,18.514
BWA,Botswana,2013,18.203
BWA,Botswana,2012,17.952
BWA,Botswana,2011,18.054
BWA,Botswana,2010,17.86
BWA,Botswana,2009,16.169
BWA,Botswana,2008,16.328
BWA,Botswana,2007,16.998
BWA,Botswana,2006,17.782
BWA,Botswana,2005,19.847
BWA,Botswana,2004,21.758
BWA,Botswana,2003,23.8
BWA,Botswana,2002,21.268
BWA,Botswana,2001,18.54
BWA,Botswana,2000,15.88
BRA,Brazil,2024,7.634
BRA,Brazil,2023,7.947
BRA,Brazil,2022,9.231
BRA,Brazil,2021,13.158
BRA,Brazil,2020,13.697
BRA,Brazil,2019,11.936
BRA,Brazil,2018,12.329
BRA,Brazil,2017,12.792
BRA,Brazil,2016,11.58
BRA,Brazil,2015,8.538
BRA,Brazil,2014,6.755
BRA,Brazil,2013,7.071
BRA,Brazil,2012,7.251
BRA,Brazil,2011,7.578
BRA,Brazil,2010,8.422
BRA,Brazil,2009,9.419
BRA,Brazil,2008,8.268
BRA,Brazil,2007,9.28
BRA,Brazil,2006,9.692
BRA,Brazil,2005,10.551
BRA,Brazil,2004,10.072
BRA,Brazil,2003,11.168
BRA,Brazil,2002,10.641
BRA,Brazil,2001,10.649
BRA,Brazil,2000,10.889
VGB,British Virgin Islands,2024,
VGB,British Virgin Islands,2023,
VGB,British Virgin Islands,2022,
VGB,British Virgin Islands,2021,
VGB,British Virgin Islands,2020,
VGB,British Virgin Islands,2019,
VGB,British Virgin Islands,2018,
VGB,British Virgin Islands,2017,
VGB,British Virgin Islands,2016,
VGB,British Virgin Islands,2015,
VGB,British Virgin Islands,2014,
VGB,British Virgin Islands,2013,
VGB,British Virgin Islands,2012,
VGB,British Virgin Islands,2011,
VGB,British Virgin Islands,2010,
VGB,British Virgin Islands,2009,
VGB,British Virgin Islands,2008,
VGB,British Virgin Islands,2007,
VGB,British Virgin Islands,2006,
VGB,British Virgin Islands,2005,
VGB,British Virgin Islands,2004,
VGB,British Virgin Islands,2003,
VGB,British Virgin Islands,2002,
VGB,British Virgin Islands,2001,
VGB,British Virgin Islands,2000,
BRN,Brunei Darussalam,2024,5.144
BRN,Brunei Darussalam,2023,5.183
BRN,Brunei Darussalam,2022,5.191
BRN,Brunei Darussalam,2021,4.905
BRN,Brunei Darussalam,2020,7.409
BRN,Brunei Darussalam,2019,6.6
BRN,Brunei Darussalam,2018,8.7
BRN,Brunei Darussalam,2017,9.316
BRN,Brunei Darussalam,2016,8.574
BRN,Brunei Darussalam,2015,7.726
BRN,Brunei Darussalam,2014,6.862
BRN,Brunei Darussalam,2013,6.655
BRN,Brunei Darussalam,2012,6.482
BRN,Brunei Darussalam,2011,6.442
BRN,Brunei Darussalam,2010,6.455
BRN,Brunei Darussalam,2009,6.411
BRN,Brunei Darussalam,2008,6.216
BRN,Brunei Darussalam,2007,6.091
BRN,Brunei Darussalam,2006,5.997
BRN,Brunei Darussalam,2005,5.931
BRN,Brunei Darussalam,2004,5.786
BRN,Brunei Darussalam,2003,5.663
BRN,Brunei Darussalam,2002,5.575
BRN,Brunei Darussalam,2001,5.499
BRN,Brunei Darussalam,2000,5.459
BGR,Bulgaria,2024,4.104
BGR,Bulgaria,2023,4.319
BGR,Bulgaria,2022,4.268
BGR,Bulgaria,2021,5.267
BGR,Bulgaria,2020,5.125
BGR,Bulgaria,2019,4.23
BGR,Bulgaria,2018,5.211
BGR,Bulgaria,2017,6.164
BGR,Bulgaria,2016,7.575
BGR,Bulgaria,2015,9.143
BGR,Bulgaria,2014,11.424
BGR,Bulgaria,2013,12.941
BGR,Bulgaria,2012,12.27
BGR,Bulgaria,2011,11.26
BGR,Bulgaria,2010,10.279
BGR,Bulgaria,2009,6.817
BGR,Bulgaria,2008,5.609
BGR,Bulgaria,2007,6.878
BGR,Bulgaria,2006,8.951
BGR,Bulgaria,2005,10.083
BGR,Bulgaria,2004,12.037
BGR,Bulgaria,2003,13.733
BGR,Bulgaria,2002,18.11
BGR,Bulgaria,2001,19.921
BGR,Bulgaria,2000,16.218
BFA,Burkina Faso,2024,5.166
BFA,Burkina Faso,2023,5.348
BFA,Burkina Faso,2022,5.389
BFA,Burkina Faso,2021,5.2
BFA,Burkina Faso,2020,5.04
BFA,Burkina Faso,2019,4.71
BFA,Burkina Faso,2018,4.695
BFA,Burkina Faso,2017,4.656
BFA,Burkina Faso,2016,4.587
BFA,Burkina Faso,2015,4.461
BFA,Burkina Faso,2014,4.251
BFA,Burkina Faso,2013,4.055
BFA,Burkina Faso,2012,3.856
BFA,Burkina Faso,2011,3.827
BFA,Burkina Faso,2010,3.723
BFA,Burkina Faso,2009,3.711
BFA,Burkina Faso,2008,3.496
BFA,Burkina Faso,2007,3.3
BFA,Burkina Faso,2006,3.669
BFA,Burkina Faso,2005,4.0
BFA,Burkina Faso,2004,3.473
BFA,Burkina Faso,2003,2.78
BFA,Burkina Faso,2002,2.851
BFA,Burkina Faso,2001,2.74
BFA,Burkina Faso,2000,2.679
BDI,Burundi,2024,0.902
BDI,Burundi,2023,0.921
BDI,Burundi,2022,0.915
BDI,Burundi,2021,1.118
BDI,Burundi,2020,1.03
BDI,Burundi,2019,1.043
BDI,Burundi,2018,1.146
BDI,Burundi,2017,1.247
BDI,Burundi,2016,1.347
BDI,Burundi,2015,1.442
BDI,Burundi,2014,1.572
BDI,Burundi,2013,1.584
BDI,Burundi,2012,1.593
BDI,Burundi,2011,1.602
BDI,Burundi,2010,1.616
BDI,Burundi,2009,1.621
BDI,Burundi,2008,1.634
BDI,Burundi,2007,2.401
BDI,Burundi,2006,3.185
BDI,Burundi,2005,3.153
BDI,Burundi,2004,3.177
BDI,Burundi,2003,3.134
BDI,Burundi,2002,3.169
BDI,Burundi,2001,3.15
BDI,Burundi,2000,3.129
CPV,Cabo Verde,2024,11.878
CPV,Cabo Verde,2023,11.971
CPV,Cabo Verde,2022,12.246
CPV,Cabo Verde,2021,13.976
CPV,Cabo Verde,2020,14.69
CPV,Cabo Verde,2019,12.128
CPV,Cabo Verde,2018,12.17
CPV,Cabo Verde,2017,12.24
CPV,Cabo Verde,2016,12.077
CPV,Cabo Verde,2015,11.907
CPV,Cabo Verde,2014,11.674
CPV,Cabo Verde,2013,11.392
CPV,Cabo Verde,2012,11.142
CPV,Cabo Verde,2011,10.948
CPV,Cabo Verde,2010,10.67
CPV,Cabo Verde,2009,13.517
CPV,Cabo Verde,2008,13.335
CPV,Cabo Verde,2007,13.323
CPV,Cabo Verde,2006,13.397
CPV,Cabo Verde,2005,13.45
CPV,Cabo Verde,2004,13.465
CPV,Cabo Verde,2003,13.592
CPV,Cabo Verde,2002,13.397
CPV,Cabo Verde,2001,13.278
CPV,Cabo Verde,2000,13.088
KHM,Cambodia,2024,0.27
KHM,Cambodia,2023,0.225
KHM,Cambodia,2022,0.231
KHM,Cambodia,2021,0.396
KHM,Cambodia,2020,0.172
KHM,Cambodia,2019,0.119
KHM,Cambodia,2018,0.13
KHM,Cambodia,2017,0.141
KHM,Cambodia,2016,0.716
KHM,Cambodia,2015,0.393
KHM,Cambodia,2014,0.692
KHM,Cambodia,2013,0.438
KHM,Cambodia,2012,0.496
KHM,Cambodia,2011,0.577
KHM,Cambodia,2010,0.771
KHM,Cambodia,2009,0.579
KHM,Cambodia,2008,0.825
KHM,Cambodia,2007,1.257
KHM,Cambodia,2006,1.152
KHM,Cambodia,2005,1.064
KHM,Cambodia,2004,1.003
KHM,Cambodia,2003,0.909
KHM,Cambodia,2002,0.852
KHM,Cambodia,2001,0.774
KHM,Cambodia,2000,0.744
CMR,Cameroon,2024,3.518
CMR,Cameroon,2023,3.613
CMR,Cameroon,2022,3.653
CMR,Cameroon,2021,3.973
CMR,Cameroon,2020,3.87
CMR,Cameroon,2019,3.622
CMR,Cameroon,2018,3.601
CMR,Cameroon,2017,3.568
CMR,Cameroon,2016,3.528
CMR,Cameroon,2015,3.518
CMR,Cameroon,2014,3.534
CMR,Cameroon,2013,3.685
CMR,Cameroon,2012,3.835
CMR,Cameroon,2011,3.987
CMR,Cameroon,2010,4.11
CMR,Cameroon,2009,3.744
CMR,Cameroon,2008,3.387
CMR,Cameroon,2007,3.063
CMR,Cameroon,2006,3.729
CMR,Cameroon,2005,4.4
CMR,Cameroon,2004,5.091
CMR,Cameroon,2003,5.908
CMR,Cameroon,2002,6.709
CMR,Cameroon,2001,7.46
CMR,Cameroon,2000,7.536
CAN,Canada,2024,6.45
CAN,Canada,2023,5.415
CAN,Canada,2022,5.279
CAN,Canada,2021,7.527
CAN,Canada,2020,9.657
CAN,Canada,2019,5.69
CAN,Canada,2018,5.837
CAN,Canada,2017,6.426
CAN,Canada,2016,7.038
CAN,Canada,2015,6.945
CAN,Canada,2014,7.023
CAN,Canada,2013,7.143
CAN,Canada,2012,7.392
CAN,Canada,2011,7.637
CAN,Canada,2010,8.178
CAN,Canada,2009,8.46
CAN,Canada,2008,6.284
CAN,Canada,2007,6.156
CAN,Canada,2006,6.484
CAN,Canada,2005,6.758
CAN,Canada,2004,7.185
CAN,Canada,2003,7.574
CAN,Canada,2002,7.665
CAN,Canada,2001,7.219
CAN,Canada,2000,6.829
CYM,Cayman Islands,2024,
CYM,Cayman Islands,2023,
CYM,Cayman Islands,2022,
CYM,Cayman Islands,2021,
CYM,Cayman Islands,2020,
CYM,Cayman Islands,2019,
CYM,Cayman Islands,2018,
CYM,Cayman Islands,2017,
CYM,Cayman Islands,2016,
CYM,Cayman Islands,2015,
CYM,Cayman Islands,2014,
CYM,Cayman Islands,2013,
CYM,Cayman Islands,2012,
CYM,Cayman Islands,2011,
CYM,Cayman Islands,2010,
CYM,Cayman Islands,2009,
CYM,Cayman Islands,2008,
CYM,Cayman Islands,2007,
CYM,Cayman Islands,2006,
CYM,Cayman Islands,2005,
CYM,Cayman Islands,2004,
CYM,Cayman Islands,2003,
CYM,Cayman Islands,2002,
CYM,Cayman Islands,2001,
CYM,Cayman Islands,2000,
CAF,Central African Republic,2024,5.899
CAF,Central African Republic,2023,5.877
CAF,Central African Republic,2022,5.956
CAF,Central African Republic,2021,6.375
CAF,Central African Republic,2020,6.196
CAF,Central African Republic,2019,5.607
CAF,Central African Republic,2018,5.517
CAF,Central African Republic,2017,5.534
CAF,Central African Republic,2016,5.491
CAF,Central African Republic,2015,5.477
CAF,Central African Republic,2014,5.326
CAF,Central African Republic,2013,5.243
CAF,Central African Republic,2012,5.243
CAF,Central African Republic,2011,5.281
CAF,Central African Republic,2010,5.291
CAF,Central African Republic,2009,5.202
CAF,Central African Republic,2008,5.139
CAF,Central African Republic,2007,5.191
CAF,Central African Republic,2006,5.235
CAF,Central African Republic,2005,5.314
CAF,Central African Republic,2004,5.352
CAF,Central African Republic,2003,5.433
CAF,Central African Republic,2002,5.437
CAF,Central African Republic,2001,5.405
CAF,Central African Republic,2000,5.362
TCD,Chad,2024,1.088
TCD,Chad,2023,1.074
TCD,Chad,2022,1.096
TCD,Chad,2021,1.548
TCD,Chad,2020,1.707
TCD,Chad,2019,1.084
TCD,Chad,2018,1.135
TCD,Chad,2017,1.116
TCD,Chad,2016,1.047
TCD,Chad,2015,0.974
TCD,Chad,2014,0.933
TCD,Chad,2013,0.948
TCD,Chad,2012,0.9
TCD,Chad,2011,0.905
TCD,Chad,2010,0.878
TCD,Chad,2009,0.906
TCD,Chad,2008,0.906
TCD,Chad,2007,0.834
TCD,Chad,2006,0.724
TCD,Chad,2005,0.678
TCD,Chad,2004,0.685
TCD,Chad,2003,0.732
TCD,Chad,2002,0.769
TCD,Chad,2001,0.787
TCD,Chad,2000,0.79
CHI,Channel Islands,2024,6.256
CHI,Channel Islands,2023,6.187
CHI,Channel Islands,2022,6.147
CHI,Channel Islands,2021,6.875
CHI,Channel Islands,2020,6.863
CHI,Channel Islands,2019,6.408
CHI,Channel Islands,2018,6.571
CHI,Channel Islands,2017,7.12
CHI,Channel Islands,2016,7.715
CHI,Channel Islands,2015,8.178
CHI,Channel Islands,2014,8.571
CHI,Channel Islands,2013,8.82
CHI,Channel Islands,2012,8.264
CHI,Channel Islands,2011,7.457
CHI,Channel Islands,2010,7.225
CHI,Channel Islands,2009,6.874
CHI,Channel Islands,2008,5.478
CHI,Channel Islands,2007,5.414
CHI,Channel Islands,2006,5.762
CHI,Channel Islands,2005,6.028
CHI,Channel Islands,2004,6.047
CHI,Channel Islands,2003,5.842
CHI,Channel Islands,2002,5.507
CHI,Channel Islands,2001,5.232
CHI,Channel Islands,2000,5.551
CHL,Chile,2024,9.056
CHL,Chile,2023,9.013
CHL,Chile,2022,8.249
CHL,Chile,2021,9.281
CHL,Chile,2020,10.934
CHL,Chile,2019,7.493
CHL,Chile,2018,7.623
CHL,Chile,2017,7.257
CHL,Chile,2016,6.673
CHL,Chile,2015,6.313
CHL,Chile,2014,6.483
CHL,Chile,2013,6.074
CHL,Chile,2012,6.562
CHL,Chile,2011,7.277
CHL,Chile,2010,8.278
CHL,Chile,2009,11.313
CHL,Chile,2008,9.285
CHL,Chile,2007,8.427
CHL,Chile,2006,9.024
CHL,Chile,2005,9.34
CHL,Chile,2004,10.162
CHL,Chile,2003,9.765
CHL,Chile,2002,10.168
CHL,Chile,2001,10.39
CHL,Chile,2000,10.491
CHN,China,2024,4.571
CHN,China,2023,4.67
CHN,China,2022,4.98
CHN,China,2021,4.55
CHN,China,2020,5.0
CHN,China,2019,4.56
CHN,China,2018,4.31
CHN,China,2017,4.47
CHN,China,2016,4.56
CHN,China,2015,4.65
CHN,China,2014,4.63
CHN,China,2013,4.6
CHN,China,2012,4.58
CHN,China,2011,4.55
CHN,China,2010,4.53
CHN,China,2009,4.72
CHN,China,2008,4.59
CHN,China,2007,4.35
CHN,China,2006,4.43
CHN,China,2005,4.52
CHN,China,2004,4.49
CHN,China,2003,4.58
CHN,China,2002,4.24
CHN,China,2001,3.8
CHN,China,2000,3.26
COL,Colombia,2024,9.608
COL,Colombia,2023,9.594
COL,Colombia,2022,10.547
COL,Colombia,2021,13.898
COL,Colombia,2020,15.983
COL,Colombia,2019,10.28
COL,Colombia,2018,9.36
COL,Colombia,2017,9.086
COL,Colombia,2016,8.922
COL,Colombia,2015,8.572
COL,Colombia,2014,8.799
COL,Colombia,2013,9.246
COL,Colombia,2012,9.959
COL,Colombia,2011,10.288
COL,Colombia,2010,11.153
COL,Colombia,2009,12.066
COL,Colombia,2008,11.273
COL,Colombia,2007,11.204
COL,Colombia,2006,11.091
COL,Colombia,2005,11.062
COL,Colombia,2004,13.717
COL,Colombia,2003,13.221
COL,Colombia,2002,14.481
COL,Colombia,2001,15.04
COL,Colombia,2000,20.52
COM,Comoros,2024,3.875
COM,Comoros,2023,3.776
COM,Comoros,2022,3.816
COM,Comoros,2021,4.394
COM,Comoros,2020,4.471
COM,Comoros,2019,3.934
COM,Comoros,2018,3.942
COM,Comoros,2017,4.03
COM,Comoros,2016,4.104
COM,Comoros,2015,4.121
COM,Comoros,2014,4.119
COM,Comoros,2013,4.118
COM,Comoros,2012,4.17
COM,Comoros,2011,4.207
COM,Comoros,2010,4.248
COM,Comoros,2009,4.348
COM,Comoros,2008,4.398
COM,Comoros,2007,4.46
COM,Comoros,2006,4.473
COM,Comoros,2005,4.522
COM,Comoros,2004,4.571
COM,Comoros,2003,4.559
COM,Comoros,2002,4.369
COM,Comoros,2001,4.377
COM,Comoros,2000,4.398
COD,"Congo, Dem. Rep.",2024,4.556
COD,"Congo, Dem. Rep.",2023,4.484
COD,"Congo, Dem. Rep.",2022,4.522
COD,"Congo, Dem. Rep.",2021,5.28
COD,"Congo, Dem. Rep.",2020,5.345
COD,"Congo, Dem. Rep.",2019,4.591
COD,"Congo, Dem. Rep.",2018,4.618
COD,"Congo, Dem. Rep.",2017,4.601
COD,"Congo, Dem. Rep.",2016,4.521
COD,"Congo, Dem. Rep.",2015,4.439
COD,"Congo, Dem. Rep.",2014,4.436
COD,"Congo, Dem. Rep.",2013,4.468
COD,"Congo, Dem. Rep.",2012,4.485
COD,"Congo, Dem. Rep.",2011,4.315
COD,"Congo, Dem. Rep.",2010,4.096
COD,"Congo, Dem. Rep.",2009,3.88
COD,"Congo, Dem. Rep.",2008,3.627
COD,"Congo, Dem. Rep.",2007,3.403
COD,"Congo, Dem. Rep.",2006,3.174
COD,"Congo, Dem. Rep.",2005,2.948
COD,"Congo, Dem. Rep.",2004,2.975
COD,"Congo, Dem. Rep.",2003,3.053
COD,"Congo, Dem. Rep.",2002,3.17
COD,"Congo, Dem. Rep.",2001,3.239
COD,"Congo, Dem. Rep.",2000,3.234
COG,"Congo, Rep.",2024,19.694
COG,"Congo, Rep.",2023,19.898
COG,"Congo, Rep.",2022,20.108
COG,"Congo, Rep.",2021,21.96
COG,"Congo, Rep.",2020,22.198
COG,"Congo, Rep.",2019,20.392
COG,"Congo, Rep.",2018,20.701
COG,"Congo, Rep.",2017,20.611
COG,"Congo, Rep.",2016,20.223
COG,"Congo, Rep.",2015,19.978
COG,"Congo, Rep.",2014,19.691
COG,"Congo, Rep.",2013,19.827
COG,"Congo, Rep.",2012,19.512
COG,"Congo, Rep.",2011,19.464
COG,"Congo, Rep.",2010,19.345
COG,"Congo, Rep.",2009,19.833
COG,"Congo, Rep.",2008,19.94
COG,"Congo, Rep.",2007,19.894
COG,"Congo, Rep.",2006,19.587
COG,"Congo, Rep.",2005,19.796
COG,"Congo, Rep.",2004,19.886
COG,"Congo, Rep.",2003,19.871
COG,"Congo, Rep.",2002,19.664
COG,"Congo, Rep.",2001,19.877
COG,"Congo, Rep.",2000,19.87
CRI,Costa Rica,2024,7.848
CRI,Costa Rica,2023,8.325
CRI,Costa Rica,2022,11.325
CRI,Costa Rica,2021,15.139
CRI,Costa Rica,2020,16.432
CRI,Costa Rica,2019,10.807
CRI,Costa Rica,2018,9.01
CRI,Costa Rica,2017,7.729
CRI,Costa Rica,2016,8.085
CRI,Costa Rica,2015,8.415
CRI,Costa Rica,2014,8.499
CRI,Costa Rica,2013,8.218
CRI,Costa Rica,2012,9.11
CRI,Costa Rica,2011,9.518
CRI,Costa Rica,2010,7.171
CRI,Costa Rica,2009,7.824
CRI,Costa Rica,2008,4.934
CRI,Costa Rica,2007,4.557
CRI,Costa Rica,2006,5.926
CRI,Costa Rica,2005,6.749
CRI,Costa Rica,2004,6.445
CRI,Costa Rica,2003,6.654
CRI,Costa Rica,2002,6.396
CRI,Costa Rica,2001,6.051
CRI,Costa Rica,2000,5.08
CIV,Cote d'Ivoire,2024,2.288
CIV,Cote d'Ivoire,2023,2.27
CIV,Cote d'Ivoire,2022,2.306
CIV,Cote d'Ivoire,2021,2.63
CIV,Cote d'Ivoire,2020,2.584
CIV,Cote d'Ivoire,2019,2.401
CIV,Cote d'Ivoire,2018,2.85
CIV,Cote d'Ivoire,2017,3.272
CIV,Cote d'Ivoire,2016,1.896
CIV,Cote d'Ivoire,2015,2.579
CIV,Cote d'Ivoire,2014,3.285
CIV,Cote d'Ivoire,2013,4.255
CIV,Cote d'Ivoire,2012,7.223
CIV,Cote d'Ivoire,2011,7.135
CIV,Cote d'Ivoire,2010,6.618
CIV,Cote d'Ivoire,2009,6.571
CIV,Cote d'Ivoire,2008,6.379
CIV,Cote d'Ivoire,2007,6.272
CIV,Cote d'Ivoire,2006,6.009
CIV,Cote d'Ivoire,2005,5.999
CIV,Cote d'Ivoire,2004,5.883
CIV,Cote d'Ivoire,2003,5.805
CIV,Cote d'Ivoire,2002,5.474
CIV,Cote d'Ivoire,2001,5.167
CIV,Cote d'Ivoire,2000,4.816
HRV,Croatia,2024,5.236
HRV,Croatia,2023,6.086
HRV,Croatia,2022,6.96
HRV,Croatia,2021,7.608
HRV,Croatia,2020,7.507
HRV,Croatia,2019,6.617
HRV,Croatia,2018,8.432
HRV,Croatia,2017,11.208
HRV,Croatia,2016,13.103
HRV,Croatia,2015,16.175
HRV,Croatia,2014,17.29
HRV,Croatia,2013,17.251
HRV,Croatia,2012,15.935
HRV,Croatia,2011,13.678
HRV,Croatia,2010,11.62
HRV,Croatia,2009,9.202
HRV,Croatia,2008,8.53
HRV,Croatia,2007,9.909
HRV,Croatia,2006,11.13
HRV,Croatia,2005,12.598
HRV,Croatia,2004,13.664
HRV,Croatia,2003,13.924
HRV,Croatia,2002,15.053
HRV,Croatia,2001,15.822
HRV,Croatia,2000,16.064
CUB,Cuba,2024,1.53
CUB,Cuba,2023,1.719
CUB,Cuba,2022,1.82
CUB,Cuba,2021,2.116
CUB,Cuba,2020,2.24
CUB,Cuba,2019,1.705
CUB,Cuba,2018,1.7
CUB,Cuba,2017,1.7
CUB,Cuba,2016,2.0
CUB,Cuba,2015,2.4
CUB,Cuba,2014,2.7
CUB,Cuba,2013,3.29
CUB,Cuba,2012,3.46
CUB,Cuba,2011,3.18
CUB,Cuba,2010,2.5
CUB,Cuba,2009,1.67
CUB,Cuba,2008,1.583
CUB,Cuba,2007,1.788
CUB,Cuba,2006,1.913
CUB,Cuba,2005,1.95
CUB,Cuba,2004,1.854
CUB,Cuba,2003,2.33
CUB,Cuba,2002,3.31
CUB,Cuba,2001,4.08
CUB,Cuba,2000,5.45
CUW,Curacao,2024,
CUW,Curacao,2023,
CUW,Curacao,2022,
CUW,Curacao,2021,
CUW,Curacao,2020,
CUW,Curacao,2019,
CUW,Curacao,2018,
CUW,Curacao,2017,
CUW,Curacao,2016,
CUW,Curacao,2015,
CUW,Curacao,2014,
CUW,Curacao,2013,
CUW,Curacao,2012,
CUW,Curacao,2011,
CUW,Curacao,2010,
CUW,Curacao,2009,
CUW,Curacao,2008,
CUW,Curacao,2007,
CUW,Curacao,2006,
CUW,Curacao,2005,
CUW,Curacao,2004,
CUW,Curacao,2003,
CUW,Curacao,2002,
CUW,Curacao,2001,
CUW,Curacao,2000,
CYP,Cyprus,2024,5.602
CYP,Cyprus,2023,6.098
CYP,Cyprus,2022,6.806
CYP,Cyprus,2021,7.513
CYP,Cyprus,2020,7.755
CYP,Cyprus,2019,7.155
CYP,Cyprus,2018,8.504
CYP,Cyprus,2017,11.155
CYP,Cyprus,2016,13.006
CYP,Cyprus,2015,15.026
CYP,Cyprus,2014,16.277
CYP,Cyprus,2013,16.131
CYP,Cyprus,2012,12.097
CYP,Cyprus,2011,7.942
CYP,Cyprus,2010,6.359
CYP,Cyprus,2009,5.594
CYP,Cyprus,2008,3.756
CYP,Cyprus,2007,3.946
CYP,Cyprus,2006,4.593
CYP,Cyprus,2005,5.481
CYP,Cyprus,2004,4.77
CYP,Cyprus,2003,4.153
CYP,Cyprus,2002,3.336
CYP,Cyprus,2001,4.043
CYP,Cyprus,2000,4.766
CZE,Czechia,2024,2.506
CZE,Czechia,2023,2.579
CZE,Czechia,2022,2.224
CZE,Czechia,2021,2.803
CZE,Czechia,2020,2.55
CZE,Czechia,2019,2.015
CZE,Czechia,2018,2.246
CZE,Czechia,2017,2.893
CZE,Czechia,2016,3.952
CZE,Czechia,2015,5.048
CZE,Czechia,2014,6.108
CZE,Czechia,2013,6.953
CZE,Czechia,2012,6.979
CZE,Czechia,2011,6.712
CZE,Czechia,2010,7.281
CZE,Czechia,2009,6.662
CZE,Czechia,2008,4.392
CZE,Czechia,2007,5.316
CZE,Czechia,2006,7.141
CZE,Czechia,2005,7.927
CZE,Czechia,2004,8.298
CZE,Czechia,2003,7.777
CZE,Czechia,2002,7.28
CZE,Czechia,2001,8.128
CZE,Czechia,2000,8.764
DNK,Denmark,2024,5.587
DNK,Denmark,2023,5.094
DNK,Denmark,2022,4.434
DNK,Denmark,2021,5.043
DNK,Denmark,2020,5.637
DNK,Denmark,2019,5.018
DNK,Denmark,2018,5.131
DNK,Denmark,2017,5.833
DNK,Denmark,2016,5.989
DNK,Denmark,2015,6.278
DNK,Denmark,2014,6.925
DNK,Denmark,2013,7.384
DNK,Denmark,2012,7.798
DNK,Denmark,2011,7.769
DNK,Denmark,2010,7.746
DNK,Denmark,2009,6.409
DNK,Denmark,2008,3.683
DNK,Denmark,2007,3.801
DNK,Denmark,2006,3.897
DNK,Denmark,2005,4.83
DNK,Denmark,2004,5.204
DNK,Denmark,2003,5.398
DNK,Denmark,2002,4.274
DNK,Denmark,2001,4.164
DNK,Denmark,2000,4.476
DJI,Djibouti,2024,25.875
DJI,Djibouti,2023,26.154
DJI,Djibouti,2022,26.307
DJI,Djibouti,2021,27.668
DJI,Djibouti,2020,27.713
DJI,Djibouti,2019,26.256
DJI,Djibouti,2018,26.184
DJI,Djibouti,2017,26.064
DJI,Djibouti,2016,25.992
DJI,Djibouti,2015,26.07
DJI,Djibouti,2014,26.173
DJI,Djibouti,2013,26.157
DJI,Djibouti,2012,26.187
DJI,Djibouti,2011,26.314
DJI,Djibouti,2010,26.371
DJI,Djibouti,2009,26.33
DJI,Djibouti,2008,26.194
DJI,Djibouti,2007,26.3
DJI,Djibouti,2006,26.387
DJI,Djibouti,2005,26.452
DJI,Djibouti,2004,26.446
DJI,Djibouti,2003,26.488
DJI,Djibouti,2002,26.59
DJI,Djibouti,2001,26.599
DJI,Djibouti,2000,26.664
DMA,Dominica,2024,
DMA,Dominica,2023,
DMA,Dominica,2022,
DMA,Dominica,2021,
DMA,Dominica,2020,
DMA,Dominica,2019,
DMA,Dominica,2018,
DMA,Dominica,2017,
DMA,Dominica,2016,
DMA,Dominica,2015,
DMA,Dominica,2014,
DMA,Dominica,2013,
DMA,Dominica,2012,
DMA,Dominica,2011,
DMA,Dominica,2010,
DMA,Dominica,2009,
DMA,Dominica,2008,
DMA,Dominica,2007,
DMA,Dominica,2006,
DMA,Dominica,2005,
DMA,Dominica,2004,
DMA,Dominica,2003,
DMA,Dominica,2002,
DMA,Dominica,2001,
DMA,Dominica,2000,
DOM,Dominican Republic,2024,5.473
DOM,Dominican Republic,2023,5.555
DOM,Dominican Republic,2022,5.504
DOM,Dominican Republic,2021,7.702
DOM,Dominican Republic,2020,6.126
DOM,Dominican Republic,2019,6.356
DOM,Dominican Republic,2018,5.861
DOM,Dominican Republic,2017,5.832
DOM,Dominican Republic,2016,7.284
DOM,Dominican Republic,2015,7.605
DOM,Dominican Republic,2014,6.719
DOM,Dominican Republic,2013,7.351
DOM,Dominican Republic,2012,6.722
DOM,Dominican Republic,2011,6.087
DOM,Dominican Republic,2010,5.212
DOM,Dominican Republic,2009,5.467
DOM,Dominican Republic,2008,4.764
DOM,Dominican Republic,2007,5.158
DOM,Dominican Republic,2006,5.654
DOM,Dominican Republic,2005,6.587
DOM,Dominican Republic,2004,6.303
DOM,Dominican Republic,2003,6.938
DOM,Dominican Republic,2002,6.779
DOM,Dominican Republic,2001,7.262
DOM,Dominican Republic,2000,6.432
ECU,Ecuador,2024,4.773
ECU,Ecuador,2023,3.51
ECU,Ecuador,2022,3.761
ECU,Ecuador,2021,4.552
ECU,Ecuador,2020,6.127
ECU,Ecuador,2019,3.812
ECU,Ecuador,2018,3.53
ECU,Ecuador,2017,3.836
ECU,Ecuador,2016,4.597
ECU,Ecuador,2015,3.616
ECU,Ecuador,2014,3.48
ECU,Ecuador,2013,3.083
ECU,Ecuador,2012,3.235
ECU,Ecuador,2011,3.458
ECU,Ecuador,2010,4.088
ECU,Ecuador,2009,4.608
ECU,Ecuador,2008,3.917
ECU,Ecuador,2007,3.142
ECU,Ecuador,2006,3.55
ECU,Ecuador,2005,3.779
ECU,Ecuador,2004,5.002
ECU,Ecuador,2003,5.662
ECU,Ecuador,2002,4.836
ECU,Ecuador,2001,4.252
ECU,Ecuador,2000,4.8
EGY,"Egypt, Arab Rep.",2024,7.198
EGY,"Egypt, Arab Rep.",2023,7.334
EGY,"Egypt, Arab Rep.",2022,7.344
EGY,"Egypt, Arab Rep.",2021,7.441
EGY,"Egypt, Arab Rep.",2020,7.974
EGY,"Egypt, Arab Rep.",2019,7.851
EGY,"Egypt, Arab Rep.",2018,9.855
EGY,"Egypt, Arab Rep.",2017,11.767
EGY,"Egypt, Arab Rep.",2016,12.45
EGY,"Egypt, Arab Rep.",2015,13.052
EGY,"Egypt, Arab Rep.",2014,13.105
EGY,"Egypt, Arab Rep.",2013,13.154
EGY,"Egypt, Arab Rep.",2012,12.597
EGY,"Egypt, Arab Rep.",2011,11.849
EGY,"Egypt, Arab Rep.",2010,8.757
EGY,"Egypt, Arab Rep.",2009,9.087
EGY,"Egypt, Arab Rep.",2008,8.517
EGY,"Egypt, Arab Rep.",2007,8.8
EGY,"Egypt, Arab Rep.",2006,10.49
EGY,"Egypt, Arab Rep.",2005,11.049
EGY,"Egypt, Arab Rep.",2004,10.32
EGY,"Egypt, Arab Rep.",2003,10.91
EGY,"Egypt, Arab Rep.",2002,10.01
EGY,"Egypt, Arab Rep.",2001,9.26
EGY,"Egypt, Arab Rep.",2000,8.98
SLV,El Salvador,2024,2.839
SLV,El Salvador,2023,2.992
SLV,El Salvador,2022,2.999
SLV,El Salvador,2021,4.327
SLV,El Salvador,2020,5.008
SLV,El Salvador,2019,4.17
SLV,El Salvador,2018,4.006
SLV,El Salvador,2017,4.385
SLV,El Salvador,2016,4.418
SLV,El Salvador,2015,3.998
SLV,El Salvador,2014,4.154
SLV,El Salvador,2013,3.693
SLV,El Salvador,2012,3.843
SLV,El Salvador,2011,4.297
SLV,El Salvador,2010,4.893
SLV,El Salvador,2009,7.33
SLV,El Salvador,2008,5.88
SLV,El Salvador,2007,6.41
SLV,El Salvador,2006,6.57
SLV,El Salvador,2005,7.22
SLV,El Salvador,2004,6.8
SLV,El Salvador,2003,6.9
SLV,El Salvador,2002,6.2
SLV,El Salvador,2001,6.96
SLV,El Salvador,2000,6.96
GNQ,Equatorial Guinea,2024,7.823
GNQ,Equatorial Guinea,2023,8.367
GNQ,Equatorial Guinea,2022,8.455
GNQ,Equatorial Guinea,2021,8.976
GNQ,Equatorial Guinea,2020,8.781
GNQ,Equatorial Guinea,2019,8.064
GNQ,Equatorial Guinea,2018,7.967
GNQ,Equatorial Guinea,2017,8.004
GNQ,Equatorial Guinea,2016,7.962
GNQ,Equatorial Guinea,2015,7.95
GNQ,Equatorial Guinea,2014,7.845
GNQ,Equatorial Guinea,2013,7.86
GNQ,Equatorial Guinea,2012,7.957
GNQ,Equatorial Guinea,2011,8.045
GNQ,Equatorial Guinea,2010,8.07
GNQ,Equatorial Guinea,2009,7.939
GNQ,Equatorial Guinea,2008,7.831
GNQ,Equatorial Guinea,2007,7.877
GNQ,Equatorial Guinea,2006,7.924
GNQ,Equatorial Guinea,2005,8.008
GNQ,Equatorial Guinea,2004,8.03
GNQ,Equatorial Guinea,2003,8.11
GNQ,Equatorial Guinea,2002,8.09
GNQ,Equatorial Guinea,2001,8.032
GNQ,Equatorial Guinea,2000,7.955
ERI,Eritrea,2024,5.553
ERI,Eritrea,2023,5.586
ERI,Eritrea,2022,5.695
ERI,Eritrea,2021,6.177
ERI,Eritrea,2020,6.088
ERI,Eritrea,2019,5.552
ERI,Eritrea,2018,5.511
ERI,Eritrea,2017,5.577
ERI,Eritrea,2016,5.554
ERI,Eritrea,2015,5.541
ERI,Eritrea,2014,5.43
ERI,Eritrea,2013,5.423
ERI,Eritrea,2012,5.501
ERI,Eritrea,2011,5.614
ERI,Eritrea,2010,5.675
ERI,Eritrea,2009,5.583
ERI,Eritrea,2008,5.524
ERI,Eritrea,2007,5.575
ERI,Eritrea,2006,5.566
ERI,Eritrea,2005,5.579
ERI,Eritrea,2004,5.569
ERI,Eritrea,2003,5.679
ERI,Eritrea,2002,5.708
ERI,Eritrea,2001,5.678
ERI,Eritrea,2000,5.608
EST,Estonia,2024,7.828
EST,Estonia,2023,6.378
EST,Estonia,2022,5.571
EST,Estonia,2021,6.178
EST,Estonia,2020,6.956
EST,Estonia,2019,4.514
EST,Estonia,2018,5.412
EST,Estonia,2017,5.807
EST,Estonia,2016,6.882
EST,Estonia,2015,6.412
EST,Estonia,2014,7.352
EST,Estonia,2013,8.631
EST,Estonia,2012,10.021
EST,Estonia,2011,12.328
EST,Estonia,2010,16.707
EST,Estonia,2009,13.548
EST,Estonia,2008,5.455
EST,Estonia,2007,4.592
EST,Estonia,2006,5.915
EST,Estonia,2005,8.033
EST,Estonia,2004,10.248
EST,Estonia,2003,11.288
EST,Estonia,2002,10.026
EST,Estonia,2001,13.134
EST,Estonia,2000,13.36
SWZ,Eswatini,2024,34.4
SWZ,Eswatini,2023,35.086
SWZ,Eswatini,2022,35.359
SWZ,Eswatini,2021,34.153
SWZ,Eswatini,2020,32.944
SWZ,Eswatini,2019,28.138
SWZ,Eswatini,2018,26.369
SWZ,Eswatini,2017,24.523
SWZ,Eswatini,2016,22.718
SWZ,Eswatini,2015,23.285
SWZ,Eswatini,2014,23.828
SWZ,Eswatini,2013,24.448
SWZ,Eswatini,2012,25.128
SWZ,Eswatini,2011,25.987
SWZ,Eswatini,2010,26.736
SWZ,Eswatini,2009,27.383
SWZ,Eswatini,2008,27.835
SWZ,Eswatini,2007,28.24
SWZ,Eswatini,2006,27.69
SWZ,Eswatini,2005,27.204
SWZ,Eswatini,2004,26.69
SWZ,Eswatini,2003,26.216
SWZ,Eswatini,2002,25.716
SWZ,Eswatini,2001,25.178
SWZ,Eswatini,2000,24.502
ETH,Ethiopia,2024,3.398
ETH,Ethiopia,2023,3.402
ETH,Ethiopia,2022,3.409
ETH,Ethiopia,2021,3.935
ETH,Ethiopia,2020,3.994
ETH,Ethiopia,2019,2.917
ETH,Ethiopia,2018,2.802
ETH,Ethiopia,2017,2.662
ETH,Ethiopia,2016,2.554
ETH,Ethiopia,2015,2.443
ETH,Ethiopia,2014,2.359
ETH,Ethiopia,2013,2.251
ETH,Ethiopia,2012,2.255
ETH,Ethiopia,2011,2.275
ETH,Ethiopia,2010,2.3
ETH,Ethiopia,2009,2.331
ETH,Ethiopia,2008,2.335
ETH,Ethiopia,2007,2.347
ETH,Ethiopia,2006,2.351
ETH,Ethiopia,2005,2.497
ETH,Ethiopia,2004,2.767
ETH,Ethiopia,2003,2.995
ETH,Ethiopia,2002,3.06
ETH,Ethiopia,2001,3.176
ETH,Ethiopia,2000,3.5
FRO,Faroe Islands,2024,
FRO,Faroe Islands,2023,
FRO,Faroe Islands,2022,
FRO,Faroe Islands,2021,
FRO,Faroe Islands,2020,
FRO,Faroe Islands,2019,
FRO,Faroe Islands,2018,
FRO,Faroe Islands,2017,
FRO,Faroe Islands,2016,
FRO,Faroe Islands,2015,
FRO,Faroe Islands,2014,
FRO,Faroe Islands,2013,
FRO,Faroe Islands,2012,
FRO,Faroe Islands,2011,
FRO,Faroe Islands,2010,
FRO,Faroe Islands,2009,
FRO,Faroe Islands,2008,
FRO,Faroe Islands,2007,
FRO,Faroe Islands,2006,
FRO,Faroe Islands,2005,
FRO,Faroe Islands,2004,
FRO,Faroe Islands,2003,
FRO,Faroe Islands,2002,
FRO,Faroe Islands,2001,
FRO,Faroe Islands,2000,
FJI,Fiji,2024,4.307
FJI,Fiji,2023,4.322
FJI,Fiji,2022,4.446
FJI,Fiji,2021,4.701
FJI,Fiji,2020,4.649
FJI,Fiji,2019,4.373
FJI,Fiji,2018,4.335
FJI,Fiji,2017,4.324
FJI,Fiji,2016,4.319
FJI,Fiji,2015,4.291
FJI,Fiji,2014,4.325
FJI,Fiji,2013,4.357
FJI,Fiji,2012,4.375
FJI,Fiji,2011,4.406
FJI,Fiji,2010,4.343
FJI,Fiji,2009,4.305
FJI,Fiji,2008,4.185
FJI,Fiji,2007,4.106
FJI,Fiji,2006,3.958
FJI,Fiji,2005,3.886
FJI,Fiji,2004,4.7
FJI,Fiji,2003,4.738
FJI,Fiji,2002,4.769
FJI,Fiji,2001,4.695
FJI,Fiji,2000,4.7
FIN,Finland,2024,8.26
FIN,Finland,2023,7.151
FIN,Finland,2022,6.719
FIN,Finland,2021,7.617
FIN,Finland,2020,7.759
FIN,Finland,2019,6.695
FIN,Finland,2018,7.361
FIN,Finland,2017,8.64
FIN,Finland,2016,8.818
FIN,Finland,2015,9.376
FIN,Finland,2014,8.663
FIN,Finland,2013,8.193
FIN,Finland,2012,7.689
FIN,Finland,2011,7.781
FIN,Finland,2010,8.394
FIN,Finland,2009,8.249
FIN,Finland,2008,6.369
FIN,Finland,2007,6.854
FIN,Finland,2006,8.935
FIN,Finland,2005,9.602
FIN,Finland,2004,10.358
FIN,Finland,2003,10.469
FIN,Finland,2002,10.423
FIN,Finland,2001,10.29
FIN,Finland,2000,11.134
FRA,France,2024,7.37
FRA,France,2023,7.335
FRA,France,2022,7.308
FRA,France,2021,7.874
FRA,France,2020,8.009
FRA,France,2019,8.415
FRA,France,2018,9.018
FRA,France,2017,9.409
FRA,France,2016,10.057
FRA,France,2015,10.354
FRA,France,2014,10.273
FRA,France,2013,9.913
FRA,France,2012,9.841
FRA,France,2011,9.228
FRA,France,2010,9.279
FRA,France,2009,9.122
FRA,France,2008,7.386
FRA,France,2007,8.008
FRA,France,2006,8.832
FRA,France,2005,8.882
FRA,France,2004,8.914
FRA,France,2003,8.306
FRA,France,2002,8.702
FRA,France,2001,8.61
FRA,France,2000,10.218
PYF,French Polynesia,2024,11.75
PYF,French Polynesia,2023,11.749
PYF,French Polynesia,2022,11.888
PYF,French Polynesia,2021,12.531
PYF,French Polynesia,2020,12.951
PYF,French Polynesia,2019,11.565
PYF,French Polynesia,2018,11.572
PYF,French Polynesia,2017,11.573
PYF,French Polynesia,2016,11.715
PYF,French Polynesia,2015,11.789
PYF,French Polynesia,2014,11.889
PYF,French Polynesia,2013,12.029
PYF,French Polynesia,2012,12.143
PYF,French Polynesia,2011,12.274
PYF,French Polynesia,2010,12.145
PYF,French Polynesia,2009,11.97
PYF,French Polynesia,2008,11.759
PYF,French Polynesia,2007,11.74
PYF,French Polynesia,2006,11.769
PYF,French Polynesia,2005,11.722
PYF,French Polynesia,2004,11.701
PYF,French Polynesia,2003,11.753
PYF,French Polynesia,2002,11.71
PYF,French Polynesia,2001,11.664
PYF,French Polynesia,2000,11.579
GAB,Gabon,2024,20.061
GAB,Gabon,2023,20.278
GAB,Gabon,2022,20.399
GAB,Gabon,2021,21.218
GAB,Gabon,2020,21.27
GAB,Gabon,2019,20.358
GAB,Gabon,2018,20.439
GAB,Gabon,2017,20.303
GAB,Gabon,2016,20.134
GAB,Gabon,2015,19.978
GAB,Gabon,2014,19.916
GAB,Gabon,2013,19.794
GAB,Gabon,2012,19.728
GAB,Gabon,2011,19.941
GAB,Gabon,2010,20.39
GAB,Gabon,2009,19.753
GAB,Gabon,2008,19.191
GAB,Gabon,2007,18.261
GAB,Gabon,2006,17.785
GAB,Gabon,2005,16.91
GAB,Gabon,2004,17.095
GAB,Gabon,2003,17.119
GAB,Gabon,2002,17.351
GAB,Gabon,2001,17.762
GAB,Gabon,2000,17.789
GMB,"Gambia, The",2024,6.496
GMB,"Gambia, The",2023,6.479
GMB,"Gambia, The",2022,6.076
GMB,"Gambia, The",2021,6.269
GMB,"Gambia, The",2020,5.892
GMB,"Gambia, The",2019,4.538
GMB,"Gambia, The",2018,4.127
GMB,"Gambia, The",2017,5.157
GMB,"Gambia, The",2016,6.285
GMB,"Gambia, The",2015,7.26
GMB,"Gambia, The",2014,8.218
GMB,"Gambia, The",2013,9.454
GMB,"Gambia, The",2012,10.346
GMB,"Gambia, The",2011,10.283
GMB,"Gambia, The",2010,9.723
GMB,"Gambia, The",2009,9.823
GMB,"Gambia, The",2008,10.092
GMB,"Gambia, The",2007,10.428
GMB,"Gambia, The",2006,10.259
GMB,"Gambia, The",2005,9.963
GMB,"Gambia, The",2004,9.991
GMB,"Gambia, The",2003,10.032
GMB,"Gambia, The",2002,10.079
GMB,"Gambia, The",2001,9.708
GMB,"Gambia, The",2000,9.787
GEO,Georgia,2024,11.48
GEO,Georgia,2023,11.537
GEO,Georgia,2022,11.647
GEO,Georgia,2021,11.791
GEO,Georgia,2020,11.73
GEO,Georgia,2019,11.565
GEO,Georgia,2018,12.667
GEO,Georgia,2017,13.939
GEO,Georgia,2016,16.604
GEO,Georgia,2015,16.506
GEO,Georgia,2014,17.439
GEO,Georgia,2013,19.416
GEO,Georgia,2012,19.653
GEO,Georgia,2011,19.632
GEO,Georgia,2010,20.203
GEO,Georgia,2009,20.71
GEO,Georgia,2008,17.87
GEO,Georgia,2007,13.28
GEO,Georgia,2006,13.57
GEO,Georgia,2005,13.81
GEO,Georgia,2004,12.62
GEO,Georgia,2003,11.51
GEO,Georgia,2002,12.59
GEO,Georgia,2001,11.16
GEO,Georgia,2000,10.82
DEU,Germany,2024,3.406
DEU,Germany,2023,3.068
DEU,Germany,2022,3.12
DEU,Germany,2021,3.594
DEU,Germany,2020,3.881
DEU,Germany,2019,3.163
DEU,Germany,2018,3.384
DEU,Germany,2017,3.781
DEU,Germany,2016,4.104
DEU,Germany,2015,4.612
DEU,Germany,2014,4.979
DEU,Germany,2013,5.316
DEU,Germany,2012,5.372
DEU,Germany,2011,5.967
DEU,Germany,2010,7.043
DEU,Germany,2009,7.88
DEU,Germany,2008,7.508
DEU,Germany,2007,8.732
DEU,Germany,2006,10.277
DEU,Germany,2005,11.193
DEU,Germany,2004,10.727
DEU,Germany,2003,9.779
DEU,Germany,2002,8.482
DEU,Germany,2001,7.773
DEU,Germany,2000,7.917
GHA,Ghana,2024,3.007
GHA,Ghana,2023,3.063
GHA,Ghana,2022,3.084
GHA,Ghana,2021,3.384
GHA,Ghana,2020,3.313
GHA,Ghana,2019,3.16
GHA,Ghana,2018,3.253
GHA,Ghana,2017,3.369
GHA,Ghana,2016,5.232
GHA,Ghana,2015,6.806
GHA,Ghana,2014,4.415
GHA,Ghana,2013,2.173
GHA,Ghana,2012,3.141
GHA,Ghana,2011,4.227
GHA,Ghana,2010,5.384
GHA,Ghana,2009,5.348
GHA,Ghana,2008,5.144
GHA,Ghana,2007,5.092
GHA,Ghana,2006,4.897
GHA,Ghana,2005,5.816
GHA,Ghana,2004,6.756
GHA,Ghana,2003,7.72
GHA,Ghana,2002,8.695
GHA,Ghana,2001,9.602
GHA,Ghana,2000,10.456
GIB,Gibraltar,2024,
GIB,Gibraltar,2023,
GIB,Gibraltar,2022,
GIB,Gibraltar,2021,
GIB,Gibraltar,2020,
GIB,Gibraltar,2019,
GIB,Gibraltar,2018,
GIB,Gibraltar,2017,
GIB,Gibraltar,2016,
GIB,Gibraltar,2015,
GIB,Gibraltar,2014,
GIB,Gibraltar,2013,
GIB,Gibraltar,2012,
GIB,Gibraltar,2011,
GIB,Gibraltar,2010,
GIB,Gibraltar,2009,
GIB,Gibraltar,2008,
GIB,Gibraltar,2007,
GIB,Gibraltar,2006,
GIB,Gibraltar,2005,
GIB,Gibraltar,2004,
GIB,Gibraltar,2003,
GIB,Gibraltar,2002,
GIB,Gibraltar,2001,
GIB,Gibraltar,2000,
GRC,Greece,2024,10.133
GRC,Greece,2023,11.066
GRC,Greece,2022,12.426
GRC,Greece,2021,14.656
GRC,Greece,2020,15.899
GRC,Greece,2019,17.045
GRC,Greece,2018,19.179
GRC,Greece,2017,21.413
GRC,Greece,2016,23.514
GRC,Greece,2015,24.981
GRC,Greece,2014,26.708
GRC,Greece,2013,27.686
GRC,Greece,2012,24.731
GRC,Greece,2011,17.973
GRC,Greece,2010,12.719
GRC,Greece,2009,9.546
GRC,Greece,2008,7.664
GRC,Greece,2007,8.351
GRC,Greece,2006,8.906
GRC,Greece,2005,10.074
GRC,Greece,2004,10.628
GRC,Greece,2003,9.839
GRC,Greece,2002,10.346
GRC,Greece,2001,10.764
GRC,Greece,2000,11.345
GRL,Greenland,2024,
GRL,Greenland,2023,
GRL,Greenland,2022,
GRL,Greenland,2021,
GRL,Greenland,2020,
GRL,Greenland,2019,
GRL,Greenland,2018,
GRL,Greenland,2017,
GRL,Greenland,2016,
GRL,Greenland,2015,
GRL,Greenland,2014,
GRL,Greenland,2013,
GRL,Greenland,2012,
GRL,Greenland,2011,
GRL,Greenland,2010,
GRL,Greenland,2009,
GRL,Greenland,2008,
GRL,Greenland,2007,
GRL,Greenland,2006,
GRL,Greenland,2005,
GRL,Greenland,2004,
GRL,Greenland,2003,
GRL,Greenland,2002,
GRL,Greenland,2001,
GRL,Greenland,2000,
GRD,Grenada,2024,
GRD,Grenada,2023,
GRD,Grenada,2022,
GRD,Grenada,2021,
GRD,Grenada,2020,
GRD,Grenada,2019,
GRD,Grenada,2018,
GRD,Grenada,2017,
GRD,Grenada,2016,
GRD,Grenada,2015,
GRD,Grenada,2014,
GRD,Grenada,2013,
GRD,Grenada,2012,
GRD,Grenada,2011,
GRD,Grenada,2010,
GRD,Grenada,2009,
GRD,Grenada,2008,
GRD,Grenada,2007,
GRD,Grenada,2006,
GRD,Grenada,2005,
GRD,Grenada,2004,
GRD,Grenada,2003,
GRD,Grenada,2002,
GRD,Grenada,2001,
GRD,Grenada,2000,
GUM,Guam,2024,5.586
GUM,Guam,2023,5.363
GUM,Guam,2022,5.454
GUM,Guam,2021,5.991
GUM,Guam,2020,6.248
GUM,Guam,2019,5.401
GUM,Guam,2018,5.449
GUM,Guam,2017,5.418
GUM,Guam,2016,5.4
GUM,Guam,2015,6.9
GUM,Guam,2014,7.6
GUM,Guam,2013,11.5
GUM,Guam,2012,12.2
GUM,Guam,2011,13.3
GUM,Guam,2010,8.2
GUM,Guam,2009,9.3
GUM,Guam,2008,8.892
GUM,Guam,2007,8.3
GUM,Guam,2006,7.4
GUM,Guam,2005,7.0
GUM,Guam,2004,7.7
GUM,Guam,2003,9.697
GUM,Guam,2002,11.39
GUM,Guam,2001,13.213
GUM,Guam,2000,15.32
GTM,Guatemala,2024,2.219
GTM,Guatemala,2023,2.344
GTM,Guatemala,2022,3.051
GTM,Guatemala,2021,2.174
GTM,Guatemala,2020,2.955
GTM,Guatemala,2019,2.193
GTM,Guatemala,2018,2.283
GTM,Guatemala,2017,2.462
GTM,Guatemala,2016,2.583
GTM,Guatemala,2015,2.506
GTM,Guatemala,2014,2.717
GTM,Guatemala,2013,3.017
GTM,Guatemala,2012,2.765
GTM,Guatemala,2011,3.172
GTM,Guatemala,2010,3.497
GTM,Guatemala,2009,3.208
GTM,Guatemala,2008,2.873
GTM,Guatemala,2007,2.824
GTM,Guatemala,2006,2.948
GTM,Guatemala,2005,3.059
GTM,Guatemala,2004,2.971
GTM,Guatemala,2003,2.807
GTM,Guatemala,2002,2.747
GTM,Guatemala,2001,2.745
GTM,Guatemala,2000,2.606
GIN,Guinea,2024,5.23
GIN,Guinea,2023,5.244
GIN,Guinea,2022,5.267
GIN,Guinea,2021,5.827
GIN,Guinea,2020,6.018
GIN,Guinea,2019,5.018
GIN,Guinea,2018,4.787
GIN,Guinea,2017,4.826
GIN,Guinea,2016,5.013
GIN,Guinea,2015,5.224
GIN,Guinea,2014,5.09
GIN,Guinea,2013,4.967
GIN,Guinea,2012,4.884
GIN,Guinea,2011,5.094
GIN,Guinea,2010,5.097
GIN,Guinea,2009,4.967
GIN,Guinea,2008,4.829
GIN,Guinea,2007,4.818
GIN,Guinea,2006,4.93
GIN,Guinea,2005,4.875
GIN,Guinea,2004,4.743
GIN,Guinea,2003,4.644
GIN,Guinea,2002,4.549
GIN,Guinea,2001,4.597
GIN,Guinea,2000,4.599
GNB,Guinea-Bissau,2024,2.622
GNB,Guinea-Bissau,2023,2.65
GNB,Guinea-Bissau,2022,2.666
GNB,Guinea-Bissau,2021,3.031
GNB,Guinea-Bissau,2020,2.89
GNB,Guinea-Bissau,2019,2.413
GNB,Guinea-Bissau,2018,3.127
GNB,Guinea-Bissau,2017,3.066
GNB,Guinea-Bissau,2016,3.123
GNB,Guinea-Bissau,2015,3.157
GNB,Guinea-Bissau,2014,3.254
GNB,Guinea-Bissau,2013,3.162
GNB,Guinea-Bissau,2012,3.143
GNB,Guinea-Bissau,2011,3.08
GNB,Guinea-Bissau,2010,3.137
GNB,Guinea-Bissau,2009,3.152
GNB,Guinea-Bissau,2008,3.164
GNB,Guinea-Bissau,2007,3.149
GNB,Guinea-Bissau,2006,3.154
GNB,Guinea-Bissau,2005,3.174
GNB,Guinea-Bissau,2004,3.238
GNB,Guinea-Bissau,2003,3.244
GNB,Guinea-Bissau,2002,3.181
GNB,Guinea-Bissau,2001,3.154
GNB,Guinea-Bissau,2000,3.557
GUY,Guyana,2024,10.165
GUY,Guyana,2023,12.025
GUY,Guyana,2022,12.013
GUY,Guyana,2021,14.557
GUY,Guyana,2020,15.334
GUY,Guyana,2019,13.172
GUY,Guyana,2018,13.627
GUY,Guyana,2017,13.462
GUY,Guyana,2016,13.257
GUY,Guyana,2015,13.004
GUY,Guyana,2014,12.639
GUY,Guyana,2013,12.303
GUY,Guyana,2012,12.038
GUY,Guyana,2011,11.819
GUY,Guyana,2010,11.636
GUY,Guyana,2009,11.314
GUY,Guyana,2008,11.027
GUY,Guyana,2007,10.846
GUY,Guyana,2006,10.7
GUY,Guyana,2005,11.08
GUY,Guyana,2004,11.28
GUY,Guyana,2003,11.529
GUY,Guyana,2002,11.81
GUY,Guyana,2001,11.806
GUY,Guyana,2000,11.93
HTI,Haiti,2024,15.058
HTI,Haiti,2023,14.556
HTI,Haiti,2022,14.635
HTI,Haiti,2021,15.28
HTI,Haiti,2020,15.546
HTI,Haiti,2019,14.057
HTI,Haiti,2018,13.878
HTI,Haiti,2017,13.881
HTI,Haiti,2016,13.852
HTI,Haiti,2015,13.724
HTI,Haiti,2014,13.755
HTI,Haiti,2013,13.642
HTI,Haiti,2012,14.1
HTI,Haiti,2011,14.485
HTI,Haiti,2010,15.252
HTI,Haiti,2009,15.351
HTI,Haiti,2008,16.195
HTI,Haiti,2007,16.8
HTI,Haiti,2006,15.908
HTI,Haiti,2005,14.587
HTI,Haiti,2004,13.453
HTI,Haiti,2003,12.18
HTI,Haiti,2002,11.046
HTI,Haiti,2001,9.754
HTI,Haiti,2000,8.454
HND,Honduras,2024,6.061
HND,Honduras,2023,6.07
HND,Honduras,2022,8.774
HND,Honduras,2021,8.506
HND,Honduras,2020,10.982
HND,Honduras,2019,5.698
HND,Honduras,2018,5.648
HND,Honduras,2017,5.528
HND,Honduras,2016,6.727
HND,Honduras,2015,6.147
HND,Honduras,2014,7.078
HND,Honduras,2013,5.646
HND,Honduras,2012,3.755
HND,Honduras,2011,4.474
HND,Honduras,2010,4.119
HND,Honduras,2009,3.292
HND,Honduras,2008,3.156
HND,Honduras,2007,3.211
HND,Honduras,2006,3.574
HND,Honduras,2005,4.909
HND,Honduras,2004,5.99
HND,Honduras,2003,5.3
HND,Honduras,2002,4.02
HND,Honduras,2001,4.0
HND,Honduras,2000,3.881
HKG,"Hong Kong SAR, China",2024,2.793
HKG,"Hong Kong SAR, China",2023,2.949
HKG,"Hong Kong SAR, China",2022,4.318
HKG,"Hong Kong SAR, China",2021,5.174
HKG,"Hong Kong SAR, China",2020,5.808
HKG,"Hong Kong SAR, China",2019,2.917
HKG,"Hong Kong SAR, China",2018,2.805
HKG,"Hong Kong SAR, China",2017,3.124
HKG,"Hong Kong SAR, China",2016,3.392
HKG,"Hong Kong SAR, China",2015,3.314
HKG,"Hong Kong SAR, China",2014,3.296
HKG,"Hong Kong SAR, China",2013,3.4
HKG,"Hong Kong SAR, China",2012,3.285
HKG,"Hong Kong SAR, China",2011,3.422
HKG,"Hong Kong SAR, China",2010,4.329
HKG,"Hong Kong SAR, China",2009,5.26
HKG,"Hong Kong SAR, China",2008,3.56
HKG,"Hong Kong SAR, China",2007,4.01
HKG,"Hong Kong SAR, China",2006,4.77
HKG,"Hong Kong SAR, China",2005,5.58
HKG,"Hong Kong SAR, China",2004,6.74
HKG,"Hong Kong SAR, China",2003,7.86
HKG,"Hong Kong SAR, China",2002,7.28
HKG,"Hong Kong SAR, China",2001,5.09
HKG,"Hong Kong SAR, China",2000,4.92
HUN,Hungary,2024,4.434
HUN,Hungary,2023,4.107
HUN,Hungary,2022,3.609
HUN,Hungary,2021,4.045
HUN,Hungary,2020,4.25
HUN,Hungary,2019,3.419
HUN,Hungary,2018,3.708
HUN,Hungary,2017,4.156
HUN,Hungary,2016,5.115
HUN,Hungary,2015,6.813
HUN,Hungary,2014,7.725
HUN,Hungary,2013,10.177
HUN,Hungary,2012,11.003
HUN,Hungary,2011,11.029
HUN,Hungary,2010,11.172
HUN,Hungary,2009,10.03
HUN,Hungary,2008,7.817
HUN,Hungary,2007,7.406
HUN,Hungary,2006,7.494
HUN,Hungary,2005,7.189
HUN,Hungary,2004,5.832
HUN,Hungary,2003,5.79
HUN,Hungary,2002,5.608
HUN,Hungary,2001,5.671
HUN,Hungary,2000,6.563
ISL,Iceland,2024,3.107
ISL,Iceland,2023,3.518
ISL,Iceland,2022,3.789
ISL,Iceland,2021,6.029
ISL,Iceland,2020,5.478
ISL,Iceland,2019,3.507
ISL,Iceland,2018,2.704
ISL,Iceland,2017,2.742
ISL,Iceland,2016,2.978
ISL,Iceland,2015,3.979
ISL,Iceland,2014,4.897
ISL,Iceland,2013,5.376
ISL,Iceland,2012,6.0
ISL,Iceland,2011,7.028
ISL,Iceland,2010,7.564
ISL,Iceland,2009,7.22
ISL,Iceland,2008,2.946
ISL,Iceland,2007,2.251
ISL,Iceland,2006,2.83
ISL,Iceland,2005,2.547
ISL,Iceland,2004,4.031
ISL,Iceland,2003,3.997
ISL,Iceland,2002,2.988
ISL,Iceland,2001,1.874
ISL,Iceland,2000,1.936
IND,India,2024,4.202
IND,India,2023,4.172
IND,India,2022,4.822
IND,India,2021,6.38
IND,India,2020,7.859
IND,India,2019,6.51
IND,India,2018,7.652
IND,India,2017,7.618
IND,India,2016,7.601
IND,India,2015,7.631
IND,India,2014,7.674
IND,India,2013,7.711
IND,India,2012,7.666
IND,India,2011,7.616
IND,India,2010,7.652
IND,India,2009,7.664
IND,India,2008,7.656
IND,India,2007,7.561
IND,India,2006,7.552
IND,India,2005,7.552
IND,India,2004,7.625
IND,India,2003,7.68
IND,India,2002,7.753
IND,India,2001,7.653
IND,India,2000,7.624
IDN,Indonesia,2024,3.3
IDN,Indonesia,2023,3.308
IDN,Indonesia,2022,3.462
IDN,Indonesia,2021,3.827
IDN,Indonesia,2020,4.255
IDN,Indonesia,2019,3.59
IDN,Indonesia,2018,4.387
IDN,Indonesia,2017,3.783
IDN,Indonesia,2016,4.301
IDN,Indonesia,2015,4.514
IDN,Indonesia,2014,4.049
IDN,Indonesia,2013,4.336
IDN,Indonesia,2012,4.468
IDN,Indonesia,2011,5.153
IDN,Indonesia,2010,5.614
IDN,Indonesia,2009,6.106
IDN,Indonesia,2008,7.208
IDN,Indonesia,2007,8.06
IDN,Indonesia,2006,7.551
IDN,Indonesia,2005,7.945
IDN,Indonesia,2004,7.303
IDN,Indonesia,2003,6.657
IDN,Indonesia,2002,6.604
IDN,Indonesia,2001,6.082
IDN,Indonesia,2000,6.077
IRN,"Iran, Islamic Rep.",2024,9.192
IRN,"Iran, Islamic Rep.",2023,9.041
IRN,"Iran, Islamic Rep.",2022,9.085
IRN,"Iran, Islamic Rep.",2021,9.282
IRN,"Iran, Islamic Rep.",2020,9.687
IRN,"Iran, Islamic Rep.",2019,10.74
IRN,"Iran, Islamic Rep.",2018,12.195
IRN,"Iran, Islamic Rep.",2017,12.232
IRN,"Iran, Islamic Rep.",2016,12.618
IRN,"Iran, Islamic Rep.",2015,11.166
IRN,"Iran, Islamic Rep.",2014,10.68
IRN,"Iran, Islamic Rep.",2013,10.595
IRN,"Iran, Islamic Rep.",2012,12.275
IRN,"Iran, Islamic Rep.",2011,12.491
IRN,"Iran, Islamic Rep.",2010,13.679
IRN,"Iran, Islamic Rep.",2009,12.113
IRN,"Iran, Islamic Rep.",2008,10.63
IRN,"Iran, Islamic Rep.",2007,10.772
IRN,"Iran, Islamic Rep.",2006,11.519
IRN,"Iran, Islamic Rep.",2005,11.813
IRN,"Iran, Islamic Rep.",2004,10.3
IRN,"Iran, Islamic Rep.",2003,11.529
IRN,"Iran, Islamic Rep.",2002,12.8
IRN,"Iran, Islamic Rep.",2001,12.36
IRN,"Iran, Islamic Rep.",2000,11.696
IRQ,Iraq,2024,15.524
IRQ,Iraq,2023,15.447
IRQ,Iraq,2022,15.511
IRQ,Iraq,2021,16.173
IRQ,Iraq,2020,15.778
IRQ,Iraq,2019,14.109
IRQ,Iraq,2018,13.49
IRQ,Iraq,2017,13.02
IRQ,Iraq,2016,10.82
IRQ,Iraq,2015,10.842
IRQ,Iraq,2014,10.59
IRQ,Iraq,2013,9.205
IRQ,Iraq,2012,7.965
IRQ,Iraq,2011,8.191
IRQ,Iraq,2010,8.267
IRQ,Iraq,2009,8.414
IRQ,Iraq,2008,8.467
IRQ,Iraq,2007,8.646
IRQ,Iraq,2006,8.42
IRQ,Iraq,2005,8.578
IRQ,Iraq,2004,8.719
IRQ,Iraq,2003,8.955
IRQ,Iraq,2002,8.621
IRQ,Iraq,2001,8.261
IRQ,Iraq,2000,8.058
IRL,Ireland,2024,4.369
IRL,Ireland,2023,4.288
IRL,Ireland,2022,4.501
IRL,Ireland,2021,6.364
IRL,Ireland,2020,5.623
IRL,Ireland,2019,4.95
IRL,Ireland,2018,5.741
IRL,Ireland,2017,6.713
IRL,Ireland,2016,8.374
IRL,Ireland,2015,9.908
IRL,Ireland,2014,11.858
IRL,Ireland,2013,13.735
IRL,Ireland,2012,15.451
IRL,Ireland,2011,15.354
IRL,Ireland,2010,14.534
IRL,Ireland,2009,12.609
IRL,Ireland,2008,6.774
IRL,Ireland,2007,4.98
IRL,Ireland,2006,4.355
IRL,Ireland,2005,4.237
IRL,Ireland,2004,4.491
IRL,Ireland,2003,4.478
IRL,Ireland,2002,4.216
IRL,Ireland,2001,3.684
IRL,Ireland,2000,4.318
IMN,Isle of Man,2024,
IMN,Isle of Man,2023,
IMN,Isle of Man,2022,
IMN,Isle of Man,2021,
IMN,Isle of Man,2020,
IMN,Isle of Man,2019,
IMN,Isle of Man,2018,
IMN,Isle of Man,2017,
IMN,Isle of Man,2016,
IMN,Isle of Man,2015,
IMN,Isle of Man,2014,
IMN,Isle of Man,2013,
IMN,Isle of Man,2012,
IMN,Isle of Man,2011,
IMN,Isle of Man,2010,
IMN,Isle of Man,2009,
IMN,Isle of Man,2008,
IMN,Isle of Man,2007,
IMN,Isle of Man,2006,
IMN,Isle of Man,2005,
IMN,Isle of Man,2004,
IMN,Isle of Man,2003,
IMN,Isle of Man,2002,
IMN,Isle of Man,2001,
IMN,Isle of Man,2000,
ISR,Israel,2024,3.15
ISR,Israel,2023,3.596
ISR,Israel,2022,3.695
ISR,Israel,2021,4.812
ISR,Israel,2020,4.169
ISR,Israel,2019,3.731
ISR,Israel,2018,3.917
ISR,Israel,2017,4.14
ISR,Israel,2016,4.723
ISR,Israel,2015,5.176
ISR,Israel,2014,5.789
ISR,Israel,2013,6.137
ISR,Israel,2012,6.762
ISR,Israel,2011,7.139
ISR,Israel,2010,8.48
ISR,Israel,2009,9.534
ISR,Israel,2008,7.704
ISR,Israel,2007,9.379
ISR,Israel,2006,10.707
ISR,Israel,2005,11.342
ISR,Israel,2004,13.029
ISR,Israel,2003,13.505
ISR,Israel,2002,12.888
ISR,Israel,2001,11.812
ISR,Israel,2000,11.102
ITA,Italy,2024,6.778
ITA,Italy,2023,7.627
ITA,Italy,2022,8.069
ITA,Italy,2021,9.497
ITA,Italy,2020,9.164
ITA,Italy,2019,9.951
ITA,Italy,2018,10.61
ITA,Italy,2017,11.211
ITA,Italy,2016,11.688
ITA,Italy,2015,11.896
ITA,Italy,2014,12.683
ITA,Italy,2013,12.149
ITA,Italy,2012,10.655
ITA,Italy,2011,8.359
ITA,Italy,2010,8.363
ITA,Italy,2009,7.749
ITA,Italy,2008,6.723
ITA,Italy,2007,6.076
ITA,Italy,2006,6.777
ITA,Italy,2005,7.73
ITA,Italy,2004,7.866
ITA,Italy,2003,8.869
ITA,Italy,2002,9.211
ITA,Italy,2001,9.599
ITA,Italy,2000,10.834
JAM,Jamaica,2024,4.885
JAM,Jamaica,2023,4.4
JAM,Jamaica,2022,4.083
JAM,Jamaica,2021,5.188
JAM,Jamaica,2020,6.501
JAM,Jamaica,2019,4.987
JAM,Jamaica,2018,5.47
JAM,Jamaica,2017,7.399
JAM,Jamaica,2016,8.634
JAM,Jamaica,2015,8.825
JAM,Jamaica,2014,9.046
JAM,Jamaica,2013,9.698
JAM,Jamaica,2012,8.695
JAM,Jamaica,2011,8.034
JAM,Jamaica,2010,7.63
JAM,Jamaica,2009,7.314
JAM,Jamaica,2008,6.666
JAM,Jamaica,2007,6.606
JAM,Jamaica,2006,6.605
JAM,Jamaica,2005,6.577
JAM,Jamaica,2004,6.539
JAM,Jamaica,2003,6.535
JAM,Jamaica,2002,6.619
JAM,Jamaica,2001,6.646
JAM,Jamaica,2000,6.762
JPN,Japan,2024,2.563
JPN,Japan,2023,2.6
JPN,Japan,2022,2.6
JPN,Japan,2021,2.828
JPN,Japan,2020,2.809
JPN,Japan,2019,2.351
JPN,Japan,2018,2.467
JPN,Japan,2017,2.822
JPN,Japan,2016,3.132
JPN,Japan,2015,3.385
JPN,Japan,2014,3.589
JPN,Japan,2013,4.038
JPN,Japan,2012,4.358
JPN,Japan,2011,4.55
JPN,Japan,2010,5.102
JPN,Japan,2009,5.068
JPN,Japan,2008,4.002
JPN,Japan,2007,3.888
JPN,Japan,2006,4.192
JPN,Japan,2005,4.446
JPN,Japan,2004,4.734
JPN,Japan,2003,5.251
JPN,Japan,2002,5.386
JPN,Japan,2001,5.02
JPN,Japan,2000,4.748
JOR,Jordan,2024,17.996
JOR,Jordan,2023,17.969
JOR,Jordan,2022,18.2
JOR,Jordan,2021,19.837
JOR,Jordan,2020,19.213
JOR,Jordan,2019,16.801
JOR,Jordan,2018,18.257
JOR,Jordan,2017,18.12
JOR,Jordan,2016,15.275
JOR,Jordan,2015,13.075
JOR,Jordan,2014,11.9
JOR,Jordan,2013,12.6
JOR,Jordan,2012,12.2
JOR,Jordan,2011,12.9
JOR,Jordan,2010,12.5
JOR,Jordan,2009,12.9
JOR,Jordan,2008,12.7
JOR,Jordan,2007,13.1
JOR,Jordan,2006,14.0
JOR,Jordan,2005,14.8
JOR,Jordan,2004,14.628
JOR,Jordan,2003,14.5
JOR,Jordan,2002,15.3
JOR,Jordan,2001,14.7
JOR,Jordan,2000,13.7
KAZ,Kazakhstan,2024,4.794
KAZ,Kazakhstan,2023,4.821
KAZ,Kazakhstan,2022,4.86
KAZ,Kazakhstan,2021,5.546
KAZ,Kazakhstan,2020,4.89
KAZ,Kazakhstan,2019,4.8
KAZ,Kazakhstan,2018,4.85
KAZ,Kazakhstan,2017,4.9
KAZ,Kazakhstan,2016,4.96
KAZ,Kazakhstan,2015,4.93
KAZ,Kazakhstan,2014,5.06
KAZ,Kazakhstan,2013,5.2
KAZ,Kazakhstan,2012,5.29
KAZ,Kazakhstan,2011,5.39
KAZ,Kazakhstan,2010,5.77
KAZ,Kazakhstan,2009,6.55
KAZ,Kazakhstan,2008,6.63
KAZ,Kazakhstan,2007,7.26
KAZ,Kazakhstan,2006,7.79
KAZ,Kazakhstan,2005,8.13
KAZ,Kazakhstan,2004,8.4
KAZ,Kazakhstan,2003,8.78
KAZ,Kazakhstan,2002,9.33
KAZ,Kazakhstan,2001,10.43
KAZ,Kazakhstan,2000,12.75
KEN,Kenya,2024,5.434
KEN,Kenya,2023,5.567
KEN,Kenya,2022,5.707
KEN,Kenya,2021,5.693
KEN,Kenya,2020,5.619
KEN,Kenya,2019,5.014
KEN,Kenya,2018,4.284
KEN,Kenya,2017,3.541
KEN,Kenya,2016,2.757
KEN,Kenya,2015,2.762
KEN,Kenya,2014,2.768
KEN,Kenya,2013,2.764
KEN,Kenya,2012,2.682
KEN,Kenya,2011,2.704
KEN,Kenya,2010,2.796
KEN,Kenya,2009,2.818
KEN,Kenya,2008,2.756
KEN,Kenya,2007,2.65
KEN,Kenya,2006,2.68
KEN,Kenya,2005,2.745
KEN,Kenya,2004,2.848
KEN,Kenya,2003,2.873
KEN,Kenya,2002,2.919
KEN,Kenya,2001,2.881
KEN,Kenya,2000,2.889
KIR,Kiribati,2024,
KIR,Kiribati,2023,
KIR,Kiribati,2022,
KIR,Kiribati,2021,
KIR,Kiribati,2020,
KIR,Kiribati,2019,
KIR,Kiribati,2018,
KIR,Kiribati,2017,
KIR,Kiribati,2016,
KIR,Kiribati,2015,
KIR,Kiribati,2014,
KIR,Kiribati,2013,
KIR,Kiribati,2012,
KIR,Kiribati,2011,
KIR,Kiribati,2010,
KIR,Kiribati,2009,
KIR,Kiribati,2008,
KIR,Kiribati,2007,
KIR,Kiribati,2006,
KIR,Kiribati,2005,
KIR,Kiribati,2004,
KIR,Kiribati,2003,
KIR,Kiribati,2002,
KIR,Kiribati,2001,
KIR,Kiribati,2000,
PRK,"Korea, Dem. People's Rep.",2024,2.859
PRK,"Korea, Dem. People's Rep.",2023,2.831
PRK,"Korea, Dem. People's Rep.",2022,2.805
PRK,"Korea, Dem. People's Rep.",2021,3.0
PRK,"Korea, Dem. People's Rep.",2020,2.948
PRK,"Korea, Dem. People's Rep.",2019,2.782
PRK,"Korea, Dem. People's Rep.",2018,2.757
PRK,"Korea, Dem. People's Rep.",2017,2.846
PRK,"Korea, Dem. People's Rep.",2016,2.931
PRK,"Korea, Dem. People's Rep.",2015,2.896
PRK,"Korea, Dem. People's Rep.",2014,2.883
PRK,"Korea, Dem. People's Rep.",2013,2.928
PRK,"Korea, Dem. People's Rep.",2012,2.916
PRK,"Korea, Dem. People's Rep.",2011,2.894
PRK,"Korea, Dem. People's Rep.",2010,2.81
PRK,"Korea, Dem. People's Rep.",2009,2.871
PRK,"Korea, Dem. People's Rep.",2008,2.873
PRK,"Korea, Dem. People's Rep.",2007,2.936
PRK,"Korea, Dem. People's Rep.",2006,2.944
PRK,"Korea, Dem. People's Rep.",2005,2.972
PRK,"Korea, Dem. People's Rep.",2004,3.016
PRK,"Korea, Dem. People's Rep.",2003,3.059
PRK,"Korea, Dem. People's Rep.",2002,3.043
PRK,"Korea, Dem. People's Rep.",2001,3.07
PRK,"Korea, Dem. People's Rep.",2000,3.05
KOR,"Korea, Rep.",2024,2.604
KOR,"Korea, Rep.",2023,2.675
KOR,"Korea, Rep.",2022,2.857
KOR,"Korea, Rep.",2021,3.639
KOR,"Korea, Rep.",2020,3.931
KOR,"Korea, Rep.",2019,3.746
KOR,"Korea, Rep.",2018,3.824
KOR,"Korea, Rep.",2017,3.653
KOR,"Korea, Rep.",2016,3.65
KOR,"Korea, Rep.",2015,3.546
KOR,"Korea, Rep.",2014,3.082
KOR,"Korea, Rep.",2013,2.747
KOR,"Korea, Rep.",2012,2.812
KOR,"Korea, Rep.",2011,2.992
KOR,"Korea, Rep.",2010,3.324
KOR,"Korea, Rep.",2009,3.363
KOR,"Korea, Rep.",2008,2.959
KOR,"Korea, Rep.",2007,3.013
KOR,"Korea, Rep.",2006,3.254
KOR,"Korea, Rep.",2005,3.482
KOR,"Korea, Rep.",2004,3.42
KOR,"Korea, Rep.",2003,3.348
KOR,"Korea, Rep.",2002,3.046
KOR,"Korea, Rep.",2001,3.699
KOR,"Korea, Rep.",2000,4.063
XKX,Kosovo,2024,
XKX,Kosovo,2023,
XKX,Kosovo,2022,
XKX,Kosovo,2021,
XKX,Kosovo,2020,
XKX,Kosovo,2019,
XKX,Kosovo,2018,
XKX,Kosovo,2017,
XKX,Kosovo,2016,
XKX,Kosovo,2015,
XKX,Kosovo,2014,
XKX,Kosovo,2013,
XKX,Kosovo,2012,
XKX,Kosovo,2011,
XKX,Kosovo,2010,
XKX,Kosovo,2009,
XKX,Kosovo,2008,
XKX,Kosovo,2007,
XKX,Kosovo,2006,
XKX,Kosovo,2005,
XKX,Kosovo,2004,
XKX,Kosovo,2003,
XKX,Kosovo,2002,
XKX,Kosovo,2001,
XKX,Kosovo,2000,
KWT,Kuwait,2024,2.144
KWT,Kuwait,2023,2.127
KWT,Kuwait,2022,2.174
KWT,Kuwait,2021,3.002
KWT,Kuwait,2020,3.557
KWT,Kuwait,2019,2.251
KWT,Kuwait,2018,2.204
KWT,Kuwait,2017,2.227
KWT,Kuwait,2016,2.16
KWT,Kuwait,2015,2.2
KWT,Kuwait,2014,2.9
KWT,Kuwait,2013,2.471
KWT,Kuwait,2012,2.231
KWT,Kuwait,2011,2.053
KWT,Kuwait,2010,1.82
KWT,Kuwait,2009,1.64
KWT,Kuwait,2008,1.75
KWT,Kuwait,2007,1.5
KWT,Kuwait,2006,1.3
KWT,Kuwait,2005,1.456
KWT,Kuwait,2004,1.7
KWT,Kuwait,2003,1.3
KWT,Kuwait,2002,1.1
KWT,Kuwait,2001,0.8
KWT,Kuwait,2000,0.8
KGZ,Kyrgyz Republic,2024,3.289
KGZ,Kyrgyz Republic,2023,3.991
KGZ,Kyrgyz Republic,2022,4.043
KGZ,Kyrgyz Republic,2021,4.096
KGZ,Kyrgyz Republic,2020,4.63
KGZ,Kyrgyz Republic,2019,4.295
KGZ,Kyrgyz Republic,2018,3.67
KGZ,Kyrgyz Republic,2017,3.57
KGZ,Kyrgyz Republic,2016,3.474
KGZ,Kyrgyz Republic,2015,3.338
KGZ,Kyrgyz Republic,2014,3.262
KGZ,Kyrgyz Republic,2013,3.153
KGZ,Kyrgyz Republic,2012,3.114
KGZ,Kyrgyz Republic,2011,2.999
KGZ,Kyrgyz Republic,2010,2.887
KGZ,Kyrgyz Republic,2009,2.744
KGZ,Kyrgyz Republic,2008,2.642
KGZ,Kyrgyz Republic,2007,2.577
KGZ,Kyrgyz Republic,2006,2.48
KGZ,Kyrgyz Republic,2005,2.362
KGZ,Kyrgyz Republic,2004,2.259
KGZ,Kyrgyz Republic,2003,2.162
KGZ,Kyrgyz Republic,2002,2.065
KGZ,Kyrgyz Republic,2001,1.95
KGZ,Kyrgyz Republic,2000,1.858
LAO,Lao PDR,2024,1.218
LAO,Lao PDR,2023,1.188
LAO,Lao PDR,2022,1.209
LAO,Lao PDR,2021,2.066
LAO,Lao PDR,2020,2.361
LAO,Lao PDR,2019,2.537
LAO,Lao PDR,2018,2.9
LAO,Lao PDR,2017,3.268
LAO,Lao PDR,2016,2.881
LAO,Lao PDR,2015,2.494
LAO,Lao PDR,2014,2.119
LAO,Lao PDR,2013,1.757
LAO,Lao PDR,2012,1.399
LAO,Lao PDR,2011,1.055
LAO,Lao PDR,2010,0.708
LAO,Lao PDR,2009,0.834
LAO,Lao PDR,2008,0.943
LAO,Lao PDR,2007,1.067
LAO,Lao PDR,2006,1.198
LAO,Lao PDR,2005,1.35
LAO,Lao PDR,2004,1.498
LAO,Lao PDR,2003,1.639
LAO,Lao PDR,2002,1.775
LAO,Lao PDR,2001,1.88
LAO,Lao PDR,2000,2.046
LVA,Latvia,2024,6.72
LVA,Latvia,2023,6.465
LVA,Latvia,2022,6.815
LVA,Latvia,2021,7.513
LVA,Latvia,2020,8.098
LVA,Latvia,2019,6.312
LVA,Latvia,2018,7.412
LVA,Latvia,2017,8.715
LVA,Latvia,2016,9.643
LVA,Latvia,2015,9.873
LVA,Latvia,2014,10.846
LVA,Latvia,2013,11.867
LVA,Latvia,2012,15.047
LVA,Latvia,2011,16.206
LVA,Latvia,2010,19.482
LVA,Latvia,2009,17.515
LVA,Latvia,2008,7.739
LVA,Latvia,2007,6.052
LVA,Latvia,2006,7.03
LVA,Latvia,2005,10.033
LVA,Latvia,2004,11.708
LVA,Latvia,2003,12.061
LVA,Latvia,2002,13.829
LVA,Latvia,2001,13.821
LVA,Latvia,2000,14.211
LBN,Lebanon,2024,
LBN,Lebanon,2023,11.543
LBN,Lebanon,2022,11.6
LBN,Lebanon,2021,12.669
LBN,Lebanon,2020,13.284
LBN,Lebanon,2019,11.301
LBN,Lebanon,2018,10.745
LBN,Lebanon,2017,10.251
LBN,Lebanon,2016,9.786
LBN,Lebanon,2015,9.306
LBN,Lebanon,2014,8.833
LBN,Lebanon,2013,8.458
LBN,Lebanon,2012,7.937
LBN,Lebanon,2011,7.349
LBN,Lebanon,2010,6.775
LBN,Lebanon,2009,6.355
LBN,Lebanon,2008,7.666
LBN,Lebanon,2007,8.98
LBN,Lebanon,2006,8.671
LBN,Lebanon,2005,8.247
LBN,Lebanon,2004,7.85
LBN,Lebanon,2003,8.05
LBN,Lebanon,2002,8.229
LBN,Lebanon,2001,8.464
LBN,Lebanon,2000,8.603
LSO,Lesotho,2024,16.147
LSO,Lesotho,2023,16.457
LSO,Lesotho,2022,16.688
LSO,Lesotho,2021,18.23
LSO,Lesotho,2020,18.399
LSO,Lesotho,2019,16.876
LSO,Lesotho,2018,16.625
LSO,Lesotho,2017,16.401
LSO,Lesotho,2016,16.17
LSO,Lesotho,2015,16.254
LSO,Lesotho,2014,16.104
LSO,Lesotho,2013,15.97
LSO,Lesotho,2012,15.813
LSO,Lesotho,2011,16.157
LSO,Lesotho,2010,16.113
LSO,Lesotho,2009,16.16
LSO,Lesotho,2008,15.907
LSO,Lesotho,2007,15.997
LSO,Lesotho,2006,16.107
LSO,Lesotho,2005,16.086
LSO,Lesotho,2004,16.206
LSO,Lesotho,2003,16.113
LSO,Lesotho,2002,16.137
LSO,Lesotho,2001,16.141
LSO,Lesotho,2000,16.227
LBR,Liberia,2024,2.882
LBR,Liberia,2023,2.933
LBR,Liberia,2022,2.977
LBR,Liberia,2021,3.845
LBR,Liberia,2020,4.109
LBR,Liberia,2019,3.068
LBR,Liberia,2018,3.056
LBR,Liberia,2017,3.066
LBR,Liberia,2016,3.081
LBR,Liberia,2015,2.557
LBR,Liberia,2014,2.079
LBR,Liberia,2013,2.08
LBR,Liberia,2012,2.146
LBR,Liberia,2011,2.211
LBR,Liberia,2010,2.266
LBR,Liberia,2009,2.242
LBR,Liberia,2008,2.222
LBR,Liberia,2007,2.235
LBR,Liberia,2006,2.283
LBR,Liberia,2005,2.577
LBR,Liberia,2004,2.589
LBR,Liberia,2003,2.586
LBR,Liberia,2002,2.318
LBR,Liberia,2001,2.294
LBR,Liberia,2000,2.231
LBY,Libya,2024,18.615
LBY,Libya,2023,18.753
LBY,Libya,2022,19.282
LBY,Libya,2021,19.641
LBY,Libya,2020,19.613
LBY,Libya,2019,19.05
LBY,Libya,2018,18.836
LBY,Libya,2017,19.02
LBY,Libya,2016,19.522
LBY,Libya,2015,19.676
LBY,Libya,2014,19.308
LBY,Libya,2013,19.327
LBY,Libya,2012,19.03
LBY,Libya,2011,19.478
LBY,Libya,2010,19.276
LBY,Libya,2009,19.247
LBY,Libya,2008,19.006
LBY,Libya,2007,18.745
LBY,Libya,2006,18.779
LBY,Libya,2005,18.639
LBY,Libya,2004,18.911
LBY,Libya,2003,19.045
LBY,Libya,2002,19.247
LBY,Libya,2001,19.228
LBY,Libya,2000,19.201
LIE,Liechtenstein,2024,
LIE,Liechtenstein,2023,
LIE,Liechtenstein,2022,
LIE,Liechtenstein,2021,
LIE,Liechtenstein,2020,
LIE,Liechtenstein,2019,
LIE,Liechtenstein,2018,
LIE,Liechtenstein,2017,
LIE,Liechtenstein,2016,
LIE,Liechtenstein,2015,
LIE,Liechtenstein,2014,
LIE,Liechtenstein,2013,
LIE,Liechtenstein,2012,
LIE,Liechtenstein,2011,
LIE,Liechtenstein,2010,
LIE,Liechtenstein,2009,
LIE,Liechtenstein,2008,
LIE,Liechtenstein,2007,
LIE,Liechtenstein,2006,
LIE,Liechtenstein,2005,
LIE,Liechtenstein,2004,
LIE,Liechtenstein,2003,
LIE,Liechtenstein,2002,
LIE,Liechtenstein,2001,
LIE,Liechtenstein,2000,
LTU,Lithuania,2024,7.504
LTU,Lithuania,2023,6.841
LTU,Lithuania,2022,5.955
LTU,Lithuania,2021,7.112
LTU,Lithuania,2020,8.487
LTU,Lithuania,2019,6.255
LTU,Lithuania,2018,6.147
LTU,Lithuania,2017,7.073
LTU,Lithuania,2016,7.862
LTU,Lithuania,2015,9.12
LTU,Lithuania,2014,10.698
LTU,Lithuania,2013,11.77
LTU,Lithuania,2012,13.365
LTU,Lithuania,2011,15.39
LTU,Lithuania,2010,17.814
LTU,Lithuania,2009,13.785
LTU,Lithuania,2008,5.826
LTU,Lithuania,2007,4.25
LTU,Lithuania,2006,5.78
LTU,Lithuania,2005,8.325
LTU,Lithuania,2004,10.684
LTU,Lithuania,2003,12.874
LTU,Lithuania,2002,13.008
LTU,Lithuania,2001,16.84
LTU,Lithuania,2000,15.931
LUX,Luxembourg,2024,5.935
LUX,Luxembourg,2023,5.184
LUX,Luxembourg,2022,4.588
LUX,Luxembourg,2021,5.571
LUX,Luxembourg,2020,6.766
LUX,Luxembourg,2019,5.592
LUX,Luxembourg,2018,5.589
LUX,Luxembourg,2017,5.523
LUX,Luxembourg,2016,6.669
LUX,Luxembourg,2015,6.796
LUX,Luxembourg,2014,6.044
LUX,Luxembourg,2013,6.045
LUX,Luxembourg,2012,5.03
LUX,Luxembourg,2011,5.122
LUX,Luxembourg,2010,4.423
LUX,Luxembourg,2009,5.194
LUX,Luxembourg,2008,5.06
LUX,Luxembourg,2007,4.065
LUX,Luxembourg,2006,4.731
LUX,Luxembourg,2005,4.488
LUX,Luxembourg,2004,5.113
LUX,Luxembourg,2003,3.675
LUX,Luxembourg,2002,2.621
LUX,Luxembourg,2001,1.805
LUX,Luxembourg,2000,2.345
MAC,"Macao SAR, China",2024,2.437
MAC,"Macao SAR, China",2023,2.235
MAC,"Macao SAR, China",2022,2.482
MAC,"Macao SAR, China",2021,2.229
MAC,"Macao SAR, China",2020,2.566
MAC,"Macao SAR, China",2019,1.749
MAC,"Macao SAR, China",2018,1.834
MAC,"Macao SAR, China",2017,1.987
MAC,"Macao SAR, China",2016,1.939
MAC,"Macao SAR, China",2015,1.81
MAC,"Macao SAR, China",2014,1.67
MAC,"Macao SAR, China",2013,1.82
MAC,"Macao SAR, China",2012,1.97
MAC,"Macao SAR, China",2011,2.56
MAC,"Macao SAR, China",2010,2.84
MAC,"Macao SAR, China",2009,3.58
MAC,"Macao SAR, China",2008,2.999
MAC,"Macao SAR, China",2007,3.269
MAC,"Macao SAR, China",2006,3.822
MAC,"Macao SAR, China",2005,4.158
MAC,"Macao SAR, China",2004,4.904
MAC,"Macao SAR, China",2003,5.995
MAC,"Macao SAR, China",2002,6.267
MAC,"Macao SAR, China",2001,6.393
MAC,"Macao SAR, China",2000,6.874
MDG,Madagascar,2024,3.012
MDG,Madagascar,2023,3.069
MDG,Madagascar,2022,3.186
MDG,Madagascar,2021,3.487
MDG,Madagascar,2020,3.284
MDG,Madagascar,2019,2.469
MDG,Madagascar,2018,2.297
MDG,Madagascar,2017,2.119
MDG,Madagascar,2016,1.947
MDG,Madagascar,2015,1.785
MDG,Madagascar,2014,1.386
MDG,Madagascar,2013,0.996
MDG,Madagascar,2012,0.599
MDG,Madagascar,2011,2.512
MDG,Madagascar,2010,4.28
MDG,Madagascar,2009,3.887
MDG,Madagascar,2008,3.438
MDG,Madagascar,2007,3.205
MDG,Madagascar,2006,2.946
MDG,Madagascar,2005,2.62
MDG,Madagascar,2004,3.946
MDG,Madagascar,2003,5.01
MDG,Madagascar,2002,5.502
MDG,Madagascar,2001,5.35
MDG,Madagascar,2000,5.8
MWI,Malawi,2024,5.045
MWI,Malawi,2023,5.033
MWI,Malawi,2022,5.037
MWI,Malawi,2021,5.662
MWI,Malawi,2020,5.728
MWI,Malawi,2019,4.966
MWI,Malawi,2018,5.014
MWI,Malawi,2017,5.039
MWI,Malawi,2016,5.007
MWI,Malawi,2015,4.954
MWI,Malawi,2014,4.967
MWI,Malawi,2013,4.978
MWI,Malawi,2012,4.952
MWI,Malawi,2011,4.842
MWI,Malawi,2010,4.798
MWI,Malawi,2009,4.754
MWI,Malawi,2008,4.814
MWI,Malawi,2007,4.888
MWI,Malawi,2006,4.96
MWI,Malawi,2005,4.944
MWI,Malawi,2004,4.971
MWI,Malawi,2003,5.157
MWI,Malawi,2002,5.233
MWI,Malawi,2001,5.209
MWI,Malawi,2000,5.048
MYS,Malaysia,2024,3.826
MYS,Malaysia,2023,3.869
MYS,Malaysia,2022,3.93
MYS,Malaysia,2021,4.64
MYS,Malaysia,2020,4.54
MYS,Malaysia,2019,3.26
MYS,Malaysia,2018,3.3
MYS,Malaysia,2017,3.41
MYS,Malaysia,2016,3.44
MYS,Malaysia,2015,3.1
MYS,Malaysia,2014,2.88
MYS,Malaysia,2013,3.16
MYS,Malaysia,2012,3.1
MYS,Malaysia,2011,3.05
MYS,Malaysia,2010,3.39
MYS,Malaysia,2009,3.66
MYS,Malaysia,2008,3.32
MYS,Malaysia,2007,3.23
MYS,Malaysia,2006,3.32
MYS,Malaysia,2005,3.53
MYS,Malaysia,2004,3.54
MYS,Malaysia,2003,3.61
MYS,Malaysia,2002,3.48
MYS,Malaysia,2001,3.53
MYS,Malaysia,2000,3.0
MDV,Maldives,2024,4.636
MDV,Maldives,2023,4.241
MDV,Maldives,2022,4.419
MDV,Maldives,2021,5.024
MDV,Maldives,2020,5.434
MDV,Maldives,2019,4.562
MDV,Maldives,2018,4.95
MDV,Maldives,2017,5.401
MDV,Maldives,2016,5.771
MDV,Maldives,2015,6.604
MDV,Maldives,2014,7.477
MDV,Maldives,2013,8.3
MDV,Maldives,2012,9.14
MDV,Maldives,2011,10.06
MDV,Maldives,2010,10.881
MDV,Maldives,2009,11.697
MDV,Maldives,2008,10.242
MDV,Maldives,2007,9.447
MDV,Maldives,2006,8.392
MDV,Maldives,2005,7.328
MDV,Maldives,2004,6.1
MDV,Maldives,2003,5.134
MDV,Maldives,2002,4.148
MDV,Maldives,2001,3.083
MDV,Maldives,2000,1.97
MLI,Mali,2024,3.06
MLI,Mali,2023,2.956
MLI,Mali,2022,2.387
MLI,Mali,2021,3.966
MLI,Mali,2020,3.528
MLI,Mali,2019,3.29
MLI,Mali,2018,1.62
MLI,Mali,2017,1.494
MLI,Mali,2016,1.367
MLI,Mali,2015,1.401
MLI,Mali,2014,1.474
MLI,Mali,2013,1.516
MLI,Mali,2012,1.482
MLI,Mali,2011,1.422
MLI,Mali,2010,1.405
MLI,Mali,2009,1.423
MLI,Mali,2008,1.424
MLI,Mali,2007,1.405
MLI,Mali,2006,1.425
MLI,Mali,2005,1.379
MLI,Mali,2004,1.412
MLI,Mali,2003,1.281
MLI,Mali,2002,1.364
MLI,Mali,2001,1.338
MLI,Mali,2000,1.414
MLT,Malta,2024,2.703
MLT,Malta,2023,3.11
MLT,Malta,2022,2.921
MLT,Malta,2021,3.394
MLT,Malta,2020,4.347
MLT,Malta,2019,3.616
MLT,Malta,2018,3.658
MLT,Malta,2017,4.002
MLT,Malta,2016,4.687
MLT,Malta,2015,5.389
MLT,Malta,2014,5.725
MLT,Malta,2013,6.106
MLT,Malta,2012,6.197
MLT,Malta,2011,6.378
MLT,Malta,2010,6.847
MLT,Malta,2009,6.889
MLT,Malta,2008,5.977
MLT,Malta,2007,6.472
MLT,Malta,2006,6.798
MLT,Malta,2005,6.923
MLT,Malta,2004,7.317
MLT,Malta,2003,7.488
MLT,Malta,2002,6.902
MLT,Malta,2001,7.107
MLT,Malta,2000,6.324
MHL,Marshall Islands,2024,
MHL,Marshall Islands,2023,
MHL,Marshall Islands,2022,
MHL,Marshall Islands,2021,
MHL,Marshall Islands,2020,
MHL,Marshall Islands,2019,
MHL,Marshall Islands,2018,
MHL,Marshall Islands,2017,
MHL,Marshall Islands,2016,
MHL,Marshall Islands,2015,
MHL,Marshall Islands,2014,
MHL,Marshall Islands,2013,
MHL,Marshall Islands,2012,
MHL,Marshall Islands,2011,
MHL,Marshall Islands,2010,
MHL,Marshall Islands,2009,
MHL,Marshall Islands,2008,
MHL,Marshall Islands,2007,
MHL,Marshall Islands,2006,
MHL,Marshall Islands,2005,
MHL,Marshall Islands,2004,
MHL,Marshall Islands,2003,
MHL,Marshall Islands,2002,
MHL,Marshall Islands,2001,
MHL,Marshall Islands,2000,
MRT,Mauritania,2024,10.373
MRT,Mauritania,2023,10.446
MRT,Mauritania,2022,10.531
MRT,Mauritania,2021,11.144
MRT,Mauritania,2020,11.054
MRT,Mauritania,2019,10.416
MRT,Mauritania,2018,10.407
MRT,Mauritania,2017,10.336
MRT,Mauritania,2016,10.283
MRT,Mauritania,2015,10.108
MRT,Mauritania,2014,10.028
MRT,Mauritania,2013,9.929
MRT,Mauritania,2012,9.864
MRT,Mauritania,2011,9.968
MRT,Mauritania,2010,10.075
MRT,Mauritania,2009,10.186
MRT,Mauritania,2008,9.735
MRT,Mauritania,2007,9.524
MRT,Mauritania,2006,9.37
MRT,Mauritania,2005,9.626
MRT,Mauritania,2004,9.791
MRT,Mauritania,2003,9.921
MRT,Mauritania,2002,10.185
MRT,Mauritania,2001,10.125
MRT,Mauritania,2000,10.033
MUS,Mauritius,2024,5.476
MUS,Mauritius,2023,5.571
MUS,Mauritius,2022,6.322
MUS,Mauritius,2021,7.719
MUS,Mauritius,2020,8.626
MUS,Mauritius,2019,6.331
MUS,Mauritius,2018,6.426
MUS,Mauritius,2017,6.752
MUS,Mauritius,2016,6.814
MUS,Mauritius,2015,7.41
MUS,Mauritius,2014,7.467
MUS,Mauritius,2013,7.322
MUS,Mauritius,2012,7.472
MUS,Mauritius,2011,7.447
MUS,Mauritius,2010,7.654
MUS,Mauritius,2009,7.257
MUS,Mauritius,2008,7.17
MUS,Mauritius,2007,8.475
MUS,Mauritius,2006,9.04
MUS,Mauritius,2005,9.524
MUS,Mauritius,2004,8.337
MUS,Mauritius,2003,8.311
MUS,Mauritius,2002,8.205
MUS,Mauritius,2001,9.14
MUS,Mauritius,2000,9.138
MEX,Mexico,2024,2.711
MEX,Mexico,2023,2.765
MEX,Mexico,2022,3.256
MEX,Mexico,2021,4.019
MEX,Mexico,2020,4.44
MEX,Mexico,2019,3.477
MEX,Mexico,2018,3.275
MEX,Mexico,2017,3.419
MEX,Mexico,2016,3.853
MEX,Mexico,2015,4.311
MEX,Mexico,2014,4.819
MEX,Mexico,2013,4.921
MEX,Mexico,2012,4.892
MEX,Mexico,2011,5.175
MEX,Mexico,2010,5.303
MEX,Mexico,2009,5.356
MEX,Mexico,2008,3.874
MEX,Mexico,2007,3.628
MEX,Mexico,2006,3.566
MEX,Mexico,2005,3.558
MEX,Mexico,2004,3.937
MEX,Mexico,2003,3.455
MEX,Mexico,2002,3.003
MEX,Mexico,2001,2.627
MEX,Mexico,2000,2.646
FSM,"Micronesia, Fed. Sts.",2024,
FSM,"Micronesia, Fed. Sts.",2023,
FSM,"Micronesia, Fed. Sts.",2022,
FSM,"Micronesia, Fed. Sts.",2021,
FSM,"Micronesia, Fed. Sts.",2020,
FSM,"Micronesia, Fed. Sts.",2019,
FSM,"Micronesia, Fed. Sts.",2018,
FSM,"Micronesia, Fed. Sts.",2017,
FSM,"Micronesia, Fed. Sts.",2016,
FSM,"Micronesia, Fed. Sts.",2015,
FSM,"Micronesia, Fed. Sts.",2014,
FSM,"Micronesia, Fed. Sts.",2013,
FSM,"Micronesia, Fed. Sts.",2012,
FSM,"Micronesia, Fed. Sts.",2011,
FSM,"Micronesia, Fed. Sts.",2010,
FSM,"Micronesia, Fed. Sts.",2009,
FSM,"Micronesia, Fed. Sts.",2008,
FSM,"Micronesia, Fed. Sts.",2007,
FSM,"Micronesia, Fed. Sts.",2006,
FSM,"Micronesia, Fed. Sts.",2005,
FSM,"Micronesia, Fed. Sts.",2004,
FSM,"Micronesia, Fed. Sts.",2003,
FSM,"Micronesia, Fed. Sts.",2002,
FSM,"Micronesia, Fed. Sts.",2001,
FSM,"Micronesia, Fed. Sts.",2000,
MDA,Moldova,2024,1.434
MDA,Moldova,2023,1.555
MDA,Moldova,2022,0.897
MDA,Moldova,2021,0.785
MDA,Moldova,2020,1.186
MDA,Moldova,2019,1.466
MDA,Moldova,2018,1.196
MDA,Moldova,2017,1.586
MDA,Moldova,2016,1.557
MDA,Moldova,2015,1.742
MDA,Moldova,2014,1.425
MDA,Moldova,2013,1.873
MDA,Moldova,2012,2.151
MDA,Moldova,2011,2.648
MDA,Moldova,2010,2.937
MDA,Moldova,2009,2.987
MDA,Moldova,2008,2.073
MDA,Moldova,2007,2.723
MDA,Moldova,2006,4.2
MDA,Moldova,2005,5.633
MDA,Moldova,2004,6.374
MDA,Moldova,2003,6.378
MDA,Moldova,2002,6.845
MDA,Moldova,2001,7.366
MDA,Moldova,2000,8.539
MCO,Monaco,2024,
MCO,Monaco,2023,
MCO,Monaco,2022,
MCO,Monaco,2021,
MCO,Monaco,2020,
MCO,Monaco,2019,
MCO,Monaco,2018,
MCO,Monaco,2017,
MCO,Monaco,2016,
MCO,Monaco,2015,
MCO,Monaco,2014,
MCO,Monaco,2013,
MCO,Monaco,2012,
MCO,Monaco,2011,
MCO,Monaco,2010,
MCO,Monaco,2009,
MCO,Monaco,2008,
MCO,Monaco,2007,
MCO,Monaco,2006,
MCO,Monaco,2005,
MCO,Monaco,2004,
MCO,Monaco,2003,
MCO,Monaco,2002,
MCO,Monaco,2001,
MCO,Monaco,2000,
MNG,Mongolia,2024,5.424
MNG,Mongolia,2023,5.503
MNG,Mongolia,2022,6.211
MNG,Mongolia,2021,7.747
MNG,Mongolia,2020,6.594
MNG,Mongolia,2019,9.269
MNG,Mongolia,2018,5.377
MNG,Mongolia,2017,6.359
MNG,Mongolia,2016,7.235
MNG,Mongolia,2015,4.861
MNG,Mongolia,2014,4.798
MNG,Mongolia,2013,4.231
MNG,Mongolia,2012,3.905
MNG,Mongolia,2011,4.769
MNG,Mongolia,2010,6.549
MNG,Mongolia,2009,5.86
MNG,Mongolia,2008,5.565
MNG,Mongolia,2007,7.2
MNG,Mongolia,2006,7.193
MNG,Mongolia,2005,7.017
MNG,Mongolia,2004,6.854
MNG,Mongolia,2003,6.768
MNG,Mongolia,2002,6.2
MNG,Mongolia,2001,6.111
MNG,Mongolia,2000,5.993
MNE,Montenegro,2024,14.1
MNE,Montenegro,2023,14.621
MNE,Montenegro,2022,14.851
MNE,Montenegro,2021,16.543
MNE,Montenegro,2020,17.878
MNE,Montenegro,2019,15.128
MNE,Montenegro,2018,15.19
MNE,Montenegro,2017,16.082
MNE,Montenegro,2016,17.732
MNE,Montenegro,2015,17.555
MNE,Montenegro,2014,18.054
MNE,Montenegro,2013,19.585
MNE,Montenegro,2012,19.808
MNE,Montenegro,2011,19.759
MNE,Montenegro,2010,19.649
MNE,Montenegro,2009,19.09
MNE,Montenegro,2008,17.15
MNE,Montenegro,2007,19.4
MNE,Montenegro,2006,24.79
MNE,Montenegro,2005,30.31
MNE,Montenegro,2004,30.37
MNE,Montenegro,2003,30.458
MNE,Montenegro,2002,30.423
MNE,Montenegro,2001,30.741
MNE,Montenegro,2000,30.609
MAR,Morocco,2024,8.943
MAR,Morocco,2023,9.044
MAR,Morocco,2022,9.494
MAR,Morocco,2021,10.576
MAR,Morocco,2020,11.223
MAR,Morocco,2019,9.194
MAR,Morocco,2018,9.271
MAR,Morocco,2017,9.223
MAR,Morocco,2016,9.3
MAR,Morocco,2015,9.46
MAR,Morocco,2014,9.7
MAR,Morocco,2013,9.23
MAR,Morocco,2012,8.99
MAR,Morocco,2011,8.91
MAR,Morocco,2010,9.09
MAR,Morocco,2009,8.96
MAR,Morocco,2008,9.57
MAR,Morocco,2007,9.56
MAR,Morocco,2006,9.67
MAR,Morocco,2005,11.01
MAR,Morocco,2004,10.83
MAR,Morocco,2003,11.92
MAR,Morocco,2002,11.59
MAR,Morocco,2001,12.46
MAR,Morocco,2000,13.58
MOZ,Mozambique,2024,3.527
MOZ,Mozambique,2023,3.519
MOZ,Mozambique,2022,3.596
MOZ,Mozambique,2021,4.053
MOZ,Mozambique,2020,3.921
MOZ,Mozambique,2019,3.646
MOZ,Mozambique,2018,3.604
MOZ,Mozambique,2017,3.539
MOZ,Mozambique,2016,3.457
MOZ,Mozambique,2015,3.426
MOZ,Mozambique,2014,3.377
MOZ,Mozambique,2013,3.346
MOZ,Mozambique,2012,3.305
MOZ,Mozambique,2011,3.296
MOZ,Mozambique,2010,3.261
MOZ,Mozambique,2009,3.208
MOZ,Mozambique,2008,3.114
MOZ,Mozambique,2007,3.084
MOZ,Mozambique,2006,3.039
MOZ,Mozambique,2005,3.037
MOZ,Mozambique,2004,2.955
MOZ,Mozambique,2003,2.859
MOZ,Mozambique,2002,2.903
MOZ,Mozambique,2001,2.839
MOZ,Mozambique,2000,2.833
MMR,Myanmar,2024,3.032
MMR,Myanmar,2023,3.032
MMR,Myanmar,2022,3.057
MMR,Myanmar,2021,4.34
MMR,Myanmar,2020,1.476
MMR,Myanmar,2019,0.407
MMR,Myanmar,2018,0.767
MMR,Myanmar,2017,1.356
MMR,Myanmar,2016,1.058
MMR,Myanmar,2015,0.766
MMR,Myanmar,2014,0.763
MMR,Myanmar,2013,0.775
MMR,Myanmar,2012,0.767
MMR,Myanmar,2011,0.75
MMR,Myanmar,2010,0.727
MMR,Myanmar,2009,0.715
MMR,Myanmar,2008,0.703
MMR,Myanmar,2007,0.687
MMR,Myanmar,2006,0.68
MMR,Myanmar,2005,0.676
MMR,Myanmar,2004,0.682
MMR,Myanmar,2003,0.691
MMR,Myanmar,2002,0.69
MMR,Myanmar,2001,0.694
MMR,Myanmar,2000,0.717
NAM,Namibia,2024,19.148
NAM,Namibia,2023,19.365
NAM,Namibia,2022,19.695
NAM,Namibia,2021,20.922
NAM,Namibia,2020,21.004
NAM,Namibia,2019,19.921
NAM,Namibia,2018,19.877
NAM,Namibia,2017,21.733
NAM,Namibia,2016,23.352
NAM,Namibia,2015,20.808
NAM,Namibia,2014,18.521
NAM,Namibia,2013,19.028
NAM,Namibia,2012,16.771
NAM,Namibia,2011,19.476
NAM,Namibia,2010,22.12
NAM,Namibia,2009,22.254
NAM,Namibia,2008,22.017
NAM,Namibia,2007,22.119
NAM,Namibia,2006,21.876
NAM,Namibia,2005,22.107
NAM,Namibia,2004,22.09
NAM,Namibia,2003,22.052
NAM,Namibia,2002,21.5
NAM,Namibia,2001,20.98
NAM,Namibia,2000,20.3
NRU,Nauru,2024,
NRU,Nauru,2023,
NRU,Nauru,2022,
NRU,Nauru,2021,
NRU,Nauru,2020,
NRU,Nauru,2019,
NRU,Nauru,2018,
NRU,Nauru,2017,
NRU,Nauru,2016,
NRU,Nauru,2015,
NRU,Nauru,2014,
NRU,Nauru,2013,
NRU,Nauru,2012,
NRU,Nauru,2011,
NRU,Nauru,2010,
NRU,Nauru,2009,
NRU,Nauru,2008,
NRU,Nauru,2007,
NRU,Nauru,2006,
NRU,Nauru,2005,
NRU,Nauru,2004,
NRU,Nauru,2003,
NRU,Nauru,2002,
NRU,Nauru,2001,
NRU,Nauru,2000,
NPL,Nepal,2024,10.706
NPL,Nepal,2023,10.628
NPL,Nepal,2022,10.844
NPL,Nepal,2021,12.186
NPL,Nepal,2020,12.975
NPL,Nepal,2019,10.389
NPL,Nepal,2018,10.559
NPL,Nepal,2017,10.66
NPL,Nepal,2016,10.742
NPL,Nepal,2015,10.644
NPL,Nepal,2014,10.617
NPL,Nepal,2013,10.687
NPL,Nepal,2012,10.643
NPL,Nepal,2011,10.64
NPL,Nepal,2010,10.554
NPL,Nepal,2009,10.587
NPL,Nepal,2008,10.613
NPL,Nepal,2007,10.683
NPL,Nepal,2006,10.639
NPL,Nepal,2005,10.617
NPL,Nepal,2004,10.71
NPL,Nepal,2003,10.702
NPL,Nepal,2002,10.632
NPL,Nepal,2001,10.504
NPL,Nepal,2000,10.551
NLD,Netherlands,2024,3.599
NLD,Netherlands,2023,3.537
NLD,Netherlands,2022,3.526
NLD,Netherlands,2021,4.209
NLD,Netherlands,2020,3.82
NLD,Netherlands,2019,3.379
NLD,Netherlands,2018,3.832
NLD,Netherlands,2017,4.837
NLD,Netherlands,2016,6.007
NLD,Netherlands,2015,6.872
NLD,Netherlands,2014,7.419
NLD,Netherlands,2013,7.241
NLD,Netherlands,2012,5.821
NLD,Netherlands,2011,4.977
NLD,Netherlands,2010,4.991
NLD,Netherlands,2009,4.352
NLD,Netherlands,2008,3.658
NLD,Netherlands,2007,4.153
NLD,Netherlands,2006,5.007
NLD,Netherlands,2005,5.872
NLD,Netherlands,2004,4.646
NLD,Netherlands,2003,3.593
NLD,Netherlands,2002,2.554
NLD,Netherlands,2001,2.119
NLD,Netherlands,2000,2.725
NCL,New Caledonia,2024,11.15
NCL,New Caledonia,2023,10.939
NCL,New Caledonia,2022,10.71
NCL,New Caledonia,2021,11.54
NCL,New Caledonia,2020,13.558
NCL,New Caledonia,2019,10.88
NCL,New Caledonia,2018,11.702
NCL,New Caledonia,2017,11.676
NCL,New Caledonia,2016,12.714
NCL,New Caledonia,2015,13.637
NCL,New Caledonia,2014,14.59
NCL,New Caledonia,2013,14.347
NCL,New Caledonia,2012,14.051
NCL,New Caledonia,2011,13.935
NCL,New Caledonia,2010,13.95
NCL,New Caledonia,2009,13.97
NCL,New Caledonia,2008,14.367
NCL,New Caledonia,2007,14.757
NCL,New Caledonia,2006,15.236
NCL,New Caledonia,2005,15.769
NCL,New Caledonia,2004,16.31
NCL,New Caledonia,2003,16.716
NCL,New Caledonia,2002,17.074
NCL,New Caledonia,2001,17.441
NCL,New Caledonia,2000,17.984
NZL,New Zealand,2024,4.869
NZL,New Zealand,2023,3.729
NZL,New Zealand,2022,3.297
NZL,New Zealand,2021,3.776
NZL,New Zealand,2020,4.595
NZL,New Zealand,2019,4.109
NZL,New Zealand,2018,4.335
NZL,New Zealand,2017,4.736
NZL,New Zealand,2016,5.147
NZL,New Zealand,2015,5.415
NZL,New Zealand,2014,5.428
NZL,New Zealand,2013,5.839
NZL,New Zealand,2012,6.931
NZL,New Zealand,2011,6.491
NZL,New Zealand,2010,6.557
NZL,New Zealand,2009,6.121
NZL,New Zealand,2008,4.167
NZL,New Zealand,2007,3.661
NZL,New Zealand,2006,3.857
NZL,New Zealand,2005,3.807
NZL,New Zealand,2004,4.005
NZL,New Zealand,2003,4.745
NZL,New Zealand,2002,5.282
NZL,New Zealand,2001,5.433
NZL,New Zealand,2000,6.13
NIC,Nicaragua,2024,4.574
NIC,Nicaragua,2023,4.716
NIC,Nicaragua,2022,4.961
NIC,Nicaragua,2021,6.118
NIC,Nicaragua,2020,6.201
NIC,Nicaragua,2019,5.472
NIC,Nicaragua,2018,5.2
NIC,Nicaragua,2017,3.3
NIC,Nicaragua,2016,3.9
NIC,Nicaragua,2015,4.7
NIC,Nicaragua,2014,4.52
NIC,Nicaragua,2013,5.28
NIC,Nicaragua,2012,5.208
NIC,Nicaragua,2011,6.618
NIC,Nicaragua,2010,7.83
NIC,Nicaragua,2009,8.16
NIC,Nicaragua,2008,6.2
NIC,Nicaragua,2007,4.89
NIC,Nicaragua,2006,5.31
NIC,Nicaragua,2005,5.37
NIC,Nicaragua,2004,6.41
NIC,Nicaragua,2003,7.6
NIC,Nicaragua,2002,7.513
NIC,Nicaragua,2001,7.203
NIC,Nicaragua,2000,7.162
NER,Niger,2024,0.355
NER,Niger,2023,0.425
NER,Niger,2022,0.418
NER,Niger,2021,0.78
NER,Niger,2020,0.594
NER,Niger,2019,0.531
NER,Niger,2018,0.535
NER,Niger,2017,0.554
NER,Niger,2016,0.548
NER,Niger,2015,0.553
NER,Niger,2014,0.524
NER,Niger,2013,1.397
NER,Niger,2012,2.177
NER,Niger,2011,0.316
NER,Niger,2010,0.722
NER,Niger,2009,1.209
NER,Niger,2008,1.592
NER,Niger,2007,2.032
NER,Niger,2006,2.536
NER,Niger,2005,3.1
NER,Niger,2004,2.747
NER,Niger,2003,2.156
NER,Niger,2002,1.813
NER,Niger,2001,1.47
NER,Niger,2000,1.431
NGA,Nigeria,2024,2.989
NGA,Nigeria,2023,3.074
NGA,Nigeria,2022,3.821
NGA,Nigeria,2021,5.45
NGA,Nigeria,2020,5.742
NGA,Nigeria,2019,5.206
NGA,Nigeria,2018,5.067
NGA,Nigeria,2017,4.828
NGA,Nigeria,2016,4.499
NGA,Nigeria,2015,4.135
NGA,Nigeria,2014,3.902
NGA,Nigeria,2013,3.711
NGA,Nigeria,2012,3.76
NGA,Nigeria,2011,3.77
NGA,Nigeria,2010,3.746
NGA,Nigeria,2009,3.766
NGA,Nigeria,2008,3.795
NGA,Nigeria,2007,3.799
NGA,Nigeria,2006,3.756
NGA,Nigeria,2005,3.734
NGA,Nigeria,2004,3.601
NGA,Nigeria,2003,3.648
NGA,Nigeria,2002,3.681
NGA,Nigeria,2001,3.91
NGA,Nigeria,2000,3.963
MKD,North Macedonia,2024,13.417
MKD,North Macedonia,2023,13.174
MKD,North Macedonia,2022,14.476
MKD,North Macedonia,2021,15.801
MKD,North Macedonia,2020,16.575
MKD,North Macedonia,2019,17.414
MKD,North Macedonia,2018,21.208
MKD,North Macedonia,2017,22.857
MKD,North Macedonia,2016,24.312
MKD,North Macedonia,2015,26.395
MKD,North Macedonia,2014,28.215
MKD,North Macedonia,2013,29.017
MKD,North Macedonia,2012,31.096
MKD,North Macedonia,2011,31.502
MKD,North Macedonia,2010,33.135
MKD,North Macedonia,2009,32.351
MKD,North Macedonia,2008,33.93
MKD,North Macedonia,2007,35.231
MKD,North Macedonia,2006,36.392
MKD,North Macedonia,2005,37.32
MKD,North Macedonia,2004,37.161
MKD,North Macedonia,2003,36.69
MKD,North Macedonia,2002,31.94
MKD,North Macedonia,2001,30.52
MKD,North Macedonia,2000,32.2
MNP,Northern Mariana Islands,2024,
MNP,Northern Mariana Islands,2023,
MNP,Northern Mariana Islands,2022,
MNP,Northern Mariana Islands,2021,
MNP,Northern Mariana Islands,2020,
MNP,Northern Mariana Islands,2019,
MNP,Northern Mariana Islands,2018,
MNP,Northern Mariana Islands,2017,
MNP,Northern Mariana Islands,2016,
MNP,Northern Mariana Islands,2015,
MNP,Northern Mariana Islands,2014,
MNP,Northern Mariana Islands,2013,
MNP,Northern Mariana Islands,2012,
MNP,Northern Mariana Islands,2011,
MNP,Northern Mariana Islands,2010,
MNP,Northern Mariana Islands,2009,
MNP,Northern Mariana Islands,2008,
MNP,Northern Mariana Islands,2007,
MNP,Northern Mariana Islands,2006,
MNP,Northern Mariana Islands,2005,
MNP,Northern Mariana Islands,2004,
MNP,Northern Mariana Islands,2003,
MNP,Northern Mariana Islands,2002,
MNP,Northern Mariana Islands,2001,
MNP,Northern Mariana Islands,2000,
NOR,Norway,2024,3.97
NOR,Norway,2023,3.572
NOR,Norway,2022,3.231
NOR,Norway,2021,4.359
NOR,Norway,2020,4.424
NOR,Norway,2019,3.684
NOR,Norway,2018,3.801
NOR,Norway,2017,4.164
NOR,Norway,2016,4.68
NOR,Norway,2015,4.296
NOR,Norway,2014,3.486
NOR,Norway,2013,3.425
NOR,Norway,2012,3.129
NOR,Norway,2011,3.196
NOR,Norway,2010,3.527
NOR,Norway,2009,3.1
NOR,Norway,2008,2.521
NOR,Norway,2007,2.493
NOR,Norway,2006,3.397
NOR,Norway,2005,4.381
NOR,Norway,2004,4.256
NOR,Norway,2003,4.221
NOR,Norway,2002,4.022
NOR,Norway,2001,3.738
NOR,Norway,2000,3.458
OMN,Oman,2024,3.161
OMN,Oman,2023,3.176
OMN,Oman,2022,3.3
OMN,Oman,2021,1.9
OMN,Oman,2020,2.94
OMN,Oman,2019,2.04
OMN,Oman,2018,1.8
OMN,Oman,2017,2.522
OMN,Oman,2016,3.266
OMN,Oman,2015,3.401
OMN,Oman,2014,3.449
OMN,Oman,2013,3.547
OMN,Oman,2012,3.765
OMN,Oman,2011,3.958
OMN,Oman,2010,3.935
OMN,Oman,2009,3.993
OMN,Oman,2008,4.142
OMN,Oman,2007,4.298
OMN,Oman,2006,4.383
OMN,Oman,2005,4.626
OMN,Oman,2004,4.734
OMN,Oman,2003,4.62
OMN,Oman,2002,4.328
OMN,Oman,2001,4.281
OMN,Oman,2000,4.331
PAK,Pakistan,2024,5.472
PAK,Pakistan,2023,5.408
PAK,Pakistan,2022,5.485
PAK,Pakistan,2021,6.338
PAK,Pakistan,2020,6.127
PAK,Pakistan,2019,4.83
PAK,Pakistan,2018,4.083
PAK,Pakistan,2017,3.215
PAK,Pakistan,2016,2.285
PAK,Pakistan,2015,3.566
PAK,Pakistan,2014,1.827
PAK,Pakistan,2013,2.954
PAK,Pakistan,2012,3.667
PAK,Pakistan,2011,0.796
PAK,Pakistan,2010,0.653
PAK,Pakistan,2009,0.535
PAK,Pakistan,2008,0.423
PAK,Pakistan,2007,0.398
PAK,Pakistan,2006,0.582
PAK,Pakistan,2005,0.585
PAK,Pakistan,2004,0.608
PAK,Pakistan,2003,0.63
PAK,Pakistan,2002,0.635
PAK,Pakistan,2001,0.629
PAK,Pakistan,2000,0.634
PLW,Palau,2024,
PLW,Palau,2023,
PLW,Palau,2022,
PLW,Palau,2021,
PLW,Palau,2020,
PLW,Palau,2019,
PLW,Palau,2018,
PLW,Palau,2017,
PLW,Palau,2016,
PLW,Palau,2015,
PLW,Palau,2014,
PLW,Palau,2013,
PLW,Palau,2012,
PLW,Palau,2011,
PLW,Palau,2010,
PLW,Palau,2009,
PLW,Palau,2008,
PLW,Palau,2007,
PLW,Palau,2006,
PLW,Palau,2005,
PLW,Palau,2004,
PLW,Palau,2003,
PLW,Palau,2002,
PLW,Palau,2001,
PLW,Palau,2000,
PAN,Panama,2024,6.518
PAN,Panama,2023,6.544
PAN,Panama,2022,8.086
PAN,Panama,2021,10.177
PAN,Panama,2020,14.663
PAN,Panama,2019,6.256
PAN,Panama,2018,5.161
PAN,Panama,2017,5.338
PAN,Panama,2016,4.717
PAN,Panama,2015,4.335
PAN,Panama,2014,4.391
PAN,Panama,2013,3.674
PAN,Panama,2012,3.691
PAN,Panama,2011,4.03
PAN,Panama,2010,5.845
PAN,Panama,2009,5.864
PAN,Panama,2008,5.647
PAN,Panama,2007,5.694
PAN,Panama,2006,5.822
PAN,Panama,2005,6.002
PAN,Panama,2004,6.127
PAN,Panama,2003,6.346
PAN,Panama,2002,6.362
PAN,Panama,2001,6.372
PAN,Panama,2000,6.264
PNG,Papua New Guinea,2024,2.741
PNG,Papua New Guinea,2023,2.661
PNG,Papua New Guinea,2022,2.689
PNG,Papua New Guinea,2021,3.003
PNG,Papua New Guinea,2020,2.883
PNG,Papua New Guinea,2019,2.634
PNG,Papua New Guinea,2018,2.635
PNG,Papua New Guinea,2017,2.569
PNG,Papua New Guinea,2016,2.472
PNG,Papua New Guinea,2015,2.503
PNG,Papua New Guinea,2014,2.536
PNG,Papua New Guinea,2013,2.692
PNG,Papua New Guinea,2012,2.631
PNG,Papua New Guinea,2011,2.62
PNG,Papua New Guinea,2010,2.002
PNG,Papua New Guinea,2009,2.089
PNG,Papua New Guinea,2008,2.169
PNG,Papua New Guinea,2007,2.172
PNG,Papua New Guinea,2006,2.287
PNG,Papua New Guinea,2005,2.387
PNG,Papua New Guinea,2004,2.526
PNG,Papua New Guinea,2003,2.628
PNG,Papua New Guinea,2002,2.755
PNG,Papua New Guinea,2001,2.801
PNG,Papua New Guinea,2000,2.92
PRY,Paraguay,2024,6.093
PRY,Paraguay,2023,5.794
PRY,Paraguay,2022,6.755
PRY,Paraguay,2021,7.311
PRY,Paraguay,2020,7.548
PRY,Paraguay,2019,6.595
PRY,Paraguay,2018,6.217
PRY,Paraguay,2017,6.138
PRY,Paraguay,2016,5.255
PRY,Paraguay,2015,4.556
PRY,Paraguay,2014,5.034
PRY,Paraguay,2013,4.385
PRY,Paraguay,2012,4.085
PRY,Paraguay,2011,4.67
PRY,Paraguay,2010,4.569
PRY,Paraguay,2009,5.46
PRY,Paraguay,2008,4.415
PRY,Paraguay,2007,4.713
PRY,Paraguay,2006,5.277
PRY,Paraguay,2005,4.825
PRY,Paraguay,2004,6.513
PRY,Paraguay,2003,6.814
PRY,Paraguay,2002,9.393
PRY,Paraguay,2001,6.206
PRY,Paraguay,2000,7.61
PER,Peru,2024,4.828
PER,Peru,2023,4.899
PER,Peru,2022,3.85
PER,Peru,2021,5.097
PER,Peru,2020,7.179
PER,Peru,2019,3.379
PER,Peru,2018,3.492
PER,Peru,2017,3.691
PER,Peru,2016,3.741
PER,Peru,2015,3.272
PER,Peru,2014,3.208
PER,Peru,2013,3.575
PER,Peru,2012,3.238
PER,Peru,2011,3.477
PER,Peru,2010,3.6
PER,Peru,2009,3.96
PER,Peru,2008,4.03
PER,Peru,2007,4.08
PER,Peru,2006,4.17
PER,Peru,2005,4.87
PER,Peru,2004,4.71
PER,Peru,2003,4.15
PER,Peru,2002,4.84
PER,Peru,2001,5.063
PER,Peru,2000,4.958
PHL,Philippines,2024,2.153
PHL,Philippines,2023,2.222
PHL,Philippines,2022,2.598
PHL,Philippines,2021,3.398
PHL,Philippines,2020,2.522
PHL,Philippines,2019,2.237
PHL,Philippines,2018,2.338
PHL,Philippines,2017,2.552
PHL,Philippines,2016,2.695
PHL,Philippines,2015,3.068
PHL,Philippines,2014,3.6
PHL,Philippines,2013,3.497
PHL,Philippines,2012,3.504
PHL,Philippines,2011,3.592
PHL,Philippines,2010,3.605
PHL,Philippines,2009,3.858
PHL,Philippines,2008,3.72
PHL,Philippines,2007,3.434
PHL,Philippines,2006,4.052
PHL,Philippines,2005,3.795
PHL,Philippines,2004,3.554
PHL,Philippines,2003,3.527
PHL,Philippines,2002,3.615
PHL,Philippines,2001,3.698
PHL,Philippines,2000,3.767
POL,Poland,2024,2.472
POL,Poland,2023,2.743
POL,Poland,2022,2.811
POL,Poland,2021,3.268
POL,Poland,2020,3.155
POL,Poland,2019,3.267
POL,Poland,2018,3.835
POL,Poland,2017,4.867
POL,Poland,2016,6.141
POL,Poland,2015,7.475
POL,Poland,2014,8.971
POL,Poland,2013,10.293
POL,Poland,2012,10.031
POL,Poland,2011,9.576
POL,Poland,2010,9.578
POL,Poland,2009,8.131
POL,Poland,2008,7.069
POL,Poland,2007,9.551
POL,Poland,2006,13.794
POL,Poland,2005,17.592
POL,Poland,2004,18.822
POL,Poland,2003,19.899
POL,Poland,2002,20.211
POL,Poland,2001,18.435
POL,Poland,2000,14.928
PRT,Portugal,2024,6.384
PRT,Portugal,2023,6.509
PRT,Portugal,2022,6.011
PRT,Portugal,2021,6.577
PRT,Portugal,2020,6.801
PRT,Portugal,2019,6.464
PRT,Portugal,2018,6.994
PRT,Portugal,2017,8.869
PRT,Portugal,2016,11.068
PRT,Portugal,2015,12.447
PRT,Portugal,2014,13.897
PRT,Portugal,2013,16.188
PRT,Portugal,2012,15.531
PRT,Portugal,2011,12.682
PRT,Portugal,2010,10.771
PRT,Portugal,2009,9.432
PRT,Portugal,2008,7.553
PRT,Portugal,2007,7.965
PRT,Portugal,2006,7.649
PRT,Portugal,2005,7.582
PRT,Portugal,2004,6.319
PRT,Portugal,2003,6.132
PRT,Portugal,2002,4.497
PRT,Portugal,2001,3.829
PRT,Portugal,2000,3.806
PRI,Puerto Rico (US),2024,5.472
PRI,Puerto Rico (US),2023,5.725
PRI,Puerto Rico (US),2022,6.0
PRI,Puerto Rico (US),2021,7.9
PRI,Puerto Rico (US),2020,8.89
PRI,Puerto Rico (US),2019,8.3
PRI,Puerto Rico (US),2018,9.2
PRI,Puerto Rico (US),2017,10.8
PRI,Puerto Rico (US),2016,11.8
PRI,Puerto Rico (US),2015,12.0
PRI,Puerto Rico (US),2014,13.9
PRI,Puerto Rico (US),2013,14.3
PRI,Puerto Rico (US),2012,14.5
PRI,Puerto Rico (US),2011,15.7
PRI,Puerto Rico (US),2010,16.1
PRI,Puerto Rico (US),2009,15.0
PRI,Puerto Rico (US),2008,11.48
PRI,Puerto Rico (US),2007,10.93
PRI,Puerto Rico (US),2006,11.01
PRI,Puerto Rico (US),2005,11.35
PRI,Puerto Rico (US),2004,10.31
PRI,Puerto Rico (US),2003,11.78
PRI,Puerto Rico (US),2002,11.94
PRI,Puerto Rico (US),2001,11.4
PRI,Puerto Rico (US),2000,10.08
QAT,Qatar,2024,0.126
QAT,Qatar,2023,0.13
QAT,Qatar,2022,0.13
QAT,Qatar,2021,0.14
QAT,Qatar,2020,0.14
QAT,Qatar,2019,0.1
QAT,Qatar,2018,0.11
QAT,Qatar,2017,0.14
QAT,Qatar,2016,0.15
QAT,Qatar,2015,0.17
QAT,Qatar,2014,0.2
QAT,Qatar,2013,0.28
QAT,Qatar,2012,0.48
QAT,Qatar,2011,0.56
QAT,Qatar,2010,0.45
QAT,Qatar,2009,0.31
QAT,Qatar,2008,0.31
QAT,Qatar,2007,0.52
QAT,Qatar,2006,0.87
QAT,Qatar,2005,0.87
QAT,Qatar,2004,0.87
QAT,Qatar,2003,0.87
QAT,Qatar,2002,0.87
QAT,Qatar,2001,0.87
QAT,Qatar,2000,0.87
ROU,Romania,2024,5.379
ROU,Romania,2023,5.589
ROU,Romania,2022,5.614
ROU,Romania,2021,5.59
ROU,Romania,2020,5.035
ROU,Romania,2019,3.912
ROU,Romania,2018,4.187
ROU,Romania,2017,4.927
ROU,Romania,2016,5.901
ROU,Romania,2015,6.812
ROU,Romania,2014,6.802
ROU,Romania,2013,7.096
ROU,Romania,2012,6.794
ROU,Romania,2011,7.177
ROU,Romania,2010,6.959
ROU,Romania,2009,6.859
ROU,Romania,2008,5.787
ROU,Romania,2007,6.413
ROU,Romania,2006,7.27
ROU,Romania,2005,7.174
ROU,Romania,2004,7.719
ROU,Romania,2003,6.95
ROU,Romania,2002,8.112
ROU,Romania,2001,6.561
ROU,Romania,2000,6.969
RUS,Russian Federation,2024,2.527
RUS,Russian Federation,2023,3.076
RUS,Russian Federation,2022,3.867
RUS,Russian Federation,2021,4.749
RUS,Russian Federation,2020,5.62
RUS,Russian Federation,2019,4.513
RUS,Russian Federation,2018,4.871
RUS,Russian Federation,2017,5.238
RUS,Russian Federation,2016,5.591
RUS,Russian Federation,2015,5.615
RUS,Russian Federation,2014,5.212
RUS,Russian Federation,2013,5.513
RUS,Russian Federation,2012,5.484
RUS,Russian Federation,2011,6.571
RUS,Russian Federation,2010,7.407
RUS,Russian Federation,2009,8.301
RUS,Russian Federation,2008,6.205
RUS,Russian Federation,2007,6.002
RUS,Russian Federation,2006,7.055
RUS,Russian Federation,2005,7.124
RUS,Russian Federation,2004,7.763
RUS,Russian Federation,2003,8.21
RUS,Russian Federation,2002,7.875
RUS,Russian Federation,2001,8.978
RUS,Russian Federation,2000,10.581
RWA,Rwanda,2024,11.994
RWA,Rwanda,2023,12.352
RWA,Rwanda,2022,15.084
RWA,Rwanda,2021,15.775
RWA,Rwanda,2020,11.829
RWA,Rwanda,2019,11.236
RWA,Rwanda,2018,10.759
RWA,Rwanda,2017,11.875
RWA,Rwanda,2016,11.801
RWA,Rwanda,2015,11.838
RWA,Rwanda,2014,11.844
RWA,Rwanda,2013,11.785
RWA,Rwanda,2012,11.701
RWA,Rwanda,2011,11.775
RWA,Rwanda,2010,11.673
RWA,Rwanda,2009,11.663
RWA,Rwanda,2008,11.57
RWA,Rwanda,2007,11.626
RWA,Rwanda,2006,11.632
RWA,Rwanda,2005,11.854
RWA,Rwanda,2004,11.731
RWA,Rwanda,2003,11.696
RWA,Rwanda,2002,11.499
RWA,Rwanda,2001,11.76
RWA,Rwanda,2000,11.731
WSM,Samoa,2024,4.551
WSM,Samoa,2023,4.977
WSM,Samoa,2022,5.048
WSM,Samoa,2021,6.612
WSM,Samoa,2020,7.435
WSM,Samoa,2019,7.838
WSM,Samoa,2018,8.639
WSM,Samoa,2017,9.4
WSM,Samoa,2016,9.062
WSM,Samoa,2015,8.9
WSM,Samoa,2014,8.72
WSM,Samoa,2013,8.773
WSM,Samoa,2012,8.752
WSM,Samoa,2011,5.68
WSM,Samoa,2010,5.621
WSM,Samoa,2009,5.647
WSM,Samoa,2008,5.539
WSM,Samoa,2007,5.426
WSM,Samoa,2006,5.321
WSM,Samoa,2005,5.212
WSM,Samoa,2004,5.162
WSM,Samoa,2003,5.037
WSM,Samoa,2002,4.975
WSM,Samoa,2001,4.96
WSM,Samoa,2000,4.734
SMR,San Marino,2024,
SMR,San Marino,2023,
SMR,San Marino,2022,
SMR,San Marino,2021,
SMR,San Marino,2020,
SMR,San Marino,2019,
SMR,San Marino,2018,
SMR,San Marino,2017,
SMR,San Marino,2016,
SMR,San Marino,2015,
SMR,San Marino,2014,
SMR,San Marino,2013,
SMR,San Marino,2012,
SMR,San Marino,2011,
SMR,San Marino,2010,
SMR,San Marino,2009,
SMR,San Marino,2008,
SMR,San Marino,2007,
SMR,San Marino,2006,
SMR,San Marino,2005,
SMR,San Marino,2004,
SMR,San Marino,2003,
SMR,San Marino,2002,
SMR,San Marino,2001,
SMR,San Marino,2000,
STP,Sao Tome and Principe,2024,9.17
STP,Sao Tome and Principe,2023,9.071
STP,Sao Tome and Principe,2022,8.992
STP,Sao Tome and Principe,2021,9.6
STP,Sao Tome and Principe,2020,9.686
STP,Sao Tome and Principe,2019,8.831
STP,Sao Tome and Principe,2018,8.714
STP,Sao Tome and Principe,2017,8.808
STP,Sao Tome and Principe,2016,9.686
STP,Sao Tome and Principe,2015,10.594
STP,Sao Tome and Principe,2014,11.435
STP,Sao Tome and Principe,2013,12.48
STP,Sao Tome and Principe,2012,13.59
STP,Sao Tome and Principe,2011,14.224
STP,Sao Tome and Principe,2010,14.626
STP,Sao Tome and Principe,2009,15.134
STP,Sao Tome and Principe,2008,15.426
STP,Sao Tome and Principe,2007,16.024
STP,Sao Tome and Principe,2006,16.65
STP,Sao Tome and Principe,2005,16.47
STP,Sao Tome and Principe,2004,16.12
STP,Sao Tome and Principe,2003,16.36
STP,Sao Tome and Principe,2002,17.63
STP,Sao Tome and Principe,2001,15.73
STP,Sao Tome and Principe,2000,14.4
SAU,Saudi Arabia,2024,3.896
SAU,Saudi Arabia,2023,4.008
SAU,Saudi Arabia,2022,5.589
SAU,Saudi Arabia,2021,6.621
SAU,Saudi Arabia,2020,7.66
SAU,Saudi Arabia,2019,5.636
SAU,Saudi Arabia,2018,6.029
SAU,Saudi Arabia,2017,5.89
SAU,Saudi Arabia,2016,5.6
SAU,Saudi Arabia,2015,5.6
SAU,Saudi Arabia,2014,5.877
SAU,Saudi Arabia,2013,5.6
SAU,Saudi Arabia,2012,5.622
SAU,Saudi Arabia,2011,5.77
SAU,Saudi Arabia,2010,5.55
SAU,Saudi Arabia,2009,5.377
SAU,Saudi Arabia,2008,5.085
SAU,Saudi Arabia,2007,5.734
SAU,Saudi Arabia,2006,6.254
SAU,Saudi Arabia,2005,6.051
SAU,Saudi Arabia,2004,5.822
SAU,Saudi Arabia,2003,5.563
SAU,Saudi Arabia,2002,5.265
SAU,Saudi Arabia,2001,4.618
SAU,Saudi Arabia,2000,4.57
SEN,Senegal,2024,2.992
SEN,Senegal,2023,2.8
SEN,Senegal,2022,2.837
SEN,Senegal,2021,3.44
SEN,Senegal,2020,3.437
SEN,Senegal,2019,2.863
SEN,Senegal,2018,3.455
SEN,Senegal,2017,4.078
SEN,Senegal,2016,4.455
SEN,Senegal,2015,6.757
SEN,Senegal,2014,5.841
SEN,Senegal,2013,4.986
SEN,Senegal,2012,3.888
SEN,Senegal,2011,2.853
SEN,Senegal,2010,2.803
SEN,Senegal,2009,2.814
SEN,Senegal,2008,2.822
SEN,Senegal,2007,2.808
SEN,Senegal,2006,2.77
SEN,Senegal,2005,2.703
SEN,Senegal,2004,2.788
SEN,Senegal,2003,2.794
SEN,Senegal,2002,2.828
SEN,Senegal,2001,2.7
SEN,Senegal,2000,2.668
SRB,Serbia,2024,7.39
SRB,Serbia,2023,8.268
SRB,Serbia,2022,8.439
SRB,Serbia,2021,9.843
SRB,Serbia,2020,9.011
SRB,Serbia,2019,10.395
SRB,Serbia,2018,12.733
SRB,Serbia,2017,13.477
SRB,Serbia,2016,15.257
SRB,Serbia,2015,17.66
SRB,Serbia,2014,19.223
SRB,Serbia,2013,22.154
SRB,Serbia,2012,24.0
SRB,Serbia,2011,22.959
SRB,Serbia,2010,19.204
SRB,Serbia,2009,16.116
SRB,Serbia,2008,13.67
SRB,Serbia,2007,18.06
SRB,Serbia,2006,20.85
SRB,Serbia,2005,20.85
SRB,Serbia,2004,18.5
SRB,Serbia,2003,15.2
SRB,Serbia,2002,13.8
SRB,Serbia,2001,12.8
SRB,Serbia,2000,12.6
SYC,Seychelles,2024,
SYC,Seychelles,2023,
SYC,Seychelles,2022,
SYC,Seychelles,2021,
SYC,Seychelles,2020,
SYC,Seychelles,2019,
SYC,Seychelles,2018,
SYC,Seychelles,2017,
SYC,Seychelles,2016,
SYC,Seychelles,2015,
SYC,Seychelles,2014,
SYC,Seychelles,2013,
SYC,Seychelles,2012,
SYC,Seychelles,2011,
SYC,Seychelles,2010,
SYC,Seychelles,2009,
SYC,Seychelles,2008,
SYC,Seychelles,2007,
SYC,Seychelles,2006,
SYC,Seychelles,2005,
SYC,Seychelles,2004,
SYC,Seychelles,2003,
SYC,Seychelles,2002,
SYC,Seychelles,2001,
SYC,Seychelles,2000,
SLE,Sierra Leone,2024,3.126
SLE,Sierra Leone,2023,3.153
SLE,Sierra Leone,2022,3.175
SLE,Sierra Leone,2021,3.556
SLE,Sierra Leone,2020,3.508
SLE,Sierra Leone,2019,3.203
SLE,Sierra Leone,2018,3.192
SLE,Sierra Leone,2017,3.834
SLE,Sierra Leone,2016,4.294
SLE,Sierra Leone,2015,4.606
SLE,Sierra Leone,2014,4.678
SLE,Sierra Leone,2013,4.538
SLE,Sierra Leone,2012,4.552
SLE,Sierra Leone,2011,4.54
SLE,Sierra Leone,2010,4.413
SLE,Sierra Leone,2009,4.269
SLE,Sierra Leone,2008,4.128
SLE,Sierra Leone,2007,4.007
SLE,Sierra Leone,2006,3.889
SLE,Sierra Leone,2005,3.716
SLE,Sierra Leone,2004,3.42
SLE,Sierra Leone,2003,3.879
SLE,Sierra Leone,2002,3.903
SLE,Sierra Leone,2001,4.154
SLE,Sierra Leone,2000,4.08
SGP,Singapore,2024,3.182
SGP,Singapore,2023,3.444
SGP,Singapore,2022,3.591
SGP,Singapore,2021,4.64
SGP,Singapore,2020,4.1
SGP,Singapore,2019,3.1
SGP,Singapore,2018,3.613
SGP,Singapore,2017,4.2
SGP,Singapore,2016,4.08
SGP,Singapore,2015,3.79
SGP,Singapore,2014,3.74
SGP,Singapore,2013,3.86
SGP,Singapore,2012,3.72
SGP,Singapore,2011,3.89
SGP,Singapore,2010,4.12
SGP,Singapore,2009,5.86
SGP,Singapore,2008,3.96
SGP,Singapore,2007,3.9
SGP,Singapore,2006,4.48
SGP,Singapore,2005,5.59
SGP,Singapore,2004,5.84
SGP,Singapore,2003,5.93
SGP,Singapore,2002,5.65
SGP,Singapore,2001,3.76
SGP,Singapore,2000,3.7
SXM,Sint Maarten (Dutch part),2024,
SXM,Sint Maarten (Dutch part),2023,
SXM,Sint Maarten (Dutch part),2022,
SXM,Sint Maarten (Dutch part),2021,
SXM,Sint Maarten (Dutch part),2020,
SXM,Sint Maarten (Dutch part),2019,
SXM,Sint Maarten (Dutch part),2018,
SXM,Sint Maarten (Dutch part),2017,
SXM,Sint Maarten (Dutch part),2016,
SXM,Sint Maarten (Dutch part),2015,
SXM,Sint Maarten (Dutch part),2014,
SXM,Sint Maarten (Dutch part),2013,
SXM,Sint Maarten (Dutch part),2012,
SXM,Sint Maarten (Dutch part),2011,
SXM,Sint Maarten (Dutch part),2010,
SXM,Sint Maarten (Dutch part),2009,
SXM,Sint Maarten (Dutch part),2008,
SXM,Sint Maarten (Dutch part),2007,
SXM,Sint Maarten (Dutch part),2006,
SXM,Sint Maarten (Dutch part),2005,
SXM,Sint Maarten (Dutch part),2004,
SXM,Sint Maarten (Dutch part),2003,
SXM,Sint Maarten (Dutch part),2002,
SXM,Sint Maarten (Dutch part),2001,
SXM,Sint Maarten (Dutch part),2000,
SVK,Slovak Republic,2024,5.234
SVK,Slovak Republic,2023,5.84
SVK,Slovak Republic,2022,6.143
SVK,Slovak Republic,2021,6.894
SVK,Slovak Republic,2020,6.719
SVK,Slovak Republic,2019,5.761
SVK,Slovak Republic,2018,6.544
SVK,Slovak Republic,2017,8.142
SVK,Slovak Republic,2016,9.679
SVK,Slovak Republic,2015,11.492
SVK,Slovak Republic,2014,11.536
SVK,Slovak Republic,2013,14.226
SVK,Slovak Republic,2012,13.966
SVK,Slovak Republic,2011,13.634
SVK,Slovak Republic,2010,14.387
SVK,Slovak Republic,2009,12.023
SVK,Slovak Republic,2008,9.514
SVK,Slovak Republic,2007,11.16
SVK,Slovak Republic,2006,13.395
SVK,Slovak Republic,2005,16.276
SVK,Slovak Republic,2004,18.206
SVK,Slovak Republic,2003,17.549
SVK,Slovak Republic,2002,18.541
SVK,Slovak Republic,2001,19.148
SVK,Slovak Republic,2000,18.546
SVN,Slovenia,2024,3.357
SVN,Slovenia,2023,3.652
SVN,Slovenia,2022,4.011
SVN,Slovenia,2021,4.744
SVN,Slovenia,2020,4.971
SVN,Slovenia,2019,4.446
SVN,Slovenia,2018,5.108
SVN,Slovenia,2017,6.564
SVN,Slovenia,2016,8.0
SVN,Slovenia,2015,8.962
SVN,Slovenia,2014,9.668
SVN,Slovenia,2013,10.103
SVN,Slovenia,2012,8.841
SVN,Slovenia,2011,8.166
SVN,Slovenia,2010,7.236
SVN,Slovenia,2009,5.858
SVN,Slovenia,2008,4.371
SVN,Slovenia,2007,4.818
SVN,Slovenia,2006,5.95
SVN,Slovenia,2005,6.506
SVN,Slovenia,2004,6.012
SVN,Slovenia,2003,6.479
SVN,Slovenia,2002,5.922
SVN,Slovenia,2001,5.682
SVN,Slovenia,2000,6.92
SLB,Solomon Islands,2024,1.47
SLB,Solomon Islands,2023,1.455
SLB,Solomon Islands,2022,1.483
SLB,Solomon Islands,2021,0.884
SLB,Solomon Islands,2020,0.864
SLB,Solomon Islands,2019,0.743
SLB,Solomon Islands,2018,0.72
SLB,Solomon Islands,2017,0.725
SLB,Solomon Islands,2016,0.734
SLB,Solomon Islands,2015,0.735
SLB,Solomon Islands,2014,0.729
SLB,Solomon Islands,2013,0.694
SLB,Solomon Islands,2012,0.984
SLB,Solomon Islands,2011,1.292
SLB,Solomon Islands,2010,1.617
SLB,Solomon Islands,2009,2.02
SLB,Solomon Islands,2008,1.999
SLB,Solomon Islands,2007,1.981
SLB,Solomon Islands,2006,1.92
SLB,Solomon Islands,2005,1.885
SLB,Solomon Islands,2004,2.031
SLB,Solomon Islands,2003,2.29
SLB,Solomon Islands,2002,2.696
SLB,Solomon Islands,2001,2.642
SLB,Solomon Islands,2000,2.45
SOM,"Somalia, Fed. Rep.",2024,18.861
SOM,"Somalia, Fed. Rep.",2023,18.941
SOM,"Somalia, Fed. Rep.",2022,19.05
SOM,"Somalia, Fed. Rep.",2021,19.662
SOM,"Somalia, Fed. Rep.",2020,19.413
SOM,"Somalia, Fed. Rep.",2019,18.828
SOM,"Somalia, Fed. Rep.",2018,18.738
SOM,"Somalia, Fed. Rep.",2017,18.523
SOM,"Somalia, Fed. Rep.",2016,18.578
SOM,"Somalia, Fed. Rep.",2015,18.597
SOM,"Somalia, Fed. Rep.",2014,18.861
SOM,"Somalia, Fed. Rep.",2013,19.013
SOM,"Somalia, Fed. Rep.",2012,19.105
SOM,"Somalia, Fed. Rep.",2011,19.052
SOM,"Somalia, Fed. Rep.",2010,19.031
SOM,"Somalia, Fed. Rep.",2009,19.013
SOM,"Somalia, Fed. Rep.",2008,18.996
SOM,"Somalia, Fed. Rep.",2007,18.981
SOM,"Somalia, Fed. Rep.",2006,19.002
SOM,"Somalia, Fed. Rep.",2005,18.997
SOM,"Somalia, Fed. Rep.",2004,18.992
SOM,"Somalia, Fed. Rep.",2003,19.081
SOM,"Somalia, Fed. Rep.",2002,19.077
SOM,"Somalia, Fed. Rep.",2001,19.076
SOM,"Somalia, Fed. Rep.",2000,18.98
ZAF,South Africa,2024,33.168
ZAF,South Africa,2023,32.098
ZAF,South Africa,2022,33.268
ZAF,South Africa,2021,34.007
ZAF,South Africa,2020,29.217
ZAF,South Africa,2019,28.468
ZAF,South Africa,2018,26.906
ZAF,South Africa,2017,27.035
ZAF,South Africa,2016,26.536
ZAF,South Africa,2015,25.149
ZAF,South Africa,2014,24.89
ZAF,South Africa,2013,24.561
ZAF,South Africa,2012,24.727
ZAF,South Africa,2011,24.639
ZAF,South Africa,2010,24.683
ZAF,South Africa,2009,23.523
ZAF,South Africa,2008,22.407
ZAF,South Africa,2007,22.287
ZAF,South Africa,2006,22.324
ZAF,South Africa,2005,22.461
ZAF,South Africa,2004,22.538
ZAF,South Africa,2003,22.629
ZAF,South Africa,2002,22.547
ZAF,South Africa,2001,22.605
ZAF,South Africa,2000,22.714
SSD,South Sudan,2024,
SSD,South Sudan,2023,12.477
SSD,South Sudan,2022,12.545
SSD,South Sudan,2021,14.029
SSD,South Sudan,2020,14.319
SSD,South Sudan,2019,12.709
SSD,South Sudan,2018,12.952
SSD,South Sudan,2017,13.111
SSD,South Sudan,2016,12.955
SSD,South Sudan,2015,12.485
SSD,South Sudan,2014,12.602
SSD,South Sudan,2013,12.727
SSD,South Sudan,2012,12.896
SSD,South Sudan,2011,12.635
SSD,South Sudan,2010,12.503
SSD,South Sudan,2009,12.463
SSD,South Sudan,2008,12.298
SSD,South Sudan,2007,12.262
SSD,South Sudan,2006,12.267
SSD,South Sudan,2005,12.266
SSD,South Sudan,2004,12.256
SSD,South Sudan,2003,12.232
SSD,South Sudan,2002,12.234
SSD,South Sudan,2001,12.286
SSD,South Sudan,2000,12.325
ESP,Spain,2024,11.394
ESP,Spain,2023,12.179
ESP,Spain,2022,12.917
ESP,Spain,2021,14.781
ESP,Spain,2020,15.532
ESP,Spain,2019,14.104
ESP,Spain,2018,15.255
ESP,Spain,2017,17.224
ESP,Spain,2016,19.635
ESP,Spain,2015,22.057
ESP,Spain,2014,24.441
ESP,Spain,2013,26.094
ESP,Spain,2012,24.789
ESP,Spain,2011,21.39
ESP,Spain,2010,19.86
ESP,Spain,2009,17.857
ESP,Spain,2008,11.254
ESP,Spain,2007,8.232
ESP,Spain,2006,8.452
ESP,Spain,2005,9.146
ESP,Spain,2004,11.09
ESP,Spain,2003,11.283
ESP,Spain,2002,11.146
ESP,Spain,2001,10.348
ESP,Spain,2000,13.785
LKA,Sri Lanka,2024,4.996
LKA,Sri Lanka,2023,5.997
LKA,Sri Lanka,2022,4.528
LKA,Sri Lanka,2021,4.981
LKA,Sri Lanka,2020,5.364
LKA,Sri Lanka,2019,4.67
LKA,Sri Lanka,2018,4.318
LKA,Sri Lanka,2017,4.046
LKA,Sri Lanka,2016,4.242
LKA,Sri Lanka,2015,4.519
LKA,Sri Lanka,2014,4.157
LKA,Sri Lanka,2013,4.186
LKA,Sri Lanka,2012,3.88
LKA,Sri Lanka,2011,4.118
LKA,Sri Lanka,2010,4.784
LKA,Sri Lanka,2009,5.85
LKA,Sri Lanka,2008,5.22
LKA,Sri Lanka,2007,5.97
LKA,Sri Lanka,2006,6.5
LKA,Sri Lanka,2005,7.67
LKA,Sri Lanka,2004,8.38
LKA,Sri Lanka,2003,8.22
LKA,Sri Lanka,2002,8.76
LKA,Sri Lanka,2001,7.9
LKA,Sri Lanka,2000,7.74
KNA,St. Kitts and Nevis,2024,
KNA,St. Kitts and Nevis,2023,
KNA,St. Kitts and Nevis,2022,
KNA,St. Kitts and Nevis,2021,
KNA,St. Kitts and Nevis,2020,
KNA,St. Kitts and Nevis,2019,
KNA,St. Kitts and Nevis,2018,
KNA,St. Kitts and Nevis,2017,
KNA,St. Kitts and Nevis,2016,
KNA,St. Kitts and Nevis,2015,
KNA,St. Kitts and Nevis,2014,
KNA,St. Kitts and Nevis,2013,
KNA,St. Kitts and Nevis,2012,
KNA,St. Kitts and Nevis,2011,
KNA,St. Kitts and Nevis,2010,
KNA,St. Kitts and Nevis,2009,
KNA,St. Kitts and Nevis,2008,
KNA,St. Kitts and Nevis,2007,
KNA,St. Kitts and Nevis,2006,
KNA,St. Kitts and Nevis,2005,
KNA,St. Kitts and Nevis,2004,
KNA,St. Kitts and Nevis,2003,
KNA,St. Kitts and Nevis,2002,
KNA,St. Kitts and Nevis,2001,
KNA,St. Kitts and Nevis,2000,
LCA,St. Lucia,2024,10.928
LCA,St. Lucia,2023,11.092
LCA,St. Lucia,2022,15.934
LCA,St. Lucia,2021,20.514
LCA,St. Lucia,2020,25.224
LCA,St. Lucia,2019,15.613
LCA,St. Lucia,2018,19.329
LCA,St. Lucia,2017,19.136
LCA,St. Lucia,2016,19.933
LCA,St. Lucia,2015,20.858
LCA,St. Lucia,2014,21.597
LCA,St. Lucia,2013,22.21
LCA,St. Lucia,2012,19.06
LCA,St. Lucia,2011,18.86
LCA,St. Lucia,2010,17.12
LCA,St. Lucia,2009,15.37
LCA,St. Lucia,2008,12.72
LCA,St. Lucia,2007,14.0
LCA,St. Lucia,2006,16.0
LCA,St. Lucia,2005,18.7
LCA,St. Lucia,2004,20.97
LCA,St. Lucia,2003,22.18
LCA,St. Lucia,2002,20.39
LCA,St. Lucia,2001,18.546
LCA,St. Lucia,2000,16.49
MAF,St. Martin (French part),2024,
MAF,St. Martin (French part),2023,
MAF,St. Martin (French part),2022,
MAF,St. Martin (French part),2021,
MAF,St. Martin (French part),2020,
MAF,St. Martin (French part),2019,
MAF,St. Martin (French part),2018,
MAF,St. Martin (French part),2017,
MAF,St. Martin (French part),2016,
MAF,St. Martin (French part),2015,
MAF,St. Martin (French part),2014,
MAF,St. Martin (French part),2013,
MAF,St. Martin (French part),2012,
MAF,St. Martin (French part),2011,
MAF,St. Martin (French part),2010,
MAF,St. Martin (French part),2009,
MAF,St. Martin (French part),2008,
MAF,St. Martin (French part),2007,
MAF,St. Martin (French part),2006,
MAF,St. Martin (French part),2005,
MAF,St. Martin (French part),2004,
MAF,St. Martin (French part),2003,
MAF,St. Martin (French part),2002,
MAF,St. Martin (French part),2001,
MAF,St. Martin (French part),2000,
VCT,St. Vincent and the Grenadines,2024,18.056
VCT,St. Vincent and the Grenadines,2023,18.574
VCT,St. Vincent and the Grenadines,2022,19.417
VCT,St. Vincent and the Grenadines,2021,20.341
VCT,St. Vincent and the Grenadines,2020,20.636
VCT,St. Vincent and the Grenadines,2019,19.235
VCT,St. Vincent and the Grenadines,2018,18.984
VCT,St. Vincent and the Grenadines,2017,19.006
VCT,St. Vincent and the Grenadines,2016,19.028
VCT,St. Vincent and the Grenadines,2015,19.141
VCT,St. Vincent and the Grenadines,2014,19.249
VCT,St. Vincent and the Grenadines,2013,19.367
VCT,St. Vincent and the Grenadines,2012,19.867
VCT,St. Vincent and the Grenadines,2011,20.049
VCT,St. Vincent and the Grenadines,2010,19.966
VCT,St. Vincent and the Grenadines,2009,19.386
VCT,St. Vincent and the Grenadines,2008,18.79
VCT,St. Vincent and the Grenadines,2007,18.927
VCT,St. Vincent and the Grenadines,2006,19.15
VCT,St. Vincent and the Grenadines,2005,19.449
VCT,St. Vincent and the Grenadines,2004,19.523
VCT,St. Vincent and the Grenadines,2003,19.967
VCT,St. Vincent and the Grenadines,2002,20.617
VCT,St. Vincent and the Grenadines,2001,21.1
VCT,St. Vincent and the Grenadines,2000,20.794
SDN,Sudan,2024,
SDN,Sudan,2023,
SDN,Sudan,2022,7.53
SDN,Sudan,2021,11.044
SDN,Sudan,2020,11.958
SDN,Sudan,2019,11.658
SDN,Sudan,2018,12.303
SDN,Sudan,2017,12.953
SDN,Sudan,2016,13.606
SDN,Sudan,2015,14.347
SDN,Sudan,2014,15.411
SDN,Sudan,2013,16.3
SDN,Sudan,2012,17.002
SDN,Sudan,2011,17.44
SDN,Sudan,2010,15.161
SDN,Sudan,2009,13.0
SDN,Sudan,2008,15.566
SDN,Sudan,2007,15.531
SDN,Sudan,2006,15.542
SDN,Sudan,2005,15.546
SDN,Sudan,2004,15.539
SDN,Sudan,2003,15.515
SDN,Sudan,2002,15.514
SDN,Sudan,2001,15.568
SDN,Sudan,2000,15.608
SUR,Suriname,2024,7.325
SUR,Suriname,2023,7.631
SUR,Suriname,2022,8.16
SUR,Suriname,2021,8.491
SUR,Suriname,2020,8.76
SUR,Suriname,2019,7.556
SUR,Suriname,2018,7.693
SUR,Suriname,2017,7.888
SUR,Suriname,2016,7.917
SUR,Suriname,2015,7.22
SUR,Suriname,2014,6.94
SUR,Suriname,2013,6.6
SUR,Suriname,2012,8.1
SUR,Suriname,2011,7.54
SUR,Suriname,2010,7.15
SUR,Suriname,2009,8.72
SUR,Suriname,2008,8.831
SUR,Suriname,2007,9.004
SUR,Suriname,2006,9.096
SUR,Suriname,2005,9.263
SUR,Suriname,2004,9.49
SUR,Suriname,2003,10.359
SUR,Suriname,2002,11.243
SUR,Suriname,2001,12.148
SUR,Suriname,2000,12.983
SWE,Sweden,2024,8.528
SWE,Sweden,2023,7.611
SWE,Sweden,2022,7.392
SWE,Sweden,2021,8.722
SWE,Sweden,2020,8.291
SWE,Sweden,2019,6.833
SWE,Sweden,2018,6.365
SWE,Sweden,2017,6.718
SWE,Sweden,2016,6.99
SWE,Sweden,2015,7.432
SWE,Sweden,2014,7.954
SWE,Sweden,2013,8.052
SWE,Sweden,2012,7.976
SWE,Sweden,2011,7.804
SWE,Sweden,2010,8.61
SWE,Sweden,2009,8.351
SWE,Sweden,2008,6.235
SWE,Sweden,2007,6.161
SWE,Sweden,2006,7.066
SWE,Sweden,2005,7.81
SWE,Sweden,2004,6.693
SWE,Sweden,2003,5.555
SWE,Sweden,2002,4.965
SWE,Sweden,2001,4.73
SWE,Sweden,2000,5.466
CHE,Switzerland,2024,4.11
CHE,Switzerland,2023,4.043
CHE,Switzerland,2022,4.122
CHE,Switzerland,2021,5.013
CHE,Switzerland,2020,4.817
CHE,Switzerland,2019,4.394
CHE,Switzerland,2018,4.713
CHE,Switzerland,2017,4.797
CHE,Switzerland,2016,4.918
CHE,Switzerland,2015,4.801
CHE,Switzerland,2014,4.826
CHE,Switzerland,2013,4.747
CHE,Switzerland,2012,4.491
CHE,Switzerland,2011,4.409
CHE,Switzerland,2010,4.808
CHE,Switzerland,2009,4.109
CHE,Switzerland,2008,3.35
CHE,Switzerland,2007,3.641
CHE,Switzerland,2006,3.995
CHE,Switzerland,2005,4.437
CHE,Switzerland,2004,4.316
CHE,Switzerland,2003,4.117
CHE,Switzerland,2002,2.924
CHE,Switzerland,2001,2.49
CHE,Switzerland,2000,2.658
SYR,Syrian Arab Republic,2024,12.962
SYR,Syrian Arab Republic,2023,13.187
SYR,Syrian Arab Republic,2022,13.268
SYR,Syrian Arab Republic,2021,14.877
SYR,Syrian Arab Republic,2020,15.191
SYR,Syrian Arab Republic,2019,13.36
SYR,Syrian Arab Republic,2018,13.497
SYR,Syrian Arab Republic,2017,13.597
SYR,Syrian Arab Republic,2016,13.795
SYR,Syrian Arab Republic,2015,14.243
SYR,Syrian Arab Republic,2014,14.783
SYR,Syrian Arab Republic,2013,14.5
SYR,Syrian Arab Republic,2012,13.8
SYR,Syrian Arab Republic,2011,8.627
SYR,Syrian Arab Republic,2010,8.61
SYR,Syrian Arab Republic,2009,8.14
SYR,Syrian Arab Republic,2008,10.94
SYR,Syrian Arab Republic,2007,8.42
SYR,Syrian Arab Republic,2006,8.17
SYR,Syrian Arab Republic,2005,8.809
SYR,Syrian Arab Republic,2004,9.513
SYR,Syrian Arab Republic,2003,10.28
SYR,Syrian Arab Republic,2002,10.94
SYR,Syrian Arab Republic,2001,11.63
SYR,Syrian Arab Republic,2000,9.587
TJK,Tajikistan,2024,11.635
TJK,Tajikistan,2023,11.546
TJK,Tajikistan,2022,11.634
TJK,Tajikistan,2021,12.333
TJK,Tajikistan,2020,12.321
TJK,Tajikistan,2019,11.419
TJK,Tajikistan,2018,11.437
TJK,Tajikistan,2017,11.487
TJK,Tajikistan,2016,11.5
TJK,Tajikistan,2015,11.485
TJK,Tajikistan,2014,11.439
TJK,Tajikistan,2013,11.417
TJK,Tajikistan,2012,11.444
TJK,Tajikistan,2011,11.557
TJK,Tajikistan,2010,11.542
TJK,Tajikistan,2009,11.5
TJK,Tajikistan,2008,7.134
TJK,Tajikistan,2007,2.874
TJK,Tajikistan,2006,3.13
TJK,Tajikistan,2005,3.375
TJK,Tajikistan,2004,3.616
TJK,Tajikistan,2003,3.85
TJK,Tajikistan,2002,3.95
TJK,Tajikistan,2001,3.75
TJK,Tajikistan,2000,4.15
TZA,Tanzania,2024,2.576
TZA,Tanzania,2023,2.582
TZA,Tanzania,2022,2.588
TZA,Tanzania,2021,2.821
TZA,Tanzania,2020,2.781
TZA,Tanzania,2019,2.496
TZA,Tanzania,2018,2.393
TZA,Tanzania,2017,2.303
TZA,Tanzania,2016,2.23
TZA,Tanzania,2015,2.159
TZA,Tanzania,2014,2.125
TZA,Tanzania,2013,2.93
TZA,Tanzania,2012,3.222
TZA,Tanzania,2011,3.47
TZA,Tanzania,2010,3.029
TZA,Tanzania,2009,2.5
TZA,Tanzania,2008,2.774
TZA,Tanzania,2007,3.023
TZA,Tanzania,2006,3.299
TZA,Tanzania,2005,3.194
TZA,Tanzania,2004,3.108
TZA,Tanzania,2003,3.055
TZA,Tanzania,2002,3.024
TZA,Tanzania,2001,2.994
TZA,Tanzania,2000,3.127
THA,Thailand,2024,0.693
THA,Thailand,2023,0.733
THA,Thailand,2022,0.94
THA,Thailand,2021,1.215
THA,Thailand,2020,1.099
THA,Thailand,2019,0.716
THA,Thailand,2018,0.765
THA,Thailand,2017,0.83
THA,Thailand,2016,0.688
THA,Thailand,2015,0.597
THA,Thailand,2014,0.576
THA,Thailand,2013,0.249
THA,Thailand,2012,0.58
THA,Thailand,2011,0.66
THA,Thailand,2010,0.622
THA,Thailand,2009,1.49
THA,Thailand,2008,1.18
THA,Thailand,2007,1.18
THA,Thailand,2006,1.22
THA,Thailand,2005,1.35
THA,Thailand,2004,1.51
THA,Thailand,2003,1.54
THA,Thailand,2002,1.82
THA,Thailand,2001,2.6
THA,Thailand,2000,2.389
TLS,Timor-Leste,2024,1.603
TLS,Timor-Leste,2023,1.521
TLS,Timor-Leste,2022,1.537
TLS,Timor-Leste,2021,2.344
TLS,Timor-Leste,2020,2.782
TLS,Timor-Leste,2019,3.097
TLS,Timor-Leste,2018,3.778
TLS,Timor-Leste,2017,4.248
TLS,Timor-Leste,2016,4.657
TLS,Timor-Leste,2015,3.678
TLS,Timor-Leste,2014,3.618
TLS,Timor-Leste,2013,3.564
TLS,Timor-Leste,2012,3.468
TLS,Timor-Leste,2011,3.384
TLS,Timor-Leste,2010,3.301
TLS,Timor-Leste,2009,3.291
TLS,Timor-Leste,2008,3.413
TLS,Timor-Leste,2007,3.489
TLS,Timor-Leste,2006,3.581
TLS,Timor-Leste,2005,3.563
TLS,Timor-Leste,2004,3.656
TLS,Timor-Leste,2003,3.503
TLS,Timor-Leste,2002,3.453
TLS,Timor-Leste,2001,3.363
TLS,Timor-Leste,2000,3.477
TGO,Togo,2024,1.94
TGO,Togo,2023,1.948
TGO,Togo,2022,1.965
TGO,Togo,2021,2.333
TGO,Togo,2020,2.225
TGO,Togo,2019,2.036
TGO,Togo,2018,2.898
TGO,Togo,2017,3.744
TGO,Togo,2016,2.968
TGO,Togo,2015,2.204
TGO,Togo,2014,2.142
TGO,Togo,2013,2.085
TGO,Togo,2012,2.03
TGO,Togo,2011,1.982
TGO,Togo,2010,2.383
TGO,Togo,2009,2.849
TGO,Togo,2008,3.283
TGO,Togo,2007,3.817
TGO,Togo,2006,4.229
TGO,Togo,2005,4.157
TGO,Togo,2004,4.015
TGO,Togo,2003,3.984
TGO,Togo,2002,4.104
TGO,Togo,2001,4.124
TGO,Togo,2000,4.174
TON,Tonga,2024,2.192
TON,Tonga,2023,2.262
TON,Tonga,2022,2.302
TON,Tonga,2021,2.111
TON,Tonga,2020,2.699
TON,Tonga,2019,2.157
TON,Tonga,2018,2.248
TON,Tonga,2017,2.131
TON,Tonga,2016,2.046
TON,Tonga,2015,2.024
TON,Tonga,2014,1.92
TON,Tonga,2013,1.754
TON,Tonga,2012,1.643
TON,Tonga,2011,1.602
TON,Tonga,2010,1.513
TON,Tonga,2009,1.407
TON,Tonga,2008,1.252
TON,Tonga,2007,1.181
TON,Tonga,2006,1.09
TON,Tonga,2005,2.571
TON,Tonga,2004,3.942
TON,Tonga,2003,5.18
TON,Tonga,2002,4.838
TON,Tonga,2001,4.48
TON,Tonga,2000,4.12
TTO,Trinidad and Tobago,2024,4.546
TTO,Trinidad and Tobago,2023,4.21
TTO,Trinidad and Tobago,2022,4.383
TTO,Trinidad and Tobago,2021,4.446
TTO,Trinidad and Tobago,2020,4.206
TTO,Trinidad and Tobago,2019,3.523
TTO,Trinidad and Tobago,2018,3.498
TTO,Trinidad and Tobago,2017,3.394
TTO,Trinidad and Tobago,2016,3.207
TTO,Trinidad and Tobago,2015,2.428
TTO,Trinidad and Tobago,2014,2.477
TTO,Trinidad and Tobago,2013,2.683
TTO,Trinidad and Tobago,2012,3.718
TTO,Trinidad and Tobago,2011,3.425
TTO,Trinidad and Tobago,2010,4.033
TTO,Trinidad and Tobago,2009,5.28
TTO,Trinidad and Tobago,2008,4.63
TTO,Trinidad and Tobago,2007,5.54
TTO,Trinidad and Tobago,2006,6.27
TTO,Trinidad and Tobago,2005,7.95
TTO,Trinidad and Tobago,2004,8.33
TTO,Trinidad and Tobago,2003,10.48
TTO,Trinidad and Tobago,2002,10.39
TTO,Trinidad and Tobago,2001,10.88
TTO,Trinidad and Tobago,2000,12.1
TUN,Tunisia,2024,16.203
TUN,Tunisia,2023,15.106
TUN,Tunisia,2022,15.3
TUN,Tunisia,2021,16.611
TUN,Tunisia,2020,17.656
TUN,Tunisia,2019,17.153
TUN,Tunisia,2018,15.459
TUN,Tunisia,2017,15.33
TUN,Tunisia,2016,15.557
TUN,Tunisia,2015,15.159
TUN,Tunisia,2014,14.259
TUN,Tunisia,2013,15.934
TUN,Tunisia,2012,17.63
TUN,Tunisia,2011,18.334
TUN,Tunisia,2010,13.049
TUN,Tunisia,2009,13.29
TUN,Tunisia,2008,12.444
TUN,Tunisia,2007,12.365
TUN,Tunisia,2006,12.51
TUN,Tunisia,2005,12.872
TUN,Tunisia,2004,14.23
TUN,Tunisia,2003,14.51
TUN,Tunisia,2002,14.55
TUN,Tunisia,2001,14.4
TUN,Tunisia,2000,14.94
TUR,Turkiye,2024,8.449
TUR,Turkiye,2023,9.388
TUR,Turkiye,2022,10.465
TUR,Turkiye,2021,11.969
TUR,Turkiye,2020,13.148
TUR,Turkiye,2019,13.73
TUR,Turkiye,2018,10.956
TUR,Turkiye,2017,10.919
TUR,Turkiye,2016,10.899
TUR,Turkiye,2015,10.304
TUR,Turkiye,2014,9.901
TUR,Turkiye,2013,9.713
TUR,Turkiye,2012,9.21
TUR,Turkiye,2011,9.789
TUR,Turkiye,2010,11.879
TUR,Turkiye,2009,14.026
TUR,Turkiye,2008,10.965
TUR,Turkiye,2007,10.285
TUR,Turkiye,2006,10.227
TUR,Turkiye,2005,10.636
TUR,Turkiye,2004,10.838
TUR,Turkiye,2003,10.542
TUR,Turkiye,2002,10.358
TUR,Turkiye,2001,8.381
TUR,Turkiye,2000,6.495
TKM,Turkmenistan,2024,4.304
TKM,Turkmenistan,2023,4.099
TKM,Turkmenistan,2022,4.109
TKM,Turkmenistan,2021,4.459
TKM,Turkmenistan,2020,4.501
TKM,Turkmenistan,2019,4.043
TKM,Turkmenistan,2018,4.044
TKM,Turkmenistan,2017,4.044
TKM,Turkmenistan,2016,4.031
TKM,Turkmenistan,2015,4.016
TKM,Turkmenistan,2014,4.0
TKM,Turkmenistan,2013,3.983
TKM,Turkmenistan,2012,3.986
TKM,Turkmenistan,2011,4.002
TKM,Turkmenistan,2010,4.0
TKM,Turkmenistan,2009,4.0
TKM,Turkmenistan,2008,4.835
TKM,Turkmenistan,2007,5.694
TKM,Turkmenistan,2006,6.58
TKM,Turkmenistan,2005,7.485
TKM,Turkmenistan,2004,8.44
TKM,Turkmenistan,2003,9.311
TKM,Turkmenistan,2002,10.153
TKM,Turkmenistan,2001,10.851
TKM,Turkmenistan,2000,11.666
TCA,Turks and Caicos Islands,2024,
TCA,Turks and Caicos Islands,2023,
TCA,Turks and Caicos Islands,2022,
TCA,Turks and Caicos Islands,2021,
TCA,Turks and Caicos Islands,2020,
TCA,Turks and Caicos Islands,2019,
TCA,Turks and Caicos Islands,2018,
TCA,Turks and Caicos Islands,2017,
TCA,Turks and Caicos Islands,2016,
TCA,Turks and Caicos Islands,2015,
TCA,Turks and Caicos Islands,2014,
TCA,Turks and Caicos Islands,2013,
TCA,Turks and Caicos Islands,2012,
TCA,Turks and Caicos Islands,2011,
TCA,Turks and Caicos Islands,2010,
TCA,Turks and Caicos Islands,2009,
TCA,Turks and Caicos Islands,2008,
TCA,Turks and Caicos Islands,2007,
TCA,Turks and Caicos Islands,2006,
TCA,Turks and Caicos Islands,2005,
TCA,Turks and Caicos Islands,2004,
TCA,Turks and Caicos Islands,2003,
TCA,Turks and Caicos Islands,2002,
TCA,Turks and Caicos Islands,2001,
TCA,Turks and Caicos Islands,2000,
TUV,Tuvalu,2024,
TUV,Tuvalu,2023,
TUV,Tuvalu,2022,
TUV,Tuvalu,2021,
TUV,Tuvalu,2020,
TUV,Tuvalu,2019,
TUV,Tuvalu,2018,
TUV,Tuvalu,2017,
TUV,Tuvalu,2016,
TUV,Tuvalu,2015,
TUV,Tuvalu,2014,
TUV,Tuvalu,2013,
TUV,Tuvalu,2012,
TUV,Tuvalu,2011,
TUV,Tuvalu,2010,
TUV,Tuvalu,2009,
TUV,Tuvalu,2008,
TUV,Tuvalu,2007,
TUV,Tuvalu,2006,
TUV,Tuvalu,2005,
TUV,Tuvalu,2004,
TUV,Tuvalu,2003,
TUV,Tuvalu,2002,
TUV,Tuvalu,2001,
TUV,Tuvalu,2000,
UGA,Uganda,2024,2.941
UGA,Uganda,2023,2.787
UGA,Uganda,2022,2.886
UGA,Uganda,2021,3.422
UGA,Uganda,2020,3.831
UGA,Uganda,2019,3.06
UGA,Uganda,2018,3.25
UGA,Uganda,2017,3.428
UGA,Uganda,2016,3.008
UGA,Uganda,2015,2.679
UGA,Uganda,2014,2.348
UGA,Uganda,2013,1.91
UGA,Uganda,2012,3.551
UGA,Uganda,2011,3.528
UGA,Uganda,2010,3.619
UGA,Uganda,2009,3.6
UGA,Uganda,2008,3.052
UGA,Uganda,2007,2.677
UGA,Uganda,2006,2.272
UGA,Uganda,2005,1.9
UGA,Uganda,2004,2.705
UGA,Uganda,2003,3.6
UGA,Uganda,2002,3.5
UGA,Uganda,2001,3.52
UGA,Uganda,2000,3.529
UKR,Ukraine,2024,
UKR,Ukraine,2023,
UKR,Ukraine,2022,
UKR,Ukraine,2021,9.834
UKR,Ukraine,2020,9.475
UKR,Ukraine,2019,8.194
UKR,Ukraine,2018,8.799
UKR,Ukraine,2017,9.5
UKR,Ukraine,2016,9.35
UKR,Ukraine,2015,9.14
UKR,Ukraine,2014,9.27
UKR,Ukraine,2013,7.17
UKR,Ukraine,2012,7.529
UKR,Ukraine,2011,7.851
UKR,Ukraine,2010,8.1
UKR,Ukraine,2009,8.84
UKR,Ukraine,2008,6.363
UKR,Ukraine,2007,6.351
UKR,Ukraine,2006,6.81
UKR,Ukraine,2005,7.18
UKR,Ukraine,2004,8.59
UKR,Ukraine,2003,9.057
UKR,Ukraine,2002,10.136
UKR,Ukraine,2001,11.061
UKR,Ukraine,2000,11.707
ARE,United Arab Emirates,2024,2.133
ARE,United Arab Emirates,2023,2.151
ARE,United Arab Emirates,2022,2.872
ARE,United Arab Emirates,2021,3.105
ARE,United Arab Emirates,2020,4.294
ARE,United Arab Emirates,2019,2.331
ARE,United Arab Emirates,2018,2.236
ARE,United Arab Emirates,2017,2.462
ARE,United Arab Emirates,2016,1.64
ARE,United Arab Emirates,2015,1.793
ARE,United Arab Emirates,2014,2.002
ARE,United Arab Emirates,2013,2.126
ARE,United Arab Emirates,2012,2.327
ARE,United Arab Emirates,2011,2.596
ARE,United Arab Emirates,2010,2.811
ARE,United Arab Emirates,2009,2.944
ARE,United Arab Emirates,2008,2.821
ARE,United Arab Emirates,2007,2.936
ARE,United Arab Emirates,2006,2.963
ARE,United Arab Emirates,2005,3.12
ARE,United Arab Emirates,2004,2.965
ARE,United Arab Emirates,2003,2.908
ARE,United Arab Emirates,2002,2.661
ARE,United Arab Emirates,2001,2.444
ARE,United Arab Emirates,2000,2.25
GBR,United Kingdom,2024,4.111
GBR,United Kingdom,2023,3.984
GBR,United Kingdom,2022,3.73
GBR,United Kingdom,2021,4.826
GBR,United Kingdom,2020,4.472
GBR,United Kingdom,2019,3.613
GBR,United Kingdom,2018,4.12
GBR,United Kingdom,2017,4.452
GBR,United Kingdom,2016,4.867
GBR,United Kingdom,2015,5.517
GBR,United Kingdom,2014,6.363
GBR,United Kingdom,2013,7.704
GBR,United Kingdom,2012,8.25
GBR,United Kingdom,2011,8.169
GBR,United Kingdom,2010,7.924
GBR,United Kingdom,2009,7.627
GBR,United Kingdom,2008,5.705
GBR,United Kingdom,2007,5.342
GBR,United Kingdom,2006,5.411
GBR,United Kingdom,2005,4.835
GBR,United Kingdom,2004,4.594
GBR,United Kingdom,2003,4.807
GBR,United Kingdom,2002,5.037
GBR,United Kingdom,2001,4.696
GBR,United Kingdom,2000,5.558
USA,United States,2024,4.106
USA,United States,2023,3.638
USA,United States,2022,3.65
USA,United States,2021,5.349
USA,United States,2020,8.055
USA,United States,2019,3.669
USA,United States,2018,3.896
USA,United States,2017,4.355
USA,United States,2016,4.869
USA,United States,2015,5.28
USA,United States,2014,6.168
USA,United States,2013,7.375
USA,United States,2012,8.069
USA,United States,2011,8.949
USA,United States,2010,9.633
USA,United States,2009,9.254
USA,United States,2008,5.784
USA,United States,2007,4.622
USA,United States,2006,4.623
USA,United States,2005,5.084
USA,United States,2004,5.529
USA,United States,2003,5.989
USA,United States,2002,5.783
USA,United States,2001,4.731
USA,United States,2000,3.992
URY,Uruguay,2024,8.401
URY,Uruguay,2023,8.355
URY,Uruguay,2022,7.877
URY,Uruguay,2021,9.328
URY,Uruguay,2020,10.413
URY,Uruguay,2019,8.836
URY,Uruguay,2018,8.336
URY,Uruguay,2017,7.89
URY,Uruguay,2016,7.841
URY,Uruguay,2015,7.488
URY,Uruguay,2014,6.547
URY,Uruguay,2013,6.444
URY,Uruguay,2012,6.451
URY,Uruguay,2011,6.307
URY,Uruguay,2010,7.158
URY,Uruguay,2009,7.74
URY,Uruguay,2008,8.025
URY,Uruguay,2007,9.403
URY,Uruguay,2006,10.844
URY,Uruguay,2005,12.009
URY,Uruguay,2004,12.98
URY,Uruguay,2003,16.661
URY,Uruguay,2002,16.648
URY,Uruguay,2001,15.052
URY,Uruguay,2000,12.627
UZB,Uzbekistan,2024,4.488
UZB,Uzbekistan,2023,4.46
UZB,Uzbekistan,2022,4.49
UZB,Uzbekistan,2021,5.364
UZB,Uzbekistan,2020,5.293
UZB,Uzbekistan,2019,4.932
UZB,Uzbekistan,2018,5.389
UZB,Uzbekistan,2017,5.83
UZB,Uzbekistan,2016,5.16
UZB,Uzbekistan,2015,5.15
UZB,Uzbekistan,2014,5.09
UZB,Uzbekistan,2013,4.86
UZB,Uzbekistan,2012,4.87
UZB,Uzbekistan,2011,4.96
UZB,Uzbekistan,2010,5.36
UZB,Uzbekistan,2009,5.04
UZB,Uzbekistan,2008,4.89
UZB,Uzbekistan,2007,4.99
UZB,Uzbekistan,2006,6.03
UZB,Uzbekistan,2005,7.092
UZB,Uzbekistan,2004,8.162
UZB,Uzbekistan,2003,9.248
UZB,Uzbekistan,2002,10.283
UZB,Uzbekistan,2001,11.3
UZB,Uzbekistan,2000,12.317
VUT,Vanuatu,2024,5.064
VUT,Vanuatu,2023,5.082
VUT,Vanuatu,2022,5.143
VUT,Vanuatu,2021,4.766
VUT,Vanuatu,2020,4.046
VUT,Vanuatu,2019,5.444
VUT,Vanuatu,2018,5.326
VUT,Vanuatu,2017,5.287
VUT,Vanuatu,2016,5.261
VUT,Vanuatu,2015,5.254
VUT,Vanuatu,2014,5.15
VUT,Vanuatu,2013,5.058
VUT,Vanuatu,2012,4.951
VUT,Vanuatu,2011,4.821
VUT,Vanuatu,2010,4.685
VUT,Vanuatu,2009,4.565
VUT,Vanuatu,2008,5.661
VUT,Vanuatu,2007,6.854
VUT,Vanuatu,2006,8.006
VUT,Vanuatu,2005,8.126
VUT,Vanuatu,2004,8.447
VUT,Vanuatu,2003,8.682
VUT,Vanuatu,2002,8.621
VUT,Vanuatu,2001,8.434
VUT,Vanuatu,2000,8.283
VEN,"Venezuela, RB",2024,5.475
VEN,"Venezuela, RB",2023,5.485
VEN,"Venezuela, RB",2022,5.707
VEN,"Venezuela, RB",2021,7.037
VEN,"Venezuela, RB",2020,7.53
VEN,"Venezuela, RB",2019,5.876
VEN,"Venezuela, RB",2018,5.46
VEN,"Venezuela, RB",2017,5.045
VEN,"Venezuela, RB",2016,5.319
VEN,"Venezuela, RB",2015,6.137
VEN,"Venezuela, RB",2014,6.821
VEN,"Venezuela, RB",2013,7.54
VEN,"Venezuela, RB",2012,6.601
VEN,"Venezuela, RB",2011,6.902
VEN,"Venezuela, RB",2010,7.112
VEN,"Venezuela, RB",2009,6.097
VEN,"Venezuela, RB",2008,6.245
VEN,"Venezuela, RB",2007,7.279
VEN,"Venezuela, RB",2006,8.606
VEN,"Venezuela, RB",2005,10.663
VEN,"Venezuela, RB",2004,15.07
VEN,"Venezuela, RB",2003,16.78
VEN,"Venezuela, RB",2002,16.17
VEN,"Venezuela, RB",2001,13.04
VEN,"Venezuela, RB",2000,13.99
VNM,Viet Nam,2024,1.431
VNM,Viet Nam,2023,1.645
VNM,Viet Nam,2022,1.523
VNM,Viet Nam,2021,2.385
VNM,Viet Nam,2020,2.103
VNM,Viet Nam,2019,1.681
VNM,Viet Nam,2018,1.161
VNM,Viet Nam,2017,1.874
VNM,Viet Nam,2016,1.848
VNM,Viet Nam,2015,1.848
VNM,Viet Nam,2014,1.256
VNM,Viet Nam,2013,1.316
VNM,Viet Nam,2012,1.027
VNM,Viet Nam,2011,0.999
VNM,Viet Nam,2010,1.114
VNM,Viet Nam,2009,1.737
VNM,Viet Nam,2008,1.889
VNM,Viet Nam,2007,2.026
VNM,Viet Nam,2006,2.046
VNM,Viet Nam,2005,2.078
VNM,Viet Nam,2004,2.14
VNM,Viet Nam,2003,2.25
VNM,Viet Nam,2002,2.12
VNM,Viet Nam,2001,2.76
VNM,Viet Nam,2000,2.26
VIR,Virgin Islands (U.S.),2024,12.014
VIR,Virgin Islands (U.S.),2023,12.32
VIR,Virgin Islands (U.S.),2022,13.007
VIR,Virgin Islands (U.S.),2021,14.273
VIR,Virgin Islands (U.S.),2020,15.191
VIR,Virgin Islands (U.S.),2019,12.551
VIR,Virgin Islands (U.S.),2018,12.407
VIR,Virgin Islands (U.S.),2017,12.217
VIR,Virgin Islands (U.S.),2016,12.515
VIR,Virgin Islands (U.S.),2015,12.422
VIR,Virgin Islands (U.S.),2014,12.64
VIR,Virgin Islands (U.S.),2013,12.55
VIR,Virgin Islands (U.S.),2012,12.109
VIR,Virgin Islands (U.S.),2011,12.041
VIR,Virgin Islands (U.S.),2010,11.742
VIR,Virgin Islands (U.S.),2009,11.527
VIR,Virgin Islands (U.S.),2008,10.22
VIR,Virgin Islands (U.S.),2007,10.137
VIR,Virgin Islands (U.S.),2006,10.36
VIR,Virgin Islands (U.S.),2005,10.878
VIR,Virgin Islands (U.S.),2004,10.927
VIR,Virgin Islands (U.S.),2003,11.254
VIR,Virgin Islands (U.S.),2002,10.933
VIR,Virgin Islands (U.S.),2001,10.678
VIR,Virgin Islands (U.S.),2000,10.546
PSE,West Bank and Gaza,2024,
PSE,West Bank and Gaza,2023,
PSE,West Bank and Gaza,2022,24.42
PSE,West Bank and Gaza,2021,26.39
PSE,West Bank and Gaza,2020,25.895
PSE,West Bank and Gaza,2019,25.34
PSE,West Bank and Gaza,2018,26.256
PSE,West Bank and Gaza,2017,25.677
PSE,West Bank and Gaza,2016,23.939
PSE,West Bank and Gaza,2015,23.005
PSE,West Bank and Gaza,2014,20.526
PSE,West Bank and Gaza,2013,19.894
PSE,West Bank and Gaza,2012,19.202
PSE,West Bank and Gaza,2011,17.597
PSE,West Bank and Gaza,2010,21.416
PSE,West Bank and Gaza,2009,20.452
PSE,West Bank and Gaza,2008,22.913
PSE,West Bank and Gaza,2007,18.282
PSE,West Bank and Gaza,2006,19.014
PSE,West Bank and Gaza,2005,20.016
PSE,West Bank and Gaza,2004,23.215
PSE,West Bank and Gaza,2003,23.004
PSE,West Bank and Gaza,2002,27.465
PSE,West Bank and Gaza,2001,21.493
PSE,West Bank and Gaza,2000,10.625
YEM,"Yemen, Rep.",2024,17.086
YEM,"Yemen, Rep.",2023,17.091
YEM,"Yemen, Rep.",2022,17.363
YEM,"Yemen, Rep.",2021,18.287
YEM,"Yemen, Rep.",2020,17.953
YEM,"Yemen, Rep.",2019,17.202
YEM,"Yemen, Rep.",2018,17.584
YEM,"Yemen, Rep.",2017,18.603
YEM,"Yemen, Rep.",2016,18.416
YEM,"Yemen, Rep.",2015,17.9
YEM,"Yemen, Rep.",2014,13.467
YEM,"Yemen, Rep.",2013,13.673
YEM,"Yemen, Rep.",2012,13.473
YEM,"Yemen, Rep.",2011,13.311
YEM,"Yemen, Rep.",2010,12.779
YEM,"Yemen, Rep.",2009,12.763
YEM,"Yemen, Rep.",2008,12.657
YEM,"Yemen, Rep.",2007,12.488
YEM,"Yemen, Rep.",2006,12.35
YEM,"Yemen, Rep.",2005,12.215
YEM,"Yemen, Rep.",2004,12.132
YEM,"Yemen, Rep.",2003,12.015
YEM,"Yemen, Rep.",2002,11.84
YEM,"Yemen, Rep.",2001,11.724
YEM,"Yemen, Rep.",2000,11.557
ZMB,Zambia,2024,5.961
ZMB,Zambia,2023,5.905
ZMB,Zambia,2022,5.995
ZMB,Zambia,2021,5.199
ZMB,Zambia,2020,6.033
ZMB,Zambia,2019,5.542
ZMB,Zambia,2018,5.033
ZMB,Zambia,2017,4.529
ZMB,Zambia,2016,5.239
ZMB,Zambia,2015,5.942
ZMB,Zambia,2014,6.571
ZMB,Zambia,2013,7.264
ZMB,Zambia,2012,7.85
ZMB,Zambia,2011,10.545
ZMB,Zambia,2010,13.19
ZMB,Zambia,2009,10.582
ZMB,Zambia,2008,7.93
ZMB,Zambia,2007,10.561
ZMB,Zambia,2006,13.229
ZMB,Zambia,2005,15.9
ZMB,Zambia,2004,15.33
ZMB,Zambia,2003,14.705
ZMB,Zambia,2002,14.131
ZMB,Zambia,2001,13.415
ZMB,Zambia,2000,12.93
ZWE,Zimbabwe,2024,8.554
ZWE,Zimbabwe,2023,8.759
ZWE,Zimbabwe,2022,10.087
ZWE,Zimbabwe,2021,9.54
ZWE,Zimbabwe,2020,8.621
ZWE,Zimbabwe,2019,7.373
ZWE,Zimbabwe,2018,6.793
ZWE,Zimbabwe,2017,6.344
ZWE,Zimbabwe,2016,5.886
ZWE,Zimbabwe,2015,5.377
ZWE,Zimbabwe,2014,4.774
ZWE,Zimbabwe,2013,4.943
ZWE,Zimbabwe,2012,5.061
ZWE,Zimbabwe,2011,5.368
ZWE,Zimbabwe,2010,5.447
ZWE,Zimbabwe,2009,5.453
ZWE,Zimbabwe,2008,5.357
ZWE,Zimbabwe,2007,4.991
ZWE,Zimbabwe,2006,4.759
ZWE,Zimbabwe,2005,4.622
ZWE,Zimbabwe,2004,4.39
ZWE,Zimbabwe,2003,4.735
ZWE,Zimbabwe,2002,5.007
ZWE,Zimbabwe,2001,5.318
ZWE,Zimbabwe,2000,5.684
